Time	Total Time	Instances	Avg	Med	Min	Max	StdDev	Style	Range
27.4%	8.365 s	504	16.596 ms	16.420 ms	15.961 ms	73.867 ms	2.576 ms	PushPop	:{'Module': 'LlamaForCausalLM', 'input_ids': [[100]], 'positions': [[100]]}
1.9%	589.891 ms	504	1.170 ms	1.057 ms	983.588 μs	57.596 ms	2.519 ms	PushPop	:{'Module': 'LlamaForCausalLM.model.layers.0', 'Inputs': [[100], [100, 2048]]}
1.6%	499.684 ms	504	991.436 μs	990.232 μs	934.335 μs	1.326 ms	40.017 μs	PushPop	:{'Module': 'LlamaForCausalLM.model.layers.1', 'Inputs': [[100], [100, 2048], [100, 2048]]}
1.6%	499.390 ms	504	990.853 μs	987.694 μs	925.790 μs	1.850 ms	55.938 μs	PushPop	:{'Module': 'LlamaForCausalLM.model.layers.8', 'Inputs': [[100], [100, 2048], [100, 2048]]}
1.6%	497.430 ms	504	986.963 μs	980.974 μs	919.790 μs	3.114 ms	123.352 μs	PushPop	:{'Module': 'LlamaForCausalLM.model.layers.10', 'Inputs': [[100], [100, 2048], [100, 2048]]}
1.6%	496.791 ms	504	985.696 μs	984.954 μs	927.333 μs	1.464 ms	43.344 μs	PushPop	:{'Module': 'LlamaForCausalLM.model.layers.2', 'Inputs': [[100], [100, 2048], [100, 2048]]}
1.6%	496.288 ms	504	984.699 μs	975.630 μs	923.250 μs	3.388 ms	127.313 μs	PushPop	:{'Module': 'LlamaForCausalLM.model.layers.13', 'Inputs': [[100], [100, 2048], [100, 2048]]}
1.6%	496.285 ms	504	984.692 μs	982.826 μs	921.723 μs	1.353 ms	36.193 μs	PushPop	:{'Module': 'LlamaForCausalLM.model.layers.7', 'Inputs': [[100], [100, 2048], [100, 2048]]}
1.6%	495.786 ms	504	983.703 μs	983.783 μs	921.279 μs	1.295 ms	39.113 μs	PushPop	:{'Module': 'LlamaForCausalLM.model.layers.9', 'Inputs': [[100], [100, 2048], [100, 2048]]}
1.6%	495.590 ms	504	983.313 μs	979.832 μs	928.345 μs	1.472 ms	43.241 μs	PushPop	:{'Module': 'LlamaForCausalLM.model.layers.11', 'Inputs': [[100], [100, 2048], [100, 2048]]}
1.6%	494.876 ms	504	981.896 μs	978.866 μs	923.612 μs	1.865 ms	54.571 μs	PushPop	:{'Module': 'LlamaForCausalLM.model.layers.14', 'Inputs': [[100], [100, 2048], [100, 2048]]}
1.6%	493.972 ms	504	980.102 μs	978.047 μs	925.366 μs	1.749 ms	49.532 μs	PushPop	:{'Module': 'LlamaForCausalLM.model.layers.6', 'Inputs': [[100], [100, 2048], [100, 2048]]}
1.6%	493.967 ms	504	980.093 μs	979.134 μs	925.914 μs	1.400 ms	45.486 μs	PushPop	:{'Module': 'LlamaForCausalLM.model.layers.5', 'Inputs': [[100], [100, 2048], [100, 2048]]}
1.6%	493.853 ms	504	979.867 μs	980.542 μs	929.818 μs	1.182 ms	31.993 μs	PushPop	:{'Module': 'LlamaForCausalLM.model.layers.4', 'Inputs': [[100], [100, 2048], [100, 2048]]}
1.6%	493.634 ms	504	979.433 μs	978.826 μs	926.470 μs	1.370 ms	38.258 μs	PushPop	:{'Module': 'LlamaForCausalLM.model.layers.15', 'Inputs': [[100], [100, 2048], [100, 2048]]}
1.6%	493.509 ms	504	979.184 μs	978.133 μs	925.613 μs	1.119 ms	30.774 μs	PushPop	:{'Module': 'LlamaForCausalLM.model.layers.3', 'Inputs': [[100], [100, 2048], [100, 2048]]}
1.6%	492.689 ms	504	977.557 μs	977.625 μs	925.327 μs	1.413 ms	38.389 μs	PushPop	:{'Module': 'LlamaForCausalLM.model.layers.12', 'Inputs': [[100], [100, 2048], [100, 2048]]}
1.6%	479.534 ms	6	79.922 ms	17.665 ms	17.546 ms	391.044 ms	152.418 ms	PushPop	:{'Module': 'LlamaForCausalLM', 'input_ids': [[8192]], 'positions': [[8192]]}
1.2%	380.386 ms	6	63.398 ms	1.155 ms	1.149 ms	374.540 ms	152.428 ms	PushPop	:{'Module': 'LlamaForCausalLM.model.layers.0', 'Inputs': [[8192], [8192, 2048]]}
1.2%	374.324 ms	6	62.387 ms	307.438 μs	286.531 μs	372.815 ms	152.078 ms	PushPop	:{'Module': 'LlamaForCausalLM.model.layers.0.mlp', 'Inputs': [[8192, 2048]]}
1.2%	370.415 ms	6	61.736 ms	63.666 μs	60.768 μs	370.083 ms	151.059 ms	PushPop	:{'Module': 'LlamaForCausalLM.model.layers.0.mlp.gate_up_proj', 'TrainableParams': {'weight': [16384, 2048]}, 'Inputs': [[8192, 2048]]}
1.1%	344.329 ms	504	683.192 μs	570.083 μs	519.978 μs	56.886 ms	2.509 ms	PushPop	:{'Module': 'LlamaForCausalLM.model.layers.0.self_attn', 'positions': [[100]], 'hidden_states': [[100, 2048]]}
0.9%	273.701 ms	8064	33.941 μs	32.779 μs	30.447 μs	703.871 μs	8.387 μs	PushPop	:{'Module': 'LlamaForCausalLM.model.layers.0.self_attn.rotary_emb', 'Inputs': [[100], [100, 2048], [100, 512]]}
0.9%	267.258 ms	504	530.273 μs	528.360 μs	487.518 μs	815.127 μs	25.149 μs	PushPop	:{'Module': 'LlamaForCausalLM.model.layers.1.self_attn', 'positions': [[100]], 'hidden_states': [[100, 2048]]}
0.9%	265.900 ms	504	527.580 μs	527.179 μs	486.836 μs	872.736 μs	26.063 μs	PushPop	:{'Module': 'LlamaForCausalLM.model.layers.8.self_attn', 'positions': [[100]], 'hidden_states': [[100, 2048]]}
0.9%	265.685 ms	504	527.153 μs	526.051 μs	487.096 μs	882.363 μs	27.060 μs	PushPop	:{'Module': 'LlamaForCausalLM.model.layers.2.self_attn', 'positions': [[100]], 'hidden_states': [[100, 2048]]}
0.9%	265.036 ms	504	525.865 μs	523.230 μs	486.656 μs	915.526 μs	36.278 μs	PushPop	:{'Module': 'LlamaForCausalLM.model.layers.5.self_attn', 'positions': [[100]], 'hidden_states': [[100, 2048]]}
0.9%	264.864 ms	504	525.523 μs	525.226 μs	483.648 μs	822.431 μs	24.928 μs	PushPop	:{'Module': 'LlamaForCausalLM.model.layers.7.self_attn', 'positions': [[100]], 'hidden_states': [[100, 2048]]}
0.9%	264.757 ms	504	525.310 μs	522.650 μs	485.751 μs	2.105 ms	73.231 μs	PushPop	:{'Module': 'LlamaForCausalLM.model.layers.10.self_attn', 'positions': [[100]], 'hidden_states': [[100, 2048]]}
0.9%	264.725 ms	504	525.247 μs	523.791 μs	485.291 μs	659.799 μs	23.151 μs	PushPop	:{'Module': 'LlamaForCausalLM.model.layers.9.self_attn', 'positions': [[100]], 'hidden_states': [[100, 2048]]}
0.9%	264.468 ms	504	524.738 μs	522.155 μs	483.984 μs	1.347 ms	42.406 μs	PushPop	:{'Module': 'LlamaForCausalLM.model.layers.14.self_attn', 'positions': [[100]], 'hidden_states': [[100, 2048]]}
0.9%	264.075 ms	504	523.958 μs	519.515 μs	484.961 μs	1.268 ms	40.981 μs	PushPop	:{'Module': 'LlamaForCausalLM.model.layers.6.self_attn', 'positions': [[100]], 'hidden_states': [[100, 2048]]}
0.9%	263.950 ms	504	523.710 μs	520.126 μs	486.359 μs	1.576 ms	54.445 μs	PushPop	:{'Module': 'LlamaForCausalLM.model.layers.13.self_attn', 'positions': [[100]], 'hidden_states': [[100, 2048]]}
0.9%	263.933 ms	504	523.677 μs	522.662 μs	486.740 μs	611.441 μs	20.536 μs	PushPop	:{'Module': 'LlamaForCausalLM.model.layers.4.self_attn', 'positions': [[100]], 'hidden_states': [[100, 2048]]}
0.9%	263.912 ms	504	523.634 μs	523.466 μs	487.135 μs	638.265 μs	20.351 μs	PushPop	:{'Module': 'LlamaForCausalLM.model.layers.11.self_attn', 'positions': [[100]], 'hidden_states': [[100, 2048]]}
0.9%	263.804 ms	504	523.420 μs	521.407 μs	487.132 μs	698.190 μs	22.205 μs	PushPop	:{'Module': 'LlamaForCausalLM.model.layers.15.self_attn', 'positions': [[100]], 'hidden_states': [[100, 2048]]}
0.9%	263.650 ms	504	523.114 μs	522.328 μs	488.130 μs	596.380 μs	20.009 μs	PushPop	:{'Module': 'LlamaForCausalLM.model.layers.3.self_attn', 'positions': [[100]], 'hidden_states': [[100, 2048]]}
0.9%	263.107 ms	504	522.037 μs	519.506 μs	485.740 μs	949.367 μs	27.668 μs	PushPop	:{'Module': 'LlamaForCausalLM.model.layers.12.self_attn', 'positions': [[100]], 'hidden_states': [[100, 2048]]}
0.5%	140.401 ms	504	278.573 μs	277.383 μs	254.724 μs	433.627 μs	15.563 μs	PushPop	:{'Module': 'LlamaForCausalLM.model.layers.0.mlp', 'Inputs': [[100, 2048]]}
0.5%	138.791 ms	504	275.378 μs	268.034 μs	249.803 μs	2.720 ms	109.987 μs	PushPop	:{'Module': 'LlamaForCausalLM.model.layers.13.mlp', 'Inputs': [[100, 2048]]}
0.5%	138.556 ms	504	274.913 μs	270.223 μs	250.732 μs	1.132 ms	40.978 μs	PushPop	:{'Module': 'LlamaForCausalLM.model.layers.8.mlp', 'Inputs': [[100, 2048]]}
0.5%	138.283 ms	504	274.371 μs	271.645 μs	251.341 μs	493.523 μs	17.011 μs	PushPop	:{'Module': 'LlamaForCausalLM.model.layers.1.mlp', 'Inputs': [[100, 2048]]}
0.5%	137.657 ms	504	273.128 μs	272.770 μs	247.853 μs	329.566 μs	13.706 μs	PushPop	:{'Module': 'LlamaForCausalLM.model.layers.7.mlp', 'Inputs': [[100, 2048]]}
0.5%	137.622 ms	504	273.060 μs	270.820 μs	250.893 μs	593.182 μs	20.880 μs	PushPop	:{'Module': 'LlamaForCausalLM.model.layers.9.mlp', 'Inputs': [[100, 2048]]}
0.5%	137.476 ms	504	272.770 μs	269.306 μs	249.229 μs	803.773 μs	27.872 μs	PushPop	:{'Module': 'LlamaForCausalLM.model.layers.11.mlp', 'Inputs': [[100, 2048]]}
0.5%	137.213 ms	504	272.248 μs	269.617 μs	248.719 μs	787.752 μs	26.567 μs	PushPop	:{'Module': 'LlamaForCausalLM.model.layers.2.mlp', 'Inputs': [[100, 2048]]}
0.5%	137.206 ms	504	272.234 μs	269.787 μs	249.197 μs	500.788 μs	17.688 μs	PushPop	:{'Module': 'LlamaForCausalLM.model.layers.10.mlp', 'Inputs': [[100, 2048]]}
0.4%	136.938 ms	504	271.702 μs	268.373 μs	250.565 μs	352.194 μs	14.488 μs	PushPop	:{'Module': 'LlamaForCausalLM.model.layers.14.mlp', 'Inputs': [[100, 2048]]}
0.4%	136.895 ms	504	271.616 μs	268.928 μs	249.162 μs	322.049 μs	14.308 μs	PushPop	:{'Module': 'LlamaForCausalLM.model.layers.6.mlp', 'Inputs': [[100, 2048]]}
0.4%	136.794 ms	504	271.416 μs	268.351 μs	249.904 μs	356.201 μs	14.303 μs	PushPop	:{'Module': 'LlamaForCausalLM.model.layers.3.mlp', 'Inputs': [[100, 2048]]}
0.4%	136.608 ms	504	271.047 μs	268.885 μs	248.202 μs	334.360 μs	13.277 μs	PushPop	:{'Module': 'LlamaForCausalLM.model.layers.4.mlp', 'Inputs': [[100, 2048]]}
0.4%	136.587 ms	504	271.005 μs	267.593 μs	249.945 μs	333.959 μs	14.219 μs	PushPop	:{'Module': 'LlamaForCausalLM.model.layers.15.mlp', 'Inputs': [[100, 2048]]}
0.4%	136.436 ms	504	270.706 μs	267.975 μs	249.944 μs	446.515 μs	15.496 μs	PushPop	:{'Module': 'LlamaForCausalLM.model.layers.12.mlp', 'Inputs': [[100, 2048]]}
0.4%	135.933 ms	504	269.709 μs	267.623 μs	249.974 μs	317.819 μs	12.817 μs	PushPop	:{'Module': 'LlamaForCausalLM.model.layers.5.mlp', 'Inputs': [[100, 2048]]}
0.3%	101.853 ms	504	202.089 μs	201.231 μs	180.193 μs	260.292 μs	12.243 μs	PushPop	:{'Module': 'LlamaForCausalLM.model.layers.0.self_attn.attn', 'Inputs': [[100, 2048], [100, 512], [100, 512]]}
0.3%	96.611 ms	504	191.689 μs	189.807 μs	174.969 μs	283.193 μs	11.958 μs	PushPop	:{'Module': 'LlamaForCausalLM.model.layers.1.self_attn.attn', 'Inputs': [[100, 2048], [100, 512], [100, 512]]}
0.3%	95.695 ms	504	189.870 μs	188.528 μs	174.964 μs	241.769 μs	10.215 μs	PushPop	:{'Module': 'LlamaForCausalLM.model.layers.8.self_attn.attn', 'Inputs': [[100, 2048], [100, 512], [100, 512]]}
0.3%	95.665 ms	504	189.811 μs	187.469 μs	173.794 μs	434.377 μs	15.353 μs	PushPop	:{'Module': 'LlamaForCausalLM.model.layers.7.self_attn.attn', 'Inputs': [[100, 2048], [100, 512], [100, 512]]}
0.3%	95.599 ms	504	189.679 μs	188.227 μs	174.669 μs	232.250 μs	10.287 μs	PushPop	:{'Module': 'LlamaForCausalLM.model.layers.2.self_attn.attn', 'Inputs': [[100, 2048], [100, 512], [100, 512]]}
0.3%	95.590 ms	504	189.662 μs	186.380 μs	173.921 μs	911.274 μs	34.118 μs	PushPop	:{'Module': 'LlamaForCausalLM.model.layers.14.self_attn.attn', 'Inputs': [[100, 2048], [100, 512], [100, 512]]}
0.3%	95.408 ms	504	189.302 μs	186.897 μs	174.237 μs	284.375 μs	11.886 μs	PushPop	:{'Module': 'LlamaForCausalLM.model.layers.9.self_attn.attn', 'Inputs': [[100, 2048], [100, 512], [100, 512]]}
0.3%	95.278 ms	504	189.044 μs	187.499 μs	174.459 μs	238.282 μs	10.268 μs	PushPop	:{'Module': 'LlamaForCausalLM.model.layers.4.self_attn.attn', 'Inputs': [[100, 2048], [100, 512], [100, 512]]}
0.3%	95.125 ms	504	188.739 μs	187.136 μs	173.977 μs	239.893 μs	10.547 μs	PushPop	:{'Module': 'LlamaForCausalLM.model.layers.5.self_attn.attn', 'Inputs': [[100, 2048], [100, 512], [100, 512]]}
0.3%	95.076 ms	504	188.643 μs	186.709 μs	174.298 μs	361.810 μs	12.955 μs	PushPop	:{'Module': 'LlamaForCausalLM.model.layers.15.self_attn.attn', 'Inputs': [[100, 2048], [100, 512], [100, 512]]}
0.3%	95.027 ms	504	188.546 μs	186.419 μs	173.423 μs	231.059 μs	11.204 μs	PushPop	:{'Module': 'LlamaForCausalLM.model.layers.6.self_attn.attn', 'Inputs': [[100, 2048], [100, 512], [100, 512]]}
0.3%	94.870 ms	504	188.234 μs	185.501 μs	173.774 μs	261.241 μs	10.572 μs	PushPop	:{'Module': 'LlamaForCausalLM.model.layers.11.self_attn.attn', 'Inputs': [[100, 2048], [100, 512], [100, 512]]}
0.3%	94.863 ms	504	188.220 μs	186.116 μs	174.746 μs	243.665 μs	10.371 μs	PushPop	:{'Module': 'LlamaForCausalLM.model.layers.3.self_attn.attn', 'Inputs': [[100, 2048], [100, 512], [100, 512]]}
0.3%	94.774 ms	504	188.043 μs	184.942 μs	173.910 μs	499.623 μs	18.774 μs	PushPop	:{'Module': 'LlamaForCausalLM.model.layers.13.self_attn.attn', 'Inputs': [[100, 2048], [100, 512], [100, 512]]}
0.3%	94.756 ms	504	188.007 μs	185.958 μs	173.949 μs	235.121 μs	9.885 μs	PushPop	:{'Module': 'LlamaForCausalLM.model.layers.10.self_attn.attn', 'Inputs': [[100, 2048], [100, 512], [100, 512]]}
0.3%	94.398 ms	504	187.297 μs	185.764 μs	174.507 μs	221.687 μs	9.522 μs	PushPop	:{'Module': 'LlamaForCausalLM.model.layers.12.self_attn.attn', 'Inputs': [[100, 2048], [100, 512], [100, 512]]}
0.3%	91.005 ms	504	180.565 μs	67.130 μs	63.289 μs	56.269 ms	2.503 ms	PushPop	:{'Module': 'LlamaForCausalLM.model.layers.0.self_attn.o_proj', 'TrainableParams': {'weight': [2048, 2048]}, 'Inputs': [[100, 2048]]}
0.2%	73.632 ms	1	73.632 ms	73.632 ms	73.632 ms	73.632 ms	0 ns	PushPop	:{'Module': 'LlamaForCausalLM', 'input_ids': [[16]], 'positions': [[16]]}
0.2%	50.841 ms	504	100.875 μs	99.733 μs	86.139 μs	137.426 μs	8.741 μs	PushPop	:{'Module': 'LlamaForCausalLM.model.embed_tokens', 'TrainableParams': {'weight': [128256, 2048]}, 'Inputs': [[100]]}
0.2%	46.909 ms	1	46.909 ms	46.909 ms	46.909 ms	46.909 ms	0 ns	PushPop	:{'Module': 'LlamaForCausalLM.model.embed_tokens', 'TrainableParams': {'weight': [128256, 2048]}, 'Inputs': [[16]]}
0.1%	36.694 ms	504	72.805 μs	70.679 μs	66.242 μs	115.174 μs	6.187 μs	PushPop	:{'Module': 'LlamaForCausalLM.model.layers.0.self_attn.qkv_proj', 'TrainableParams': {'weight': [3072, 2048]}, 'Inputs': [[100, 2048]]}
0.1%	33.797 ms	504	67.058 μs	64.402 μs	60.918 μs	449.487 μs	17.934 μs	PushPop	:{'Module': 'LlamaForCausalLM.model.layers.5.self_attn.o_proj', 'TrainableParams': {'weight': [2048, 2048]}, 'Inputs': [[100, 2048]]}
0.1%	33.712 ms	504	66.887 μs	64.502 μs	60.673 μs	400.286 μs	15.991 μs	PushPop	:{'Module': 'LlamaForCausalLM.model.layers.8.self_attn.o_proj', 'TrainableParams': {'weight': [2048, 2048]}, 'Inputs': [[100, 2048]]}
0.1%	33.703 ms	504	66.871 μs	65.068 μs	61.424 μs	100.329 μs	5.319 μs	PushPop	:{'Module': 'LlamaForCausalLM.model.layers.1.self_attn.o_proj', 'TrainableParams': {'weight': [2048, 2048]}, 'Inputs': [[100, 2048]]}
0.1%	33.660 ms	504	66.784 μs	64.177 μs	60.392 μs	486.703 μs	19.510 μs	PushPop	:{'Module': 'LlamaForCausalLM.model.layers.12.self_attn.o_proj', 'TrainableParams': {'weight': [2048, 2048]}, 'Inputs': [[100, 2048]]}
0.1%	33.545 ms	504	66.557 μs	64.316 μs	60.717 μs	278.068 μs	10.973 μs	PushPop	:{'Module': 'LlamaForCausalLM.model.layers.6.self_attn.o_proj', 'TrainableParams': {'weight': [2048, 2048]}, 'Inputs': [[100, 2048]]}
0.1%	33.533 ms	504	66.533 μs	64.414 μs	60.624 μs	112.206 μs	6.307 μs	PushPop	:{'Module': 'LlamaForCausalLM.model.layers.15.self_attn.o_proj', 'TrainableParams': {'weight': [2048, 2048]}, 'Inputs': [[100, 2048]]}
0.1%	33.428 ms	504	66.326 μs	64.136 μs	60.885 μs	168.919 μs	7.283 μs	PushPop	:{'Module': 'LlamaForCausalLM.model.layers.13.self_attn.o_proj', 'TrainableParams': {'weight': [2048, 2048]}, 'Inputs': [[100, 2048]]}
0.1%	33.427 ms	504	66.323 μs	64.381 μs	60.670 μs	125.533 μs	6.068 μs	PushPop	:{'Module': 'LlamaForCausalLM.model.layers.14.self_attn.o_proj', 'TrainableParams': {'weight': [2048, 2048]}, 'Inputs': [[100, 2048]]}
0.1%	33.366 ms	504	66.202 μs	64.552 μs	60.598 μs	91.103 μs	5.366 μs	PushPop	:{'Module': 'LlamaForCausalLM.model.layers.7.self_attn.o_proj', 'TrainableParams': {'weight': [2048, 2048]}, 'Inputs': [[100, 2048]]}
0.1%	33.291 ms	504	66.054 μs	64.512 μs	61.080 μs	93.034 μs	5.209 μs	PushPop	:{'Module': 'LlamaForCausalLM.model.layers.4.self_attn.o_proj', 'TrainableParams': {'weight': [2048, 2048]}, 'Inputs': [[100, 2048]]}
0.1%	33.272 ms	504	66.015 μs	64.553 μs	60.941 μs	123.086 μs	5.374 μs	PushPop	:{'Module': 'LlamaForCausalLM.model.layers.2.self_attn.o_proj', 'TrainableParams': {'weight': [2048, 2048]}, 'Inputs': [[100, 2048]]}
0.1%	33.265 ms	504	66.001 μs	64.288 μs	60.981 μs	92.531 μs	5.369 μs	PushPop	:{'Module': 'LlamaForCausalLM.model.layers.3.self_attn.o_proj', 'TrainableParams': {'weight': [2048, 2048]}, 'Inputs': [[100, 2048]]}
0.1%	33.262 ms	504	65.996 μs	64.111 μs	60.732 μs	105.596 μs	5.709 μs	PushPop	:{'Module': 'LlamaForCausalLM.model.layers.11.self_attn.o_proj', 'TrainableParams': {'weight': [2048, 2048]}, 'Inputs': [[100, 2048]]}
0.1%	33.171 ms	504	65.815 μs	64.158 μs	60.590 μs	127.148 μs	5.783 μs	PushPop	:{'Module': 'LlamaForCausalLM.model.layers.9.self_attn.o_proj', 'TrainableParams': {'weight': [2048, 2048]}, 'Inputs': [[100, 2048]]}
0.1%	33.117 ms	504	65.707 μs	64.170 μs	60.313 μs	99.183 μs	5.161 μs	PushPop	:{'Module': 'LlamaForCausalLM.model.layers.10.self_attn.o_proj', 'TrainableParams': {'weight': [2048, 2048]}, 'Inputs': [[100, 2048]]}
0.1%	31.638 ms	505	62.648 μs	61.143 μs	57.864 μs	101.007 μs	5.482 μs	PushPop	:{'Module': 'LlamaForCausalLM.logits_processor', 'Inputs': [[100, 2048]]}
0.1%	31.313 ms	504	62.129 μs	60.384 μs	56.233 μs	87.422 μs	5.420 μs	PushPop	:{'Module': 'LlamaForCausalLM.model.layers.8.self_attn.qkv_proj', 'TrainableParams': {'weight': [3072, 2048]}, 'Inputs': [[100, 2048]]}
0.1%	31.291 ms	504	62.085 μs	60.647 μs	56.639 μs	85.487 μs	4.770 μs	PushPop	:{'Module': 'LlamaForCausalLM.model.layers.1.self_attn.qkv_proj', 'TrainableParams': {'weight': [3072, 2048]}, 'Inputs': [[100, 2048]]}
0.1%	31.279 ms	504	62.061 μs	60.193 μs	56.325 μs	110.499 μs	6.304 μs	PushPop	:{'Module': 'LlamaForCausalLM.model.layers.2.self_attn.qkv_proj', 'TrainableParams': {'weight': [3072, 2048]}, 'Inputs': [[100, 2048]]}
0.1%	31.264 ms	504	62.031 μs	60.288 μs	55.578 μs	86.823 μs	5.206 μs	PushPop	:{'Module': 'LlamaForCausalLM.model.layers.9.self_attn.qkv_proj', 'TrainableParams': {'weight': [3072, 2048]}, 'Inputs': [[100, 2048]]}
0.1%	31.236 ms	504	61.977 μs	60.186 μs	55.862 μs	99.458 μs	5.800 μs	PushPop	:{'Module': 'LlamaForCausalLM.model.layers.7.self_attn.qkv_proj', 'TrainableParams': {'weight': [3072, 2048]}, 'Inputs': [[100, 2048]]}
0.1%	31.137 ms	504	61.780 μs	59.942 μs	55.983 μs	108.352 μs	5.740 μs	PushPop	:{'Module': 'LlamaForCausalLM.model.layers.5.self_attn.qkv_proj', 'TrainableParams': {'weight': [3072, 2048]}, 'Inputs': [[100, 2048]]}
0.1%	31.118 ms	504	61.741 μs	60.011 μs	56.495 μs	88.875 μs	5.094 μs	PushPop	:{'Module': 'LlamaForCausalLM.model.layers.11.self_attn.qkv_proj', 'TrainableParams': {'weight': [3072, 2048]}, 'Inputs': [[100, 2048]]}
0.1%	31.059 ms	504	61.624 μs	59.901 μs	56.198 μs	88.728 μs	5.308 μs	PushPop	:{'Module': 'LlamaForCausalLM.model.layers.4.self_attn.qkv_proj', 'TrainableParams': {'weight': [3072, 2048]}, 'Inputs': [[100, 2048]]}
0.1%	31.059 ms	504	61.624 μs	59.897 μs	56.399 μs	96.154 μs	5.457 μs	PushPop	:{'Module': 'LlamaForCausalLM.model.layers.10.self_attn.qkv_proj', 'TrainableParams': {'weight': [3072, 2048]}, 'Inputs': [[100, 2048]]}
0.1%	31.035 ms	504	61.578 μs	59.918 μs	56.075 μs	89.969 μs	5.168 μs	PushPop	:{'Module': 'LlamaForCausalLM.model.layers.3.self_attn.qkv_proj', 'TrainableParams': {'weight': [3072, 2048]}, 'Inputs': [[100, 2048]]}
0.1%	31.017 ms	504	61.542 μs	59.850 μs	55.919 μs	96.925 μs	5.223 μs	PushPop	:{'Module': 'LlamaForCausalLM.model.layers.6.self_attn.qkv_proj', 'TrainableParams': {'weight': [3072, 2048]}, 'Inputs': [[100, 2048]]}
0.1%	30.982 ms	504	61.472 μs	59.969 μs	56.016 μs	87.235 μs	5.227 μs	PushPop	:{'Module': 'LlamaForCausalLM.model.layers.12.self_attn.qkv_proj', 'TrainableParams': {'weight': [3072, 2048]}, 'Inputs': [[100, 2048]]}
0.1%	30.964 ms	504	61.435 μs	59.674 μs	55.920 μs	102.663 μs	5.612 μs	PushPop	:{'Module': 'LlamaForCausalLM.model.layers.14.self_attn.qkv_proj', 'TrainableParams': {'weight': [3072, 2048]}, 'Inputs': [[100, 2048]]}
0.1%	30.853 ms	504	61.215 μs	59.571 μs	56.300 μs	97.138 μs	5.335 μs	PushPop	:{'Module': 'LlamaForCausalLM.model.layers.13.self_attn.qkv_proj', 'TrainableParams': {'weight': [3072, 2048]}, 'Inputs': [[100, 2048]]}
0.1%	30.755 ms	504	61.021 μs	59.784 μs	56.124 μs	85.733 μs	4.683 μs	PushPop	:{'Module': 'LlamaForCausalLM.model.layers.15.self_attn.qkv_proj', 'TrainableParams': {'weight': [3072, 2048]}, 'Inputs': [[100, 2048]]}
0.1%	29.943 ms	504	59.410 μs	57.754 μs	53.912 μs	100.718 μs	5.414 μs	PushPop	:{'Module': 'LlamaForCausalLM.model.layers.0.mlp.down_proj', 'TrainableParams': {'weight': [2048, 8192]}, 'Inputs': [[100, 8192]]}
0.1%	29.522 ms	504	58.575 μs	56.984 μs	53.046 μs	92.781 μs	5.400 μs	PushPop	:{'Module': 'LlamaForCausalLM.model.layers.1.mlp.down_proj', 'TrainableParams': {'weight': [2048, 8192]}, 'Inputs': [[100, 8192]]}
0.1%	29.479 ms	504	58.491 μs	56.504 μs	52.481 μs	98.653 μs	6.103 μs	PushPop	:{'Module': 'LlamaForCausalLM.model.layers.3.mlp.down_proj', 'TrainableParams': {'weight': [2048, 8192]}, 'Inputs': [[100, 8192]]}
0.1%	29.456 ms	504	58.444 μs	56.686 μs	52.666 μs	86.287 μs	5.434 μs	PushPop	:{'Module': 'LlamaForCausalLM.model.layers.7.mlp.down_proj', 'TrainableParams': {'weight': [2048, 8192]}, 'Inputs': [[100, 8192]]}
0.1%	29.413 ms	504	58.358 μs	56.454 μs	52.634 μs	96.874 μs	5.830 μs	PushPop	:{'Module': 'LlamaForCausalLM.model.layers.2.mlp.down_proj', 'TrainableParams': {'weight': [2048, 8192]}, 'Inputs': [[100, 8192]]}
0.1%	29.382 ms	504	58.298 μs	56.469 μs	52.690 μs	83.922 μs	5.424 μs	PushPop	:{'Module': 'LlamaForCausalLM.model.layers.14.mlp.down_proj', 'TrainableParams': {'weight': [2048, 8192]}, 'Inputs': [[100, 8192]]}
0.1%	29.351 ms	504	58.236 μs	56.543 μs	52.672 μs	87.524 μs	5.606 μs	PushPop	:{'Module': 'LlamaForCausalLM.model.layers.4.mlp.down_proj', 'TrainableParams': {'weight': [2048, 8192]}, 'Inputs': [[100, 8192]]}
0.1%	29.339 ms	504	58.212 μs	56.495 μs	52.946 μs	100.752 μs	5.677 μs	PushPop	:{'Module': 'LlamaForCausalLM.model.layers.8.mlp.down_proj', 'TrainableParams': {'weight': [2048, 8192]}, 'Inputs': [[100, 8192]]}
0.1%	29.335 ms	504	58.204 μs	56.296 μs	52.657 μs	144.368 μs	6.485 μs	PushPop	:{'Module': 'LlamaForCausalLM.model.layers.11.mlp.down_proj', 'TrainableParams': {'weight': [2048, 8192]}, 'Inputs': [[100, 8192]]}
0.1%	29.333 ms	504	58.200 μs	56.413 μs	52.944 μs	85.600 μs	5.339 μs	PushPop	:{'Module': 'LlamaForCausalLM.model.layers.6.mlp.down_proj', 'TrainableParams': {'weight': [2048, 8192]}, 'Inputs': [[100, 8192]]}
0.1%	29.284 ms	504	58.103 μs	56.473 μs	52.757 μs	111.912 μs	5.819 μs	PushPop	:{'Module': 'LlamaForCausalLM.model.layers.13.mlp.down_proj', 'TrainableParams': {'weight': [2048, 8192]}, 'Inputs': [[100, 8192]]}
0.1%	29.251 ms	504	58.037 μs	56.364 μs	52.519 μs	85.604 μs	5.254 μs	PushPop	:{'Module': 'LlamaForCausalLM.model.layers.10.mlp.down_proj', 'TrainableParams': {'weight': [2048, 8192]}, 'Inputs': [[100, 8192]]}
0.1%	29.152 ms	504	57.841 μs	56.377 μs	52.669 μs	83.531 μs	4.854 μs	PushPop	:{'Module': 'LlamaForCausalLM.model.layers.15.mlp.down_proj', 'TrainableParams': {'weight': [2048, 8192]}, 'Inputs': [[100, 8192]]}
0.1%	29.130 ms	504	57.796 μs	56.229 μs	52.794 μs	92.444 μs	5.271 μs	PushPop	:{'Module': 'LlamaForCausalLM.model.layers.12.mlp.down_proj', 'TrainableParams': {'weight': [2048, 8192]}, 'Inputs': [[100, 8192]]}
0.1%	29.110 ms	504	57.758 μs	56.261 μs	52.791 μs	77.978 μs	4.756 μs	PushPop	:{'Module': 'LlamaForCausalLM.model.layers.9.mlp.down_proj', 'TrainableParams': {'weight': [2048, 8192]}, 'Inputs': [[100, 8192]]}
0.1%	29.060 ms	504	57.658 μs	56.265 μs	52.801 μs	86.996 μs	5.000 μs	PushPop	:{'Module': 'LlamaForCausalLM.model.layers.5.mlp.down_proj', 'TrainableParams': {'weight': [2048, 8192]}, 'Inputs': [[100, 8192]]}
0.1%	28.779 ms	504	57.100 μs	55.354 μs	51.372 μs	113.403 μs	5.931 μs	PushPop	:{'Module': 'LlamaForCausalLM.model.layers.0.mlp.gate_up_proj', 'TrainableParams': {'weight': [16384, 2048]}, 'Inputs': [[100, 2048]]}
0.1%	28.228 ms	504	56.007 μs	53.818 μs	49.903 μs	311.894 μs	12.598 μs	PushPop	:{'Module': 'LlamaForCausalLM.model.layers.9.mlp.gate_up_proj', 'TrainableParams': {'weight': [16384, 2048]}, 'Inputs': [[100, 2048]]}
0.1%	28.194 ms	504	55.940 μs	53.652 μs	49.656 μs	276.562 μs	11.370 μs	PushPop	:{'Module': 'LlamaForCausalLM.model.layers.10.mlp.gate_up_proj', 'TrainableParams': {'weight': [16384, 2048]}, 'Inputs': [[100, 2048]]}
0.1%	28.076 ms	504	55.706 μs	53.930 μs	50.044 μs	84.346 μs	5.430 μs	PushPop	:{'Module': 'LlamaForCausalLM.model.layers.7.mlp.gate_up_proj', 'TrainableParams': {'weight': [16384, 2048]}, 'Inputs': [[100, 2048]]}
0.1%	28.068 ms	504	55.690 μs	53.641 μs	49.707 μs	538.362 μs	21.954 μs	PushPop	:{'Module': 'LlamaForCausalLM.model.layers.2.mlp.gate_up_proj', 'TrainableParams': {'weight': [16384, 2048]}, 'Inputs': [[100, 2048]]}
0.1%	28.040 ms	504	55.634 μs	53.970 μs	50.000 μs	108.215 μs	5.418 μs	PushPop	:{'Module': 'LlamaForCausalLM.model.layers.8.mlp.gate_up_proj', 'TrainableParams': {'weight': [16384, 2048]}, 'Inputs': [[100, 2048]]}
0.1%	27.956 ms	504	55.467 μs	53.754 μs	50.105 μs	98.593 μs	5.237 μs	PushPop	:{'Module': 'LlamaForCausalLM.model.layers.11.mlp.gate_up_proj', 'TrainableParams': {'weight': [16384, 2048]}, 'Inputs': [[100, 2048]]}
0.1%	27.953 ms	504	55.461 μs	53.703 μs	49.754 μs	83.448 μs	5.324 μs	PushPop	:{'Module': 'LlamaForCausalLM.model.layers.15.mlp.gate_up_proj', 'TrainableParams': {'weight': [16384, 2048]}, 'Inputs': [[100, 2048]]}
0.1%	27.923 ms	504	55.402 μs	54.019 μs	50.274 μs	97.042 μs	4.735 μs	PushPop	:{'Module': 'LlamaForCausalLM.model.layers.1.mlp.gate_up_proj', 'TrainableParams': {'weight': [16384, 2048]}, 'Inputs': [[100, 2048]]}
0.1%	27.860 ms	504	55.277 μs	53.487 μs	50.031 μs	216.102 μs	8.671 μs	PushPop	:{'Module': 'LlamaForCausalLM.model.layers.12.mlp.gate_up_proj', 'TrainableParams': {'weight': [16384, 2048]}, 'Inputs': [[100, 2048]]}
0.1%	27.854 ms	504	55.265 μs	53.597 μs	49.802 μs	80.679 μs	5.298 μs	PushPop	:{'Module': 'LlamaForCausalLM.model.layers.6.mlp.gate_up_proj', 'TrainableParams': {'weight': [16384, 2048]}, 'Inputs': [[100, 2048]]}
0.1%	27.849 ms	504	55.256 μs	53.549 μs	49.770 μs	91.037 μs	5.688 μs	PushPop	:{'Module': 'LlamaForCausalLM.model.layers.14.mlp.gate_up_proj', 'TrainableParams': {'weight': [16384, 2048]}, 'Inputs': [[100, 2048]]}
0.1%	27.766 ms	504	55.091 μs	53.380 μs	50.036 μs	87.049 μs	5.161 μs	PushPop	:{'Module': 'LlamaForCausalLM.model.layers.5.mlp.gate_up_proj', 'TrainableParams': {'weight': [16384, 2048]}, 'Inputs': [[100, 2048]]}
0.1%	27.761 ms	504	55.081 μs	53.289 μs	49.686 μs	86.024 μs	5.231 μs	PushPop	:{'Module': 'LlamaForCausalLM.model.layers.13.mlp.gate_up_proj', 'TrainableParams': {'weight': [16384, 2048]}, 'Inputs': [[100, 2048]]}
0.1%	27.599 ms	504	54.759 μs	53.488 μs	49.810 μs	78.296 μs	4.656 μs	PushPop	:{'Module': 'LlamaForCausalLM.model.layers.4.mlp.gate_up_proj', 'TrainableParams': {'weight': [16384, 2048]}, 'Inputs': [[100, 2048]]}
0.1%	27.557 ms	504	54.677 μs	53.555 μs	49.859 μs	100.889 μs	4.431 μs	PushPop	:{'Module': 'LlamaForCausalLM.model.layers.3.mlp.gate_up_proj', 'TrainableParams': {'weight': [16384, 2048]}, 'Inputs': [[100, 2048]]}
0.1%	25.032 ms	504	49.667 μs	43.556 μs	41.070 μs	2.397 ms	104.882 μs	PushPop	:{'Module': 'LlamaForCausalLM.model.layers.13.mlp.act_fn', 'Inputs': [[100, 16384]]}
0.1%	23.613 ms	504	46.851 μs	43.785 μs	41.183 μs	800.577 μs	33.987 μs	PushPop	:{'Module': 'LlamaForCausalLM.model.layers.8.mlp.act_fn', 'Inputs': [[100, 16384]]}
0.1%	23.329 ms	504	46.287 μs	44.751 μs	41.961 μs	77.554 μs	4.488 μs	PushPop	:{'Module': 'LlamaForCausalLM.model.layers.0.input_layernorm', 'TrainableParams': {'weight': [2048]}, 'Inputs': [[100, 2048]]}
0.1%	23.146 ms	504	45.923 μs	44.791 μs	41.675 μs	72.887 μs	4.329 μs	PushPop	:{'Module': 'LlamaForCausalLM.model.layers.0.mlp.act_fn', 'Inputs': [[100, 16384]]}
0.1%	22.977 ms	504	45.589 μs	44.153 μs	41.094 μs	72.268 μs	4.675 μs	PushPop	:{'Module': 'LlamaForCausalLM.model.layers.1.mlp.act_fn', 'Inputs': [[100, 16384]]}
0.1%	22.720 ms	504	45.079 μs	43.651 μs	41.016 μs	67.321 μs	4.570 μs	PushPop	:{'Module': 'LlamaForCausalLM.model.layers.9.mlp.act_fn', 'Inputs': [[100, 16384]]}
0.1%	22.662 ms	504	44.964 μs	43.825 μs	41.118 μs	70.557 μs	4.543 μs	PushPop	:{'Module': 'LlamaForCausalLM.model.layers.4.mlp.act_fn', 'Inputs': [[100, 16384]]}
0.1%	22.612 ms	504	44.864 μs	43.623 μs	41.148 μs	69.884 μs	4.404 μs	PushPop	:{'Module': 'LlamaForCausalLM.model.layers.11.mlp.act_fn', 'Inputs': [[100, 16384]]}
0.1%	22.607 ms	504	44.854 μs	43.727 μs	41.235 μs	64.015 μs	4.147 μs	PushPop	:{'Module': 'LlamaForCausalLM.model.layers.6.mlp.act_fn', 'Inputs': [[100, 16384]]}
0.1%	22.605 ms	504	44.851 μs	43.502 μs	40.846 μs	78.352 μs	4.536 μs	PushPop	:{'Module': 'LlamaForCausalLM.model.layers.12.mlp.act_fn', 'Inputs': [[100, 16384]]}
0.1%	22.593 ms	504	44.827 μs	43.553 μs	40.879 μs	74.184 μs	4.469 μs	PushPop	:{'Module': 'LlamaForCausalLM.model.layers.14.mlp.act_fn', 'Inputs': [[100, 16384]]}
0.1%	22.585 ms	504	44.811 μs	43.657 μs	41.350 μs	71.910 μs	4.343 μs	PushPop	:{'Module': 'LlamaForCausalLM.model.layers.10.mlp.act_fn', 'Inputs': [[100, 16384]]}
0.1%	22.580 ms	504	44.800 μs	43.964 μs	40.925 μs	67.540 μs	3.774 μs	PushPop	:{'Module': 'LlamaForCausalLM.model.layers.7.mlp.act_fn', 'Inputs': [[100, 16384]]}
0.1%	22.564 ms	504	44.770 μs	43.669 μs	41.276 μs	61.449 μs	3.902 μs	PushPop	:{'Module': 'LlamaForCausalLM.model.layers.2.mlp.act_fn', 'Inputs': [[100, 16384]]}
0.1%	22.539 ms	504	44.720 μs	43.408 μs	40.763 μs	73.099 μs	4.440 μs	PushPop	:{'Module': 'LlamaForCausalLM.model.layers.15.mlp.act_fn', 'Inputs': [[100, 16384]]}
0.1%	22.538 ms	504	44.719 μs	43.646 μs	41.214 μs	76.689 μs	4.327 μs	PushPop	:{'Module': 'LlamaForCausalLM.model.layers.3.mlp.act_fn', 'Inputs': [[100, 16384]]}
0.1%	22.504 ms	504	44.651 μs	43.458 μs	41.308 μs	64.399 μs	3.832 μs	PushPop	:{'Module': 'LlamaForCausalLM.model.layers.5.mlp.act_fn', 'Inputs': [[100, 16384]]}
0.1%	22.432 ms	1	22.432 ms	22.432 ms	22.432 ms	22.432 ms	0 ns	PushPop	:{'Module': 'LlamaForCausalLM', 'input_ids': [[512]], 'positions': [[512]]}
0.1%	18.736 ms	504	37.174 μs	32.113 μs	30.384 μs	2.064 ms	90.561 μs	PushPop	:{'Module': 'LlamaForCausalLM.model.layers.10.post_attention_layernorm', 'TrainableParams': {'weight': [2048]}, 'Inputs': [[100, 2048], [100, 2048]]}
0.1%	17.822 ms	1	17.822 ms	17.822 ms	17.822 ms	17.822 ms	0 ns	PushPop	:{'Module': 'LlamaForCausalLM', 'input_ids': [[1873]], 'positions': [[1873]]}
0.1%	17.364 ms	504	34.452 μs	32.028 μs	30.431 μs	673.522 μs	28.820 μs	PushPop	:{'Module': 'LlamaForCausalLM.model.layers.13.post_attention_layernorm', 'TrainableParams': {'weight': [2048]}, 'Inputs': [[100, 2048], [100, 2048]]}
0.1%	17.348 ms	1	17.348 ms	17.348 ms	17.348 ms	17.348 ms	0 ns	PushPop	:{'Module': 'LlamaForCausalLM', 'input_ids': [[99]], 'positions': [[99]]}
0.1%	17.218 ms	504	34.163 μs	33.137 μs	31.139 μs	59.511 μs	3.876 μs	PushPop	:{'Module': 'LlamaForCausalLM.model.layers.0.post_attention_layernorm', 'TrainableParams': {'weight': [2048]}, 'Inputs': [[100, 2048], [100, 2048]]}
0.1%	17.201 ms	1	17.201 ms	17.201 ms	17.201 ms	17.201 ms	0 ns	PushPop	:{'Module': 'LlamaForCausalLM', 'input_ids': [[52]], 'positions': [[52]]}
0.1%	17.126 ms	1	17.126 ms	17.126 ms	17.126 ms	17.126 ms	0 ns	PushPop	:{'Module': 'LlamaForCausalLM', 'input_ids': [[256]], 'positions': [[256]]}
0.1%	16.998 ms	1	16.998 ms	16.998 ms	16.998 ms	16.998 ms	0 ns	PushPop	:{'Module': 'LlamaForCausalLM', 'input_ids': [[68]], 'positions': [[68]]}
0.1%	16.925 ms	1	16.925 ms	16.925 ms	16.925 ms	16.925 ms	0 ns	PushPop	:{'Module': 'LlamaForCausalLM', 'input_ids': [[84]], 'positions': [[84]]}
0.1%	16.902 ms	504	33.535 μs	32.490 μs	30.356 μs	79.517 μs	4.175 μs	PushPop	:{'Module': 'LlamaForCausalLM.model.layers.1.post_attention_layernorm', 'TrainableParams': {'weight': [2048]}, 'Inputs': [[100, 2048], [100, 2048]]}
0.1%	16.800 ms	504	33.332 μs	32.357 μs	30.345 μs	55.195 μs	3.846 μs	PushPop	:{'Module': 'LlamaForCausalLM.model.layers.8.post_attention_layernorm', 'TrainableParams': {'weight': [2048]}, 'Inputs': [[100, 2048], [100, 2048]]}
0.1%	16.765 ms	504	33.264 μs	32.198 μs	30.280 μs	54.272 μs	3.580 μs	PushPop	:{'Module': 'LlamaForCausalLM.model.layers.9.post_attention_layernorm', 'TrainableParams': {'weight': [2048]}, 'Inputs': [[100, 2048], [100, 2048]]}
0.1%	16.762 ms	504	33.258 μs	32.156 μs	30.303 μs	71.613 μs	4.271 μs	PushPop	:{'Module': 'LlamaForCausalLM.model.layers.15.post_attention_layernorm', 'TrainableParams': {'weight': [2048]}, 'Inputs': [[100, 2048], [100, 2048]]}
0.1%	16.756 ms	504	33.245 μs	32.251 μs	30.237 μs	58.322 μs	3.833 μs	PushPop	:{'Module': 'LlamaForCausalLM.model.layers.4.post_attention_layernorm', 'TrainableParams': {'weight': [2048]}, 'Inputs': [[100, 2048], [100, 2048]]}
0.1%	16.752 ms	504	33.238 μs	32.286 μs	30.402 μs	62.439 μs	3.777 μs	PushPop	:{'Module': 'LlamaForCausalLM.model.layers.7.post_attention_layernorm', 'TrainableParams': {'weight': [2048]}, 'Inputs': [[100, 2048], [100, 2048]]}
0.1%	16.700 ms	504	33.135 μs	32.235 μs	30.394 μs	56.194 μs	3.466 μs	PushPop	:{'Module': 'LlamaForCausalLM.model.layers.2.post_attention_layernorm', 'TrainableParams': {'weight': [2048]}, 'Inputs': [[100, 2048], [100, 2048]]}
0.1%	16.695 ms	504	33.124 μs	32.110 μs	30.352 μs	51.788 μs	3.606 μs	PushPop	:{'Module': 'LlamaForCausalLM.model.layers.11.post_attention_layernorm', 'TrainableParams': {'weight': [2048]}, 'Inputs': [[100, 2048], [100, 2048]]}
0.1%	16.651 ms	504	33.037 μs	32.041 μs	30.254 μs	60.970 μs	3.542 μs	PushPop	:{'Module': 'LlamaForCausalLM.model.layers.12.post_attention_layernorm', 'TrainableParams': {'weight': [2048]}, 'Inputs': [[100, 2048], [100, 2048]]}
0.1%	16.622 ms	1	16.622 ms	16.622 ms	16.622 ms	16.622 ms	0 ns	PushPop	:{'Module': 'LlamaForCausalLM', 'input_ids': [[4]], 'positions': [[4]]}
0.1%	16.619 ms	504	32.975 μs	32.183 μs	30.226 μs	54.787 μs	3.390 μs	PushPop	:{'Module': 'LlamaForCausalLM.model.layers.14.post_attention_layernorm', 'TrainableParams': {'weight': [2048]}, 'Inputs': [[100, 2048], [100, 2048]]}
0.1%	16.594 ms	1	16.594 ms	16.594 ms	16.594 ms	16.594 ms	0 ns	PushPop	:{'Module': 'LlamaForCausalLM', 'input_ids': [[36]], 'positions': [[36]]}
0.1%	16.570 ms	504	32.876 μs	32.059 μs	30.350 μs	50.166 μs	3.166 μs	PushPop	:{'Module': 'LlamaForCausalLM.model.layers.3.post_attention_layernorm', 'TrainableParams': {'weight': [2048]}, 'Inputs': [[100, 2048], [100, 2048]]}
0.1%	16.564 ms	504	32.865 μs	31.624 μs	29.532 μs	68.778 μs	4.422 μs	PushPop	:{'Module': 'LlamaForCausalLM.model.layers.2.input_layernorm', 'TrainableParams': {'weight': [2048]}, 'Inputs': [[100, 2048], [100, 2048]]}
0.1%	16.564 ms	504	32.864 μs	32.036 μs	30.368 μs	59.356 μs	3.397 μs	PushPop	:{'Module': 'LlamaForCausalLM.model.layers.6.post_attention_layernorm', 'TrainableParams': {'weight': [2048]}, 'Inputs': [[100, 2048], [100, 2048]]}
0.1%	16.560 ms	504	32.856 μs	32.032 μs	30.125 μs	60.002 μs	3.208 μs	PushPop	:{'Module': 'LlamaForCausalLM.model.layers.5.post_attention_layernorm', 'TrainableParams': {'weight': [2048]}, 'Inputs': [[100, 2048], [100, 2048]]}
0.1%	16.458 ms	1	16.458 ms	16.458 ms	16.458 ms	16.458 ms	0 ns	PushPop	:{'Module': 'LlamaForCausalLM', 'input_ids': [[20]], 'positions': [[20]]}
0.1%	16.445 ms	504	32.629 μs	31.576 μs	29.320 μs	58.555 μs	3.807 μs	PushPop	:{'Module': 'LlamaForCausalLM.model.layers.8.input_layernorm', 'TrainableParams': {'weight': [2048]}, 'Inputs': [[100, 2048], [100, 2048]]}
0.1%	16.404 ms	504	32.547 μs	31.383 μs	29.098 μs	87.488 μs	4.438 μs	PushPop	:{'Module': 'LlamaForCausalLM.model.layers.7.input_layernorm', 'TrainableParams': {'weight': [2048]}, 'Inputs': [[100, 2048], [100, 2048]]}
0.1%	16.399 ms	504	32.537 μs	31.740 μs	29.615 μs	58.199 μs	3.421 μs	PushPop	:{'Module': 'LlamaForCausalLM.model.layers.1.input_layernorm', 'TrainableParams': {'weight': [2048]}, 'Inputs': [[100, 2048], [100, 2048]]}
0.1%	16.373 ms	504	32.485 μs	31.214 μs	29.361 μs	61.156 μs	4.196 μs	PushPop	:{'Module': 'LlamaForCausalLM.model.layers.10.input_layernorm', 'TrainableParams': {'weight': [2048]}, 'Inputs': [[100, 2048], [100, 2048]]}
0.1%	16.314 ms	504	32.368 μs	31.332 μs	29.397 μs	51.649 μs	3.662 μs	PushPop	:{'Module': 'LlamaForCausalLM.model.layers.4.input_layernorm', 'TrainableParams': {'weight': [2048]}, 'Inputs': [[100, 2048], [100, 2048]]}
0.1%	16.275 ms	504	32.291 μs	31.419 μs	29.180 μs	55.749 μs	3.500 μs	PushPop	:{'Module': 'LlamaForCausalLM.model.layers.9.input_layernorm', 'TrainableParams': {'weight': [2048]}, 'Inputs': [[100, 2048], [100, 2048]]}
0.1%	16.260 ms	504	32.262 μs	31.448 μs	29.197 μs	54.660 μs	3.395 μs	PushPop	:{'Module': 'LlamaForCausalLM.model.layers.11.input_layernorm', 'TrainableParams': {'weight': [2048]}, 'Inputs': [[100, 2048], [100, 2048]]}
0.1%	16.256 ms	504	32.254 μs	31.264 μs	29.329 μs	58.489 μs	3.612 μs	PushPop	:{'Module': 'LlamaForCausalLM.model.layers.5.input_layernorm', 'TrainableParams': {'weight': [2048]}, 'Inputs': [[100, 2048], [100, 2048]]}
0.1%	16.256 ms	504	32.254 μs	31.244 μs	29.285 μs	68.451 μs	3.975 μs	PushPop	:{'Module': 'LlamaForCausalLM.model.layers.6.input_layernorm', 'TrainableParams': {'weight': [2048]}, 'Inputs': [[100, 2048], [100, 2048]]}
0.1%	16.237 ms	504	32.215 μs	31.303 μs	29.099 μs	48.282 μs	3.325 μs	PushPop	:{'Module': 'LlamaForCausalLM.model.layers.3.input_layernorm', 'TrainableParams': {'weight': [2048]}, 'Inputs': [[100, 2048], [100, 2048]]}
0.1%	16.234 ms	504	32.209 μs	31.290 μs	29.270 μs	85.832 μs	4.056 μs	PushPop	:{'Module': 'LlamaForCausalLM.model.layers.15.input_layernorm', 'TrainableParams': {'weight': [2048]}, 'Inputs': [[100, 2048], [100, 2048]]}
0.1%	16.230 ms	504	32.203 μs	31.301 μs	29.450 μs	59.292 μs	3.686 μs	PushPop	:{'Module': 'LlamaForCausalLM.model.layers.12.input_layernorm', 'TrainableParams': {'weight': [2048]}, 'Inputs': [[100, 2048], [100, 2048]]}
0.1%	16.171 ms	504	32.085 μs	31.024 μs	29.234 μs	57.439 μs	3.687 μs	PushPop	:{'Module': 'LlamaForCausalLM.model.norm', 'TrainableParams': {'weight': [2048]}, 'Inputs': [[100, 2048], [100, 2048]]}
0.1%	16.107 ms	504	31.958 μs	31.001 μs	29.213 μs	48.006 μs	3.334 μs	PushPop	:{'Module': 'LlamaForCausalLM.model.layers.13.input_layernorm', 'TrainableParams': {'weight': [2048]}, 'Inputs': [[100, 2048], [100, 2048]]}
0.1%	16.078 ms	504	31.900 μs	31.194 μs	29.242 μs	55.851 μs	3.237 μs	PushPop	:{'Module': 'LlamaForCausalLM.model.layers.14.input_layernorm', 'TrainableParams': {'weight': [2048]}, 'Inputs': [[100, 2048], [100, 2048]]}
0.0%	14.157 ms	2	7.078 ms	7.078 ms	145.636 μs	14.011 ms	9.805 ms	PushPop	:{'Module': 'LlamaForCausalLM.logits_processor', 'Inputs': [[256, 2048]]}
0.0%	9.417 ms	8064	1.167 μs	1.039 μs	851 ns	358.161 μs	5.592 μs	PushPop	:{'Module': 'LlamaForCausalLM.model.layers.0.self_attn.rotary_emb', 'Outputs': [[100, 2048], [100, 512]]}
0.0%	7.908 ms	1	7.908 ms	7.908 ms	7.908 ms	7.908 ms	0 ns	PushPop	:{'Module': 'LlamaForCausalLM.logits_processor', 'Inputs': [[1, 2048]]}
0.0%	7.293 ms	1	7.293 ms	7.293 ms	7.293 ms	7.293 ms	0 ns	PushPop	:{'Module': 'LlamaForCausalLM.model.layers.0', 'Inputs': [[16], [16, 2048]]}
0.0%	6.570 ms	6	1.095 ms	1.091 ms	1.036 ms	1.179 ms	50.263 μs	PushPop	:{'Module': 'LlamaForCausalLM.model.layers.1', 'Inputs': [[8192], [8192, 2048], [8192, 2048]]}
0.0%	6.524 ms	1	6.524 ms	6.524 ms	6.524 ms	6.524 ms	0 ns	PushPop	:{'Module': 'LlamaForCausalLM.model.layers.0.self_attn', 'positions': [[16]], 'hidden_states': [[16, 2048]]}
0.0%	6.395 ms	6	1.066 ms	1.063 ms	1.011 ms	1.114 ms	34.953 μs	PushPop	:{'Module': 'LlamaForCausalLM.model.layers.8', 'Inputs': [[8192], [8192, 2048], [8192, 2048]]}
0.0%	6.369 ms	6	1.061 ms	1.064 ms	1.027 ms	1.089 ms	23.102 μs	PushPop	:{'Module': 'LlamaForCausalLM.model.layers.13', 'Inputs': [[8192], [8192, 2048], [8192, 2048]]}
0.0%	6.354 ms	6	1.059 ms	1.064 ms	1.033 ms	1.079 ms	18.306 μs	PushPop	:{'Module': 'LlamaForCausalLM.model.layers.4', 'Inputs': [[8192], [8192, 2048], [8192, 2048]]}
0.0%	6.353 ms	6	1.059 ms	1.053 ms	1.022 ms	1.112 ms	31.769 μs	PushPop	:{'Module': 'LlamaForCausalLM.model.layers.2', 'Inputs': [[8192], [8192, 2048], [8192, 2048]]}
0.0%	6.345 ms	6	1.058 ms	1.064 ms	1.021 ms	1.087 ms	29.692 μs	PushPop	:{'Module': 'LlamaForCausalLM.model.layers.3', 'Inputs': [[8192], [8192, 2048], [8192, 2048]]}
0.0%	6.344 ms	6	1.057 ms	1.055 ms	1.016 ms	1.115 ms	33.731 μs	PushPop	:{'Module': 'LlamaForCausalLM.model.layers.15', 'Inputs': [[8192], [8192, 2048], [8192, 2048]]}
0.0%	6.309 ms	6	1.051 ms	1.067 ms	979.583 μs	1.073 ms	35.791 μs	PushPop	:{'Module': 'LlamaForCausalLM.model.layers.9', 'Inputs': [[8192], [8192, 2048], [8192, 2048]]}
0.0%	6.299 ms	6	1.050 ms	1.040 ms	1.018 ms	1.116 ms	34.898 μs	PushPop	:{'Module': 'LlamaForCausalLM.model.layers.14', 'Inputs': [[8192], [8192, 2048], [8192, 2048]]}
0.0%	6.290 ms	6	1.048 ms	1.049 ms	1.003 ms	1.086 ms	30.697 μs	PushPop	:{'Module': 'LlamaForCausalLM.model.layers.5', 'Inputs': [[8192], [8192, 2048], [8192, 2048]]}
0.0%	6.280 ms	6	1.047 ms	1.050 ms	1.001 ms	1.071 ms	25.823 μs	PushPop	:{'Module': 'LlamaForCausalLM.model.layers.12', 'Inputs': [[8192], [8192, 2048], [8192, 2048]]}
0.0%	6.260 ms	6	1.043 ms	1.035 ms	1.010 ms	1.108 ms	37.459 μs	PushPop	:{'Module': 'LlamaForCausalLM.model.layers.11', 'Inputs': [[8192], [8192, 2048], [8192, 2048]]}
0.0%	6.259 ms	6	1.043 ms	1.050 ms	992.519 μs	1.081 ms	30.256 μs	PushPop	:{'Module': 'LlamaForCausalLM.model.layers.7', 'Inputs': [[8192], [8192, 2048], [8192, 2048]]}
0.0%	6.217 ms	6	1.036 ms	1.030 ms	1.002 ms	1.080 ms	27.006 μs	PushPop	:{'Module': 'LlamaForCausalLM.model.layers.6', 'Inputs': [[8192], [8192, 2048], [8192, 2048]]}
0.0%	6.170 ms	6	1.028 ms	1.030 ms	985.365 μs	1.076 ms	30.070 μs	PushPop	:{'Module': 'LlamaForCausalLM.model.layers.10', 'Inputs': [[8192], [8192, 2048], [8192, 2048]]}
0.0%	4.827 ms	1	4.827 ms	4.827 ms	4.827 ms	4.827 ms	0 ns	PushPop	:{'Module': 'LlamaForCausalLM.model.layers.0.self_attn.attn', 'Inputs': [[16, 2048], [16, 512], [16, 512]]}
0.0%	4.680 ms	6	779.928 μs	646.990 μs	615.926 μs	1.432 ms	321.626 μs	PushPop	:{'Module': 'LlamaForCausalLM.model.layers.0.self_attn', 'positions': [[8192]], 'hidden_states': [[8192, 2048]]}
0.0%	3.635 ms	6	605.821 μs	596.481 μs	568.583 μs	676.089 μs	37.871 μs	PushPop	:{'Module': 'LlamaForCausalLM.model.layers.1.self_attn', 'positions': [[8192]], 'hidden_states': [[8192, 2048]]}
0.0%	3.502 ms	6	583.689 μs	584.341 μs	554.397 μs	623.295 μs	26.510 μs	PushPop	:{'Module': 'LlamaForCausalLM.model.layers.8.self_attn', 'positions': [[8192]], 'hidden_states': [[8192, 2048]]}
0.0%	3.497 ms	6	582.909 μs	581.348 μs	572.713 μs	598.164 μs	10.970 μs	PushPop	:{'Module': 'LlamaForCausalLM.model.layers.3.self_attn', 'positions': [[8192]], 'hidden_states': [[8192, 2048]]}
0.0%	3.493 ms	6	582.108 μs	587.603 μs	545.619 μs	596.916 μs	18.671 μs	PushPop	:{'Module': 'LlamaForCausalLM.model.layers.4.self_attn', 'positions': [[8192]], 'hidden_states': [[8192, 2048]]}
0.0%	3.492 ms	1	3.492 ms	3.492 ms	3.492 ms	3.492 ms	0 ns	PushPop	:{'Module': 'LlamaForCausalLM.model.layers.15', 'Inputs': [[16], [16, 2048], [16, 2048]]}
0.0%	3.485 ms	6	580.831 μs	584.375 μs	534.012 μs	616.174 μs	26.943 μs	PushPop	:{'Module': 'LlamaForCausalLM.model.layers.9.self_attn', 'positions': [[8192]], 'hidden_states': [[8192, 2048]]}
0.0%	3.483 ms	6	580.534 μs	575.498 μs	550.827 μs	613.407 μs	23.884 μs	PushPop	:{'Module': 'LlamaForCausalLM.model.layers.13.self_attn', 'positions': [[8192]], 'hidden_states': [[8192, 2048]]}
0.0%	3.483 ms	6	580.534 μs	579.093 μs	538.736 μs	613.072 μs	26.213 μs	PushPop	:{'Module': 'LlamaForCausalLM.model.layers.2.self_attn', 'positions': [[8192]], 'hidden_states': [[8192, 2048]]}
0.0%	3.445 ms	6	574.224 μs	579.629 μs	545.512 μs	608.194 μs	23.062 μs	PushPop	:{'Module': 'LlamaForCausalLM.model.layers.15.self_attn', 'positions': [[8192]], 'hidden_states': [[8192, 2048]]}
0.0%	3.440 ms	6	573.290 μs	575.734 μs	547.314 μs	583.291 μs	13.339 μs	PushPop	:{'Module': 'LlamaForCausalLM.model.layers.5.self_attn', 'positions': [[8192]], 'hidden_states': [[8192, 2048]]}
0.0%	3.437 ms	6	572.758 μs	565.967 μs	548.261 μs	602.169 μs	20.246 μs	PushPop	:{'Module': 'LlamaForCausalLM.model.layers.11.self_attn', 'positions': [[8192]], 'hidden_states': [[8192, 2048]]}
0.0%	3.406 ms	6	567.747 μs	566.213 μs	540.680 μs	607.950 μs	22.554 μs	PushPop	:{'Module': 'LlamaForCausalLM.model.layers.12.self_attn', 'positions': [[8192]], 'hidden_states': [[8192, 2048]]}
0.0%	3.403 ms	6	567.123 μs	569.497 μs	544.946 μs	584.692 μs	17.659 μs	PushPop	:{'Module': 'LlamaForCausalLM.model.layers.6.self_attn', 'positions': [[8192]], 'hidden_states': [[8192, 2048]]}
0.0%	3.402 ms	6	567.062 μs	569.894 μs	541.317 μs	587.139 μs	19.772 μs	PushPop	:{'Module': 'LlamaForCausalLM.model.layers.14.self_attn', 'positions': [[8192]], 'hidden_states': [[8192, 2048]]}
0.0%	3.394 ms	6	565.611 μs	567.940 μs	549.186 μs	577.364 μs	10.593 μs	PushPop	:{'Module': 'LlamaForCausalLM.model.layers.7.self_attn', 'positions': [[8192]], 'hidden_states': [[8192, 2048]]}
0.0%	3.392 ms	6	565.385 μs	569.936 μs	538.769 μs	586.037 μs	17.329 μs	PushPop	:{'Module': 'LlamaForCausalLM.model.layers.10.self_attn', 'positions': [[8192]], 'hidden_states': [[8192, 2048]]}
0.0%	3.343 ms	96	34.826 μs	33.427 μs	31.023 μs	61.592 μs	4.510 μs	PushPop	:{'Module': 'LlamaForCausalLM.model.layers.0.self_attn.rotary_emb', 'Inputs': [[8192], [8192, 2048], [8192, 512]]}
0.0%	2.946 ms	1	2.946 ms	2.946 ms	2.946 ms	2.946 ms	0 ns	PushPop	:{'Module': 'LlamaForCausalLM.model.layers.15.self_attn', 'positions': [[16]], 'hidden_states': [[16, 2048]]}
0.0%	2.662 ms	6	443.626 μs	46.452 μs	45.506 μs	2.420 ms	968.010 μs	PushPop	:{'Module': 'LlamaForCausalLM.model.layers.0.mlp.act_fn', 'Inputs': [[8192, 16384]]}
0.0%	2.586 ms	1	2.586 ms	2.586 ms	2.586 ms	2.586 ms	0 ns	PushPop	:{'Module': 'LlamaForCausalLM.model.layers.0', 'Inputs': [[512], [512, 2048]]}
0.0%	2.407 ms	1	2.407 ms	2.407 ms	2.407 ms	2.407 ms	0 ns	PushPop	:{'Module': 'LlamaForCausalLM.model.layers.15.self_attn.o_proj', 'TrainableParams': {'weight': [2048, 2048]}, 'Inputs': [[16, 2048]]}
0.0%	2.214 ms	1	2.214 ms	2.214 ms	2.214 ms	2.214 ms	0 ns	PushPop	:{'Module': 'LlamaForCausalLM.model.layers.0', 'Inputs': [[256], [256, 2048]]}
0.0%	1.982 ms	6	330.283 μs	262.244 μs	242.803 μs	653.807 μs	160.604 μs	PushPop	:{'Module': 'LlamaForCausalLM.model.layers.0.self_attn.attn', 'Inputs': [[8192, 2048], [8192, 512], [8192, 512]]}
0.0%	1.822 ms	1	1.822 ms	1.822 ms	1.822 ms	1.822 ms	0 ns	PushPop	:{'Module': 'LlamaForCausalLM.model.layers.0.self_attn', 'positions': [[512]], 'hidden_states': [[512, 2048]]}
0.0%	1.732 ms	6	288.747 μs	286.816 μs	272.706 μs	309.078 μs	13.928 μs	PushPop	:{'Module': 'LlamaForCausalLM.model.layers.12.mlp', 'Inputs': [[8192, 2048]]}
0.0%	1.731 ms	6	288.480 μs	287.321 μs	276.643 μs	303.760 μs	11.866 μs	PushPop	:{'Module': 'LlamaForCausalLM.model.layers.15.mlp', 'Inputs': [[8192, 2048]]}
0.0%	1.726 ms	6	287.695 μs	278.426 μs	274.113 μs	310.123 μs	17.277 μs	PushPop	:{'Module': 'LlamaForCausalLM.model.layers.14.mlp', 'Inputs': [[8192, 2048]]}
0.0%	1.712 ms	6	285.302 μs	285.990 μs	265.185 μs	308.611 μs	14.711 μs	PushPop	:{'Module': 'LlamaForCausalLM.model.layers.1.mlp', 'Inputs': [[8192, 2048]]}
0.0%	1.710 ms	6	285.064 μs	287.636 μs	259.985 μs	301.819 μs	14.008 μs	PushPop	:{'Module': 'LlamaForCausalLM.model.layers.8.mlp', 'Inputs': [[8192, 2048]]}
0.0%	1.706 ms	6	284.253 μs	287.500 μs	260.974 μs	296.316 μs	12.179 μs	PushPop	:{'Module': 'LlamaForCausalLM.model.layers.7.mlp', 'Inputs': [[8192, 2048]]}
0.0%	1.705 ms	6	284.085 μs	282.071 μs	274.191 μs	298.337 μs	8.925 μs	PushPop	:{'Module': 'LlamaForCausalLM.model.layers.13.mlp', 'Inputs': [[8192, 2048]]}
0.0%	1.691 ms	6	281.825 μs	283.233 μs	265.056 μs	294.096 μs	11.425 μs	PushPop	:{'Module': 'LlamaForCausalLM.model.layers.5.mlp', 'Inputs': [[8192, 2048]]}
0.0%	1.685 ms	6	280.776 μs	284.020 μs	266.347 μs	294.074 μs	10.211 μs	PushPop	:{'Module': 'LlamaForCausalLM.model.layers.2.mlp', 'Inputs': [[8192, 2048]]}
0.0%	1.683 ms	6	280.531 μs	276.624 μs	265.940 μs	309.561 μs	14.943 μs	PushPop	:{'Module': 'LlamaForCausalLM.model.layers.4.mlp', 'Inputs': [[8192, 2048]]}
0.0%	1.676 ms	6	279.356 μs	277.106 μs	261.230 μs	301.212 μs	13.506 μs	PushPop	:{'Module': 'LlamaForCausalLM.model.layers.6.mlp', 'Inputs': [[8192, 2048]]}
0.0%	1.658 ms	6	276.263 μs	271.234 μs	258.113 μs	308.601 μs	18.547 μs	PushPop	:{'Module': 'LlamaForCausalLM.model.layers.9.mlp', 'Inputs': [[8192, 2048]]}
0.0%	1.656 ms	6	276.018 μs	275.050 μs	263.725 μs	291.284 μs	10.026 μs	PushPop	:{'Module': 'LlamaForCausalLM.model.layers.3.mlp', 'Inputs': [[8192, 2048]]}
0.0%	1.652 ms	6	275.387 μs	275.758 μs	255.021 μs	295.601 μs	13.886 μs	PushPop	:{'Module': 'LlamaForCausalLM.model.layers.11.mlp', 'Inputs': [[8192, 2048]]}
0.0%	1.617 ms	6	269.474 μs	269.774 μs	255.206 μs	281.494 μs	8.391 μs	PushPop	:{'Module': 'LlamaForCausalLM.model.layers.10.mlp', 'Inputs': [[8192, 2048]]}
0.0%	1.589 ms	6	264.875 μs	258.973 μs	235.910 μs	311.136 μs	25.907 μs	PushPop	:{'Module': 'LlamaForCausalLM.model.layers.1.self_attn.attn', 'Inputs': [[8192, 2048], [8192, 512], [8192, 512]]}
0.0%	1.521 ms	6	253.505 μs	253.202 μs	239.501 μs	264.096 μs	8.778 μs	PushPop	:{'Module': 'LlamaForCausalLM.model.layers.3.self_attn.attn', 'Inputs': [[8192, 2048], [8192, 512], [8192, 512]]}
0.0%	1.499 ms	6	249.900 μs	249.343 μs	223.150 μs	270.210 μs	16.361 μs	PushPop	:{'Module': 'LlamaForCausalLM.model.layers.2.self_attn.attn', 'Inputs': [[8192, 2048], [8192, 512], [8192, 512]]}
0.0%	1.478 ms	6	246.265 μs	244.291 μs	234.510 μs	262.212 μs	11.684 μs	PushPop	:{'Module': 'LlamaForCausalLM.model.layers.8.self_attn.attn', 'Inputs': [[8192, 2048], [8192, 512], [8192, 512]]}
0.0%	1.476 ms	6	246.073 μs	247.393 μs	222.399 μs	263.212 μs	14.926 μs	PushPop	:{'Module': 'LlamaForCausalLM.model.layers.9.self_attn.attn', 'Inputs': [[8192, 2048], [8192, 512], [8192, 512]]}
0.0%	1.469 ms	1	1.469 ms	1.469 ms	1.469 ms	1.469 ms	0 ns	PushPop	:{'Module': 'LlamaForCausalLM.model.layers.7', 'Inputs': [[512], [512, 2048], [512, 2048]]}
0.0%	1.463 ms	6	243.892 μs	244.105 μs	226.820 μs	258.986 μs	11.054 μs	PushPop	:{'Module': 'LlamaForCausalLM.model.layers.11.self_attn.attn', 'Inputs': [[8192, 2048], [8192, 512], [8192, 512]]}
0.0%	1.460 ms	6	243.256 μs	242.887 μs	226.499 μs	263.907 μs	12.308 μs	PushPop	:{'Module': 'LlamaForCausalLM.model.layers.13.self_attn.attn', 'Inputs': [[8192, 2048], [8192, 512], [8192, 512]]}
0.0%	1.457 ms	6	242.786 μs	246.646 μs	224.670 μs	251.899 μs	10.388 μs	PushPop	:{'Module': 'LlamaForCausalLM.model.layers.4.self_attn.attn', 'Inputs': [[8192, 2048], [8192, 512], [8192, 512]]}
0.0%	1.445 ms	1	1.445 ms	1.445 ms	1.445 ms	1.445 ms	0 ns	PushPop	:{'Module': 'LlamaForCausalLM.model.layers.0', 'Inputs': [[52], [52, 2048]]}
0.0%	1.440 ms	6	239.949 μs	240.223 μs	231.543 μs	252.286 μs	7.406 μs	PushPop	:{'Module': 'LlamaForCausalLM.model.layers.15.self_attn.attn', 'Inputs': [[8192, 2048], [8192, 512], [8192, 512]]}
0.0%	1.439 ms	6	239.824 μs	242.588 μs	222.903 μs	250.553 μs	9.610 μs	PushPop	:{'Module': 'LlamaForCausalLM.model.layers.10.self_attn.attn', 'Inputs': [[8192, 2048], [8192, 512], [8192, 512]]}
0.0%	1.436 ms	6	239.350 μs	240.938 μs	224.524 μs	255.196 μs	12.485 μs	PushPop	:{'Module': 'LlamaForCausalLM.model.layers.7.self_attn.attn', 'Inputs': [[8192, 2048], [8192, 512], [8192, 512]]}
0.0%	1.426 ms	6	237.737 μs	240.649 μs	221.905 μs	246.214 μs	8.906 μs	PushPop	:{'Module': 'LlamaForCausalLM.model.layers.5.self_attn.attn', 'Inputs': [[8192, 2048], [8192, 512], [8192, 512]]}
0.0%	1.424 ms	6	237.377 μs	234.801 μs	221.801 μs	260.755 μs	12.908 μs	PushPop	:{'Module': 'LlamaForCausalLM.model.layers.14.self_attn.attn', 'Inputs': [[8192, 2048], [8192, 512], [8192, 512]]}
0.0%	1.423 ms	6	237.192 μs	237.191 μs	224.389 μs	248.246 μs	8.719 μs	PushPop	:{'Module': 'LlamaForCausalLM.model.layers.12.self_attn.attn', 'Inputs': [[8192, 2048], [8192, 512], [8192, 512]]}
0.0%	1.421 ms	6	236.822 μs	234.872 μs	222.903 μs	253.292 μs	10.443 μs	PushPop	:{'Module': 'LlamaForCausalLM.model.layers.6.self_attn.attn', 'Inputs': [[8192, 2048], [8192, 512], [8192, 512]]}
0.0%	1.395 ms	1	1.395 ms	1.395 ms	1.395 ms	1.395 ms	0 ns	PushPop	:{'Module': 'LlamaForCausalLM.model.layers.0', 'Inputs': [[20], [20, 2048]]}
0.0%	1.389 ms	1	1.389 ms	1.389 ms	1.389 ms	1.389 ms	0 ns	PushPop	:{'Module': 'LlamaForCausalLM.model.layers.0', 'Inputs': [[36], [36, 2048]]}
0.0%	1.387 ms	1	1.387 ms	1.387 ms	1.387 ms	1.387 ms	0 ns	PushPop	:{'Module': 'LlamaForCausalLM.model.layers.0', 'Inputs': [[1873], [1873, 2048]]}
0.0%	1.385 ms	1	1.385 ms	1.385 ms	1.385 ms	1.385 ms	0 ns	PushPop	:{'Module': 'LlamaForCausalLM.model.layers.0', 'Inputs': [[4], [4, 2048]]}
0.0%	1.377 ms	1	1.377 ms	1.377 ms	1.377 ms	1.377 ms	0 ns	PushPop	:{'Module': 'LlamaForCausalLM.model.layers.0', 'Inputs': [[99], [99, 2048]]}
0.0%	1.357 ms	1	1.357 ms	1.357 ms	1.357 ms	1.357 ms	0 ns	PushPop	:{'Module': 'LlamaForCausalLM.model.layers.1', 'Inputs': [[512], [512, 2048], [512, 2048]]}
0.0%	1.319 ms	1	1.319 ms	1.319 ms	1.319 ms	1.319 ms	0 ns	PushPop	:{'Module': 'LlamaForCausalLM.model.layers.9', 'Inputs': [[512], [512, 2048], [512, 2048]]}
0.0%	1.317 ms	1	1.317 ms	1.317 ms	1.317 ms	1.317 ms	0 ns	PushPop	:{'Module': 'LlamaForCausalLM.model.layers.0', 'Inputs': [[68], [68, 2048]]}
0.0%	1.307 ms	1	1.307 ms	1.307 ms	1.307 ms	1.307 ms	0 ns	PushPop	:{'Module': 'LlamaForCausalLM.model.layers.13', 'Inputs': [[512], [512, 2048], [512, 2048]]}
0.0%	1.300 ms	1	1.300 ms	1.300 ms	1.300 ms	1.300 ms	0 ns	PushPop	:{'Module': 'LlamaForCausalLM.model.layers.12', 'Inputs': [[512], [512, 2048], [512, 2048]]}
0.0%	1.299 ms	1	1.299 ms	1.299 ms	1.299 ms	1.299 ms	0 ns	PushPop	:{'Module': 'LlamaForCausalLM.model.layers.8', 'Inputs': [[512], [512, 2048], [512, 2048]]}
0.0%	1.299 ms	1	1.299 ms	1.299 ms	1.299 ms	1.299 ms	0 ns	PushPop	:{'Module': 'LlamaForCausalLM.model.layers.4', 'Inputs': [[512], [512, 2048], [512, 2048]]}
0.0%	1.280 ms	1	1.280 ms	1.280 ms	1.280 ms	1.280 ms	0 ns	PushPop	:{'Module': 'LlamaForCausalLM.model.layers.14', 'Inputs': [[512], [512, 2048], [512, 2048]]}
0.0%	1.279 ms	1	1.279 ms	1.279 ms	1.279 ms	1.279 ms	0 ns	PushPop	:{'Module': 'LlamaForCausalLM.model.layers.6', 'Inputs': [[512], [512, 2048], [512, 2048]]}
0.0%	1.274 ms	1	1.274 ms	1.274 ms	1.274 ms	1.274 ms	0 ns	PushPop	:{'Module': 'LlamaForCausalLM.model.layers.0', 'Inputs': [[84], [84, 2048]]}
0.0%	1.255 ms	1	1.255 ms	1.255 ms	1.255 ms	1.255 ms	0 ns	PushPop	:{'Module': 'LlamaForCausalLM.model.layers.3', 'Inputs': [[512], [512, 2048], [512, 2048]]}
0.0%	1.245 ms	1	1.245 ms	1.245 ms	1.245 ms	1.245 ms	0 ns	PushPop	:{'Module': 'LlamaForCausalLM.model.layers.10', 'Inputs': [[512], [512, 2048], [512, 2048]]}
0.0%	1.220 ms	1	1.220 ms	1.220 ms	1.220 ms	1.220 ms	0 ns	PushPop	:{'Module': 'LlamaForCausalLM.model.layers.1', 'Inputs': [[16], [16, 2048], [16, 2048]]}
0.0%	1.175 ms	1	1.175 ms	1.175 ms	1.175 ms	1.175 ms	0 ns	PushPop	:{'Module': 'LlamaForCausalLM.model.layers.2', 'Inputs': [[512], [512, 2048], [512, 2048]]}
0.0%	1.174 ms	1	1.174 ms	1.174 ms	1.174 ms	1.174 ms	0 ns	PushPop	:{'Module': 'LlamaForCausalLM.model.layers.12', 'Inputs': [[256], [256, 2048], [256, 2048]]}
0.0%	1.151 ms	1	1.151 ms	1.151 ms	1.151 ms	1.151 ms	0 ns	PushPop	:{'Module': 'LlamaForCausalLM.model.layers.2', 'Inputs': [[16], [16, 2048], [16, 2048]]}
0.0%	1.139 ms	1	1.139 ms	1.139 ms	1.139 ms	1.139 ms	0 ns	PushPop	:{'Module': 'LlamaForCausalLM.model.layers.11', 'Inputs': [[16], [16, 2048], [16, 2048]]}
0.0%	1.135 ms	1	1.135 ms	1.135 ms	1.135 ms	1.135 ms	0 ns	PushPop	:{'Module': 'LlamaForCausalLM.model.layers.0.self_attn.qkv_proj', 'TrainableParams': {'weight': [3072, 2048]}, 'Inputs': [[16, 2048]]}
0.0%	1.134 ms	1	1.134 ms	1.134 ms	1.134 ms	1.134 ms	0 ns	PushPop	:{'Module': 'LlamaForCausalLM.model.layers.1', 'Inputs': [[52], [52, 2048], [52, 2048]]}
0.0%	1.112 ms	1	1.112 ms	1.112 ms	1.112 ms	1.112 ms	0 ns	PushPop	:{'Module': 'LlamaForCausalLM.model.layers.8', 'Inputs': [[99], [99, 2048], [99, 2048]]}
0.0%	1.100 ms	1	1.100 ms	1.100 ms	1.100 ms	1.100 ms	0 ns	PushPop	:{'Module': 'LlamaForCausalLM.model.layers.4', 'Inputs': [[16], [16, 2048], [16, 2048]]}
0.0%	1.098 ms	1	1.098 ms	1.098 ms	1.098 ms	1.098 ms	0 ns	PushPop	:{'Module': 'LlamaForCausalLM.model.layers.5', 'Inputs': [[16], [16, 2048], [16, 2048]]}
0.0%	1.090 ms	1	1.090 ms	1.090 ms	1.090 ms	1.090 ms	0 ns	PushPop	:{'Module': 'LlamaForCausalLM.model.layers.1', 'Inputs': [[4], [4, 2048], [4, 2048]]}
0.0%	1.088 ms	1	1.088 ms	1.088 ms	1.088 ms	1.088 ms	0 ns	PushPop	:{'Module': 'LlamaForCausalLM.model.layers.15', 'Inputs': [[512], [512, 2048], [512, 2048]]}
0.0%	1.087 ms	1	1.087 ms	1.087 ms	1.087 ms	1.087 ms	0 ns	PushPop	:{'Module': 'LlamaForCausalLM.model.layers.13', 'Inputs': [[16], [16, 2048], [16, 2048]]}
0.0%	1.085 ms	1	1.085 ms	1.085 ms	1.085 ms	1.085 ms	0 ns	PushPop	:{'Module': 'LlamaForCausalLM.model.layers.1', 'Inputs': [[1873], [1873, 2048], [1873, 2048]]}
0.0%	1.078 ms	1	1.078 ms	1.078 ms	1.078 ms	1.078 ms	0 ns	PushPop	:{'Module': 'LlamaForCausalLM.model.layers.10', 'Inputs': [[1873], [1873, 2048], [1873, 2048]]}
0.0%	1.075 ms	1	1.075 ms	1.075 ms	1.075 ms	1.075 ms	0 ns	PushPop	:{'Module': 'LlamaForCausalLM.model.layers.5', 'Inputs': [[512], [512, 2048], [512, 2048]]}
0.0%	1.075 ms	1	1.075 ms	1.075 ms	1.075 ms	1.075 ms	0 ns	PushPop	:{'Module': 'LlamaForCausalLM.model.layers.4', 'Inputs': [[1873], [1873, 2048], [1873, 2048]]}
0.0%	1.068 ms	1	1.068 ms	1.068 ms	1.068 ms	1.068 ms	0 ns	PushPop	:{'Module': 'LlamaForCausalLM.model.layers.9', 'Inputs': [[1873], [1873, 2048], [1873, 2048]]}
0.0%	1.067 ms	1	1.067 ms	1.067 ms	1.067 ms	1.067 ms	0 ns	PushPop	:{'Module': 'LlamaForCausalLM.model.layers.6', 'Inputs': [[99], [99, 2048], [99, 2048]]}
0.0%	1.063 ms	1	1.063 ms	1.063 ms	1.063 ms	1.063 ms	0 ns	PushPop	:{'Module': 'LlamaForCausalLM.model.layers.5', 'Inputs': [[1873], [1873, 2048], [1873, 2048]]}
0.0%	1.061 ms	1	1.061 ms	1.061 ms	1.061 ms	1.061 ms	0 ns	PushPop	:{'Module': 'LlamaForCausalLM.model.layers.12', 'Inputs': [[16], [16, 2048], [16, 2048]]}
0.0%	1.060 ms	1	1.060 ms	1.060 ms	1.060 ms	1.060 ms	0 ns	PushPop	:{'Module': 'LlamaForCausalLM.model.layers.6', 'Inputs': [[84], [84, 2048], [84, 2048]]}
0.0%	1.059 ms	1	1.059 ms	1.059 ms	1.059 ms	1.059 ms	0 ns	PushPop	:{'Module': 'LlamaForCausalLM.model.layers.14', 'Inputs': [[16], [16, 2048], [16, 2048]]}
0.0%	1.059 ms	1	1.059 ms	1.059 ms	1.059 ms	1.059 ms	0 ns	PushPop	:{'Module': 'LlamaForCausalLM.model.layers.6', 'Inputs': [[16], [16, 2048], [16, 2048]]}
0.0%	1.058 ms	1	1.058 ms	1.058 ms	1.058 ms	1.058 ms	0 ns	PushPop	:{'Module': 'LlamaForCausalLM.model.layers.15', 'Inputs': [[1873], [1873, 2048], [1873, 2048]]}
0.0%	1.054 ms	1	1.054 ms	1.054 ms	1.054 ms	1.054 ms	0 ns	PushPop	:{'Module': 'LlamaForCausalLM.model.layers.5', 'Inputs': [[99], [99, 2048], [99, 2048]]}
0.0%	1.050 ms	1	1.050 ms	1.050 ms	1.050 ms	1.050 ms	0 ns	PushPop	:{'Module': 'LlamaForCausalLM.model.layers.6', 'Inputs': [[1873], [1873, 2048], [1873, 2048]]}
0.0%	1.050 ms	1	1.050 ms	1.050 ms	1.050 ms	1.050 ms	0 ns	PushPop	:{'Module': 'LlamaForCausalLM.model.layers.11', 'Inputs': [[1873], [1873, 2048], [1873, 2048]]}
0.0%	1.049 ms	1	1.049 ms	1.049 ms	1.049 ms	1.049 ms	0 ns	PushPop	:{'Module': 'LlamaForCausalLM.model.layers.3', 'Inputs': [[1873], [1873, 2048], [1873, 2048]]}
0.0%	1.047 ms	1	1.047 ms	1.047 ms	1.047 ms	1.047 ms	0 ns	PushPop	:{'Module': 'LlamaForCausalLM.model.layers.1', 'Inputs': [[84], [84, 2048], [84, 2048]]}
0.0%	1.046 ms	1	1.046 ms	1.046 ms	1.046 ms	1.046 ms	0 ns	PushPop	:{'Module': 'LlamaForCausalLM.model.layers.3', 'Inputs': [[16], [16, 2048], [16, 2048]]}
0.0%	1.045 ms	1	1.045 ms	1.045 ms	1.045 ms	1.045 ms	0 ns	PushPop	:{'Module': 'LlamaForCausalLM.model.layers.12', 'Inputs': [[1873], [1873, 2048], [1873, 2048]]}
0.0%	1.041 ms	1	1.041 ms	1.041 ms	1.041 ms	1.041 ms	0 ns	PushPop	:{'Module': 'LlamaForCausalLM.model.layers.10', 'Inputs': [[16], [16, 2048], [16, 2048]]}
0.0%	1.039 ms	1	1.039 ms	1.039 ms	1.039 ms	1.039 ms	0 ns	PushPop	:{'Module': 'LlamaForCausalLM.model.layers.4', 'Inputs': [[99], [99, 2048], [99, 2048]]}
0.0%	1.039 ms	1	1.039 ms	1.039 ms	1.039 ms	1.039 ms	0 ns	PushPop	:{'Module': 'LlamaForCausalLM.model.layers.11', 'Inputs': [[512], [512, 2048], [512, 2048]]}
0.0%	1.037 ms	1	1.037 ms	1.037 ms	1.037 ms	1.037 ms	0 ns	PushPop	:{'Module': 'LlamaForCausalLM.model.layers.10', 'Inputs': [[52], [52, 2048], [52, 2048]]}
0.0%	1.035 ms	1	1.035 ms	1.035 ms	1.035 ms	1.035 ms	0 ns	PushPop	:{'Module': 'LlamaForCausalLM.model.layers.11', 'Inputs': [[52], [52, 2048], [52, 2048]]}
0.0%	1.034 ms	1	1.034 ms	1.034 ms	1.034 ms	1.034 ms	0 ns	PushPop	:{'Module': 'LlamaForCausalLM.model.layers.2', 'Inputs': [[1873], [1873, 2048], [1873, 2048]]}
0.0%	1.033 ms	1	1.033 ms	1.033 ms	1.033 ms	1.033 ms	0 ns	PushPop	:{'Module': 'LlamaForCausalLM.model.layers.2', 'Inputs': [[68], [68, 2048], [68, 2048]]}
0.0%	1.032 ms	1	1.032 ms	1.032 ms	1.032 ms	1.032 ms	0 ns	PushPop	:{'Module': 'LlamaForCausalLM.model.layers.1', 'Inputs': [[36], [36, 2048], [36, 2048]]}
0.0%	1.031 ms	1	1.031 ms	1.031 ms	1.031 ms	1.031 ms	0 ns	PushPop	:{'Module': 'LlamaForCausalLM.model.layers.9', 'Inputs': [[16], [16, 2048], [16, 2048]]}
0.0%	1.029 ms	1	1.029 ms	1.029 ms	1.029 ms	1.029 ms	0 ns	PushPop	:{'Module': 'LlamaForCausalLM.model.layers.7', 'Inputs': [[1873], [1873, 2048], [1873, 2048]]}
0.0%	1.029 ms	1	1.029 ms	1.029 ms	1.029 ms	1.029 ms	0 ns	PushPop	:{'Module': 'LlamaForCausalLM.model.layers.8', 'Inputs': [[16], [16, 2048], [16, 2048]]}
0.0%	1.029 ms	1	1.029 ms	1.029 ms	1.029 ms	1.029 ms	0 ns	PushPop	:{'Module': 'LlamaForCausalLM.model.layers.7', 'Inputs': [[16], [16, 2048], [16, 2048]]}
0.0%	1.028 ms	1	1.028 ms	1.028 ms	1.028 ms	1.028 ms	0 ns	PushPop	:{'Module': 'LlamaForCausalLM.model.layers.13', 'Inputs': [[1873], [1873, 2048], [1873, 2048]]}
0.0%	1.027 ms	1	1.027 ms	1.027 ms	1.027 ms	1.027 ms	0 ns	PushPop	:{'Module': 'LlamaForCausalLM.model.layers.2', 'Inputs': [[84], [84, 2048], [84, 2048]]}
0.0%	1.026 ms	1	1.026 ms	1.026 ms	1.026 ms	1.026 ms	0 ns	PushPop	:{'Module': 'LlamaForCausalLM.model.layers.8', 'Inputs': [[52], [52, 2048], [52, 2048]]}
0.0%	1.026 ms	1	1.026 ms	1.026 ms	1.026 ms	1.026 ms	0 ns	PushPop	:{'Module': 'LlamaForCausalLM.model.layers.14', 'Inputs': [[1873], [1873, 2048], [1873, 2048]]}
0.0%	1.025 ms	1	1.025 ms	1.025 ms	1.025 ms	1.025 ms	0 ns	PushPop	:{'Module': 'LlamaForCausalLM.model.layers.8', 'Inputs': [[1873], [1873, 2048], [1873, 2048]]}
0.0%	1.025 ms	1	1.025 ms	1.025 ms	1.025 ms	1.025 ms	0 ns	PushPop	:{'Module': 'LlamaForCausalLM.model.layers.7', 'Inputs': [[99], [99, 2048], [99, 2048]]}
0.0%	1.023 ms	1	1.023 ms	1.023 ms	1.023 ms	1.023 ms	0 ns	PushPop	:{'Module': 'LlamaForCausalLM.model.layers.1', 'Inputs': [[99], [99, 2048], [99, 2048]]}
0.0%	1.022 ms	1	1.022 ms	1.022 ms	1.022 ms	1.022 ms	0 ns	PushPop	:{'Module': 'LlamaForCausalLM.model.layers.12', 'Inputs': [[68], [68, 2048], [68, 2048]]}
0.0%	1.019 ms	1	1.019 ms	1.019 ms	1.019 ms	1.019 ms	0 ns	PushPop	:{'Module': 'LlamaForCausalLM.model.layers.14', 'Inputs': [[52], [52, 2048], [52, 2048]]}
0.0%	1.018 ms	1	1.018 ms	1.018 ms	1.018 ms	1.018 ms	0 ns	PushPop	:{'Module': 'LlamaForCausalLM.model.layers.7', 'Inputs': [[52], [52, 2048], [52, 2048]]}
0.0%	1.016 ms	1	1.016 ms	1.016 ms	1.016 ms	1.016 ms	0 ns	PushPop	:{'Module': 'LlamaForCausalLM.model.layers.8', 'Inputs': [[36], [36, 2048], [36, 2048]]}
0.0%	1.016 ms	1	1.016 ms	1.016 ms	1.016 ms	1.016 ms	0 ns	PushPop	:{'Module': 'LlamaForCausalLM.model.layers.10', 'Inputs': [[20], [20, 2048], [20, 2048]]}
0.0%	1.014 ms	1	1.014 ms	1.014 ms	1.014 ms	1.014 ms	0 ns	PushPop	:{'Module': 'LlamaForCausalLM.model.layers.8', 'Inputs': [[20], [20, 2048], [20, 2048]]}
0.0%	1.014 ms	1	1.014 ms	1.014 ms	1.014 ms	1.014 ms	0 ns	PushPop	:{'Module': 'LlamaForCausalLM.model.layers.10', 'Inputs': [[68], [68, 2048], [68, 2048]]}
0.0%	1.012 ms	1	1.012 ms	1.012 ms	1.012 ms	1.012 ms	0 ns	PushPop	:{'Module': 'LlamaForCausalLM.model.layers.9', 'Inputs': [[68], [68, 2048], [68, 2048]]}
0.0%	1.010 ms	1	1.010 ms	1.010 ms	1.010 ms	1.010 ms	0 ns	PushPop	:{'Module': 'LlamaForCausalLM.model.layers.4', 'Inputs': [[84], [84, 2048], [84, 2048]]}
0.0%	1.009 ms	1	1.009 ms	1.009 ms	1.009 ms	1.009 ms	0 ns	PushPop	:{'Module': 'LlamaForCausalLM.model.layers.9', 'Inputs': [[52], [52, 2048], [52, 2048]]}
0.0%	1.008 ms	1	1.008 ms	1.008 ms	1.008 ms	1.008 ms	0 ns	PushPop	:{'Module': 'LlamaForCausalLM.model.layers.11', 'Inputs': [[68], [68, 2048], [68, 2048]]}
0.0%	1.008 ms	1	1.008 ms	1.008 ms	1.008 ms	1.008 ms	0 ns	PushPop	:{'Module': 'LlamaForCausalLM.model.layers.3', 'Inputs': [[99], [99, 2048], [99, 2048]]}
0.0%	1.007 ms	1	1.007 ms	1.007 ms	1.007 ms	1.007 ms	0 ns	PushPop	:{'Module': 'LlamaForCausalLM.model.layers.7', 'Inputs': [[84], [84, 2048], [84, 2048]]}
0.0%	1.006 ms	1	1.006 ms	1.006 ms	1.006 ms	1.006 ms	0 ns	PushPop	:{'Module': 'LlamaForCausalLM.model.layers.3', 'Inputs': [[68], [68, 2048], [68, 2048]]}
0.0%	1.006 ms	1	1.006 ms	1.006 ms	1.006 ms	1.006 ms	0 ns	PushPop	:{'Module': 'LlamaForCausalLM.model.layers.13', 'Inputs': [[99], [99, 2048], [99, 2048]]}
0.0%	1.005 ms	1	1.005 ms	1.005 ms	1.005 ms	1.005 ms	0 ns	PushPop	:{'Module': 'LlamaForCausalLM.model.layers.15', 'Inputs': [[99], [99, 2048], [99, 2048]]}
0.0%	1.003 ms	1	1.003 ms	1.003 ms	1.003 ms	1.003 ms	0 ns	PushPop	:{'Module': 'LlamaForCausalLM.model.layers.14', 'Inputs': [[84], [84, 2048], [84, 2048]]}
0.0%	1.003 ms	1	1.003 ms	1.003 ms	1.003 ms	1.003 ms	0 ns	PushPop	:{'Module': 'LlamaForCausalLM.model.layers.9', 'Inputs': [[99], [99, 2048], [99, 2048]]}
0.0%	999.861 μs	1	999.861 μs	999.861 μs	999.861 μs	999.861 μs	0 ns	PushPop	:{'Module': 'LlamaForCausalLM.model.layers.15', 'Inputs': [[4], [4, 2048], [4, 2048]]}
0.0%	998.672 μs	1	998.672 μs	998.672 μs	998.672 μs	998.672 μs	0 ns	PushPop	:{'Module': 'LlamaForCausalLM.model.layers.1', 'Inputs': [[68], [68, 2048], [68, 2048]]}
0.0%	997.812 μs	1	997.812 μs	997.812 μs	997.812 μs	997.812 μs	0 ns	PushPop	:{'Module': 'LlamaForCausalLM.model.layers.1', 'Inputs': [[20], [20, 2048], [20, 2048]]}
0.0%	996.989 μs	1	996.989 μs	996.989 μs	996.989 μs	996.989 μs	0 ns	PushPop	:{'Module': 'LlamaForCausalLM.model.layers.12', 'Inputs': [[52], [52, 2048], [52, 2048]]}
0.0%	992.773 μs	1	992.773 μs	992.773 μs	992.773 μs	992.773 μs	0 ns	PushPop	:{'Module': 'LlamaForCausalLM.model.layers.13', 'Inputs': [[68], [68, 2048], [68, 2048]]}
0.0%	992.772 μs	1	992.772 μs	992.772 μs	992.772 μs	992.772 μs	0 ns	PushPop	:{'Module': 'LlamaForCausalLM.model.layers.11', 'Inputs': [[84], [84, 2048], [84, 2048]]}
0.0%	992.007 μs	1	992.007 μs	992.007 μs	992.007 μs	992.007 μs	0 ns	PushPop	:{'Module': 'LlamaForCausalLM.model.layers.2', 'Inputs': [[36], [36, 2048], [36, 2048]]}
0.0%	990.928 μs	1	990.928 μs	990.928 μs	990.928 μs	990.928 μs	0 ns	PushPop	:{'Module': 'LlamaForCausalLM.model.layers.9', 'Inputs': [[36], [36, 2048], [36, 2048]]}
0.0%	990.479 μs	1	990.479 μs	990.479 μs	990.479 μs	990.479 μs	0 ns	PushPop	:{'Module': 'LlamaForCausalLM.model.layers.8', 'Inputs': [[68], [68, 2048], [68, 2048]]}
0.0%	989.757 μs	1	989.757 μs	989.757 μs	989.757 μs	989.757 μs	0 ns	PushPop	:{'Module': 'LlamaForCausalLM.model.layers.5', 'Inputs': [[68], [68, 2048], [68, 2048]]}
0.0%	989.620 μs	1	989.620 μs	989.620 μs	989.620 μs	989.620 μs	0 ns	PushPop	:{'Module': 'LlamaForCausalLM.model.layers.11', 'Inputs': [[4], [4, 2048], [4, 2048]]}
0.0%	989.499 μs	1	989.499 μs	989.499 μs	989.499 μs	989.499 μs	0 ns	PushPop	:{'Module': 'LlamaForCausalLM.model.layers.6', 'Inputs': [[68], [68, 2048], [68, 2048]]}
0.0%	989.491 μs	1	989.491 μs	989.491 μs	989.491 μs	989.491 μs	0 ns	PushPop	:{'Module': 'LlamaForCausalLM.model.layers.1', 'Inputs': [[256], [256, 2048], [256, 2048]]}
0.0%	988.169 μs	1	988.169 μs	988.169 μs	988.169 μs	988.169 μs	0 ns	PushPop	:{'Module': 'LlamaForCausalLM.model.layers.8', 'Inputs': [[4], [4, 2048], [4, 2048]]}
0.0%	988.121 μs	1	988.121 μs	988.121 μs	988.121 μs	988.121 μs	0 ns	PushPop	:{'Module': 'LlamaForCausalLM.model.layers.13', 'Inputs': [[4], [4, 2048], [4, 2048]]}
0.0%	987.156 μs	1	987.156 μs	987.156 μs	987.156 μs	987.156 μs	0 ns	PushPop	:{'Module': 'LlamaForCausalLM.model.layers.12', 'Inputs': [[84], [84, 2048], [84, 2048]]}
0.0%	985.889 μs	1	985.889 μs	985.889 μs	985.889 μs	985.889 μs	0 ns	PushPop	:{'Module': 'LlamaForCausalLM.model.layers.2', 'Inputs': [[52], [52, 2048], [52, 2048]]}
0.0%	985.642 μs	1	985.642 μs	985.642 μs	985.642 μs	985.642 μs	0 ns	PushPop	:{'Module': 'LlamaForCausalLM.model.layers.14', 'Inputs': [[68], [68, 2048], [68, 2048]]}
0.0%	985.208 μs	1	985.208 μs	985.208 μs	985.208 μs	985.208 μs	0 ns	PushPop	:{'Module': 'LlamaForCausalLM.model.layers.3', 'Inputs': [[52], [52, 2048], [52, 2048]]}
0.0%	984.625 μs	1	984.625 μs	984.625 μs	984.625 μs	984.625 μs	0 ns	PushPop	:{'Module': 'LlamaForCausalLM.model.layers.3', 'Inputs': [[84], [84, 2048], [84, 2048]]}
0.0%	984.326 μs	1	984.326 μs	984.326 μs	984.326 μs	984.326 μs	0 ns	PushPop	:{'Module': 'LlamaForCausalLM.model.layers.4', 'Inputs': [[68], [68, 2048], [68, 2048]]}
0.0%	982.307 μs	1	982.307 μs	982.307 μs	982.307 μs	982.307 μs	0 ns	PushPop	:{'Module': 'LlamaForCausalLM.model.layers.7', 'Inputs': [[36], [36, 2048], [36, 2048]]}
0.0%	982.155 μs	1	982.155 μs	982.155 μs	982.155 μs	982.155 μs	0 ns	PushPop	:{'Module': 'LlamaForCausalLM.model.layers.13', 'Inputs': [[84], [84, 2048], [84, 2048]]}
0.0%	981.883 μs	1	981.883 μs	981.883 μs	981.883 μs	981.883 μs	0 ns	PushPop	:{'Module': 'LlamaForCausalLM.model.layers.15', 'Inputs': [[68], [68, 2048], [68, 2048]]}
0.0%	981.753 μs	1	981.753 μs	981.753 μs	981.753 μs	981.753 μs	0 ns	PushPop	:{'Module': 'LlamaForCausalLM.model.layers.9', 'Inputs': [[84], [84, 2048], [84, 2048]]}
0.0%	978.745 μs	1	978.745 μs	978.745 μs	978.745 μs	978.745 μs	0 ns	PushPop	:{'Module': 'LlamaForCausalLM.model.layers.13', 'Inputs': [[52], [52, 2048], [52, 2048]]}
0.0%	978.220 μs	1	978.220 μs	978.220 μs	978.220 μs	978.220 μs	0 ns	PushPop	:{'Module': 'LlamaForCausalLM.model.layers.6', 'Inputs': [[52], [52, 2048], [52, 2048]]}
0.0%	976.930 μs	1	976.930 μs	976.930 μs	976.930 μs	976.930 μs	0 ns	PushPop	:{'Module': 'LlamaForCausalLM.model.layers.10', 'Inputs': [[84], [84, 2048], [84, 2048]]}
0.0%	976.199 μs	1	976.199 μs	976.199 μs	976.199 μs	976.199 μs	0 ns	PushPop	:{'Module': 'LlamaForCausalLM.model.layers.10', 'Inputs': [[4], [4, 2048], [4, 2048]]}
0.0%	975.859 μs	1	975.859 μs	975.859 μs	975.859 μs	975.859 μs	0 ns	PushPop	:{'Module': 'LlamaForCausalLM.model.layers.14', 'Inputs': [[99], [99, 2048], [99, 2048]]}
0.0%	974.902 μs	1	974.902 μs	974.902 μs	974.902 μs	974.902 μs	0 ns	PushPop	:{'Module': 'LlamaForCausalLM.model.layers.2', 'Inputs': [[20], [20, 2048], [20, 2048]]}
0.0%	974.884 μs	1	974.884 μs	974.884 μs	974.884 μs	974.884 μs	0 ns	PushPop	:{'Module': 'LlamaForCausalLM.model.layers.10', 'Inputs': [[36], [36, 2048], [36, 2048]]}
0.0%	973.822 μs	1	973.822 μs	973.822 μs	973.822 μs	973.822 μs	0 ns	PushPop	:{'Module': 'LlamaForCausalLM.model.layers.6', 'Inputs': [[36], [36, 2048], [36, 2048]]}
0.0%	973.712 μs	1	973.712 μs	973.712 μs	973.712 μs	973.712 μs	0 ns	PushPop	:{'Module': 'LlamaForCausalLM.model.layers.11', 'Inputs': [[20], [20, 2048], [20, 2048]]}
0.0%	973.353 μs	1	973.353 μs	973.353 μs	973.353 μs	973.353 μs	0 ns	PushPop	:{'Module': 'LlamaForCausalLM.model.layers.13', 'Inputs': [[20], [20, 2048], [20, 2048]]}
0.0%	972.956 μs	1	972.956 μs	972.956 μs	972.956 μs	972.956 μs	0 ns	PushPop	:{'Module': 'LlamaForCausalLM.model.layers.10', 'Inputs': [[256], [256, 2048], [256, 2048]]}
0.0%	972.634 μs	1	972.634 μs	972.634 μs	972.634 μs	972.634 μs	0 ns	PushPop	:{'Module': 'LlamaForCausalLM.model.layers.7', 'Inputs': [[68], [68, 2048], [68, 2048]]}
0.0%	971.973 μs	1	971.973 μs	971.973 μs	971.973 μs	971.973 μs	0 ns	PushPop	:{'Module': 'LlamaForCausalLM.model.layers.10', 'Inputs': [[99], [99, 2048], [99, 2048]]}
0.0%	971.633 μs	1	971.633 μs	971.633 μs	971.633 μs	971.633 μs	0 ns	PushPop	:{'Module': 'LlamaForCausalLM.model.layers.5', 'Inputs': [[52], [52, 2048], [52, 2048]]}
0.0%	970.650 μs	1	970.650 μs	970.650 μs	970.650 μs	970.650 μs	0 ns	PushPop	:{'Module': 'LlamaForCausalLM.model.layers.11', 'Inputs': [[99], [99, 2048], [99, 2048]]}
0.0%	968.953 μs	1	968.953 μs	968.953 μs	968.953 μs	968.953 μs	0 ns	PushPop	:{'Module': 'LlamaForCausalLM.model.layers.2', 'Inputs': [[4], [4, 2048], [4, 2048]]}
0.0%	967.116 μs	1	967.116 μs	967.116 μs	967.116 μs	967.116 μs	0 ns	PushPop	:{'Module': 'LlamaForCausalLM.model.layers.3', 'Inputs': [[4], [4, 2048], [4, 2048]]}
0.0%	966.720 μs	1	966.720 μs	966.720 μs	966.720 μs	966.720 μs	0 ns	PushPop	:{'Module': 'LlamaForCausalLM.model.layers.5', 'Inputs': [[36], [36, 2048], [36, 2048]]}
0.0%	966.519 μs	1	966.519 μs	966.519 μs	966.519 μs	966.519 μs	0 ns	PushPop	:{'Module': 'LlamaForCausalLM.model.layers.12', 'Inputs': [[99], [99, 2048], [99, 2048]]}
0.0%	966.518 μs	1	966.518 μs	966.518 μs	966.518 μs	966.518 μs	0 ns	PushPop	:{'Module': 'LlamaForCausalLM.model.layers.2', 'Inputs': [[99], [99, 2048], [99, 2048]]}
0.0%	965.399 μs	1	965.399 μs	965.399 μs	965.399 μs	965.399 μs	0 ns	PushPop	:{'Module': 'LlamaForCausalLM.model.layers.9', 'Inputs': [[4], [4, 2048], [4, 2048]]}
0.0%	964.921 μs	1	964.921 μs	964.921 μs	964.921 μs	964.921 μs	0 ns	PushPop	:{'Module': 'LlamaForCausalLM.model.layers.15', 'Inputs': [[52], [52, 2048], [52, 2048]]}
0.0%	961.594 μs	1	961.594 μs	961.594 μs	961.594 μs	961.594 μs	0 ns	PushPop	:{'Module': 'LlamaForCausalLM.model.layers.3', 'Inputs': [[20], [20, 2048], [20, 2048]]}
0.0%	961.434 μs	1	961.434 μs	961.434 μs	961.434 μs	961.434 μs	0 ns	PushPop	:{'Module': 'LlamaForCausalLM.model.layers.12', 'Inputs': [[4], [4, 2048], [4, 2048]]}
0.0%	959.580 μs	1	959.580 μs	959.580 μs	959.580 μs	959.580 μs	0 ns	PushPop	:{'Module': 'LlamaForCausalLM.model.layers.4', 'Inputs': [[52], [52, 2048], [52, 2048]]}
0.0%	958.834 μs	1	958.834 μs	958.834 μs	958.834 μs	958.834 μs	0 ns	PushPop	:{'Module': 'LlamaForCausalLM.model.layers.5', 'Inputs': [[84], [84, 2048], [84, 2048]]}
0.0%	955.411 μs	1	955.411 μs	955.411 μs	955.411 μs	955.411 μs	0 ns	PushPop	:{'Module': 'LlamaForCausalLM.model.layers.11', 'Inputs': [[36], [36, 2048], [36, 2048]]}
0.0%	955.386 μs	1	955.386 μs	955.386 μs	955.386 μs	955.386 μs	0 ns	PushPop	:{'Module': 'LlamaForCausalLM.model.layers.8', 'Inputs': [[84], [84, 2048], [84, 2048]]}
0.0%	954.887 μs	1	954.887 μs	954.887 μs	954.887 μs	954.887 μs	0 ns	PushPop	:{'Module': 'LlamaForCausalLM.model.layers.11', 'Inputs': [[256], [256, 2048], [256, 2048]]}
0.0%	953.647 μs	1	953.647 μs	953.647 μs	953.647 μs	953.647 μs	0 ns	PushPop	:{'Module': 'LlamaForCausalLM.model.layers.9', 'Inputs': [[20], [20, 2048], [20, 2048]]}
0.0%	952.569 μs	1	952.569 μs	952.569 μs	952.569 μs	952.569 μs	0 ns	PushPop	:{'Module': 'LlamaForCausalLM.model.layers.7', 'Inputs': [[20], [20, 2048], [20, 2048]]}
0.0%	950.537 μs	1	950.537 μs	950.537 μs	950.537 μs	950.537 μs	0 ns	PushPop	:{'Module': 'LlamaForCausalLM.model.layers.4', 'Inputs': [[256], [256, 2048], [256, 2048]]}
0.0%	948.167 μs	1	948.167 μs	948.167 μs	948.167 μs	948.167 μs	0 ns	PushPop	:{'Module': 'LlamaForCausalLM.model.layers.13', 'Inputs': [[36], [36, 2048], [36, 2048]]}
0.0%	946.336 μs	1	946.336 μs	946.336 μs	946.336 μs	946.336 μs	0 ns	PushPop	:{'Module': 'LlamaForCausalLM.model.layers.4', 'Inputs': [[36], [36, 2048], [36, 2048]]}
0.0%	946.242 μs	1	946.242 μs	946.242 μs	946.242 μs	946.242 μs	0 ns	PushPop	:{'Module': 'LlamaForCausalLM.model.layers.7.self_attn', 'positions': [[512]], 'hidden_states': [[512, 2048]]}
0.0%	941.356 μs	1	941.356 μs	941.356 μs	941.356 μs	941.356 μs	0 ns	PushPop	:{'Module': 'LlamaForCausalLM.model.layers.3', 'Inputs': [[36], [36, 2048], [36, 2048]]}
0.0%	941.271 μs	1	941.271 μs	941.271 μs	941.271 μs	941.271 μs	0 ns	PushPop	:{'Module': 'LlamaForCausalLM.model.layers.2', 'Inputs': [[256], [256, 2048], [256, 2048]]}
0.0%	940.729 μs	1	940.729 μs	940.729 μs	940.729 μs	940.729 μs	0 ns	PushPop	:{'Module': 'LlamaForCausalLM.model.layers.12', 'Inputs': [[36], [36, 2048], [36, 2048]]}
0.0%	939.166 μs	1	939.166 μs	939.166 μs	939.166 μs	939.166 μs	0 ns	PushPop	:{'Module': 'LlamaForCausalLM.model.layers.0.self_attn', 'positions': [[256]], 'hidden_states': [[256, 2048]]}
0.0%	938.926 μs	1	938.926 μs	938.926 μs	938.926 μs	938.926 μs	0 ns	PushPop	:{'Module': 'LlamaForCausalLM.model.layers.15', 'Inputs': [[84], [84, 2048], [84, 2048]]}
0.0%	938.600 μs	1	938.600 μs	938.600 μs	938.600 μs	938.600 μs	0 ns	PushPop	:{'Module': 'LlamaForCausalLM.model.layers.15', 'Inputs': [[36], [36, 2048], [36, 2048]]}
0.0%	938.412 μs	1	938.412 μs	938.412 μs	938.412 μs	938.412 μs	0 ns	PushPop	:{'Module': 'LlamaForCausalLM.model.layers.14', 'Inputs': [[4], [4, 2048], [4, 2048]]}
0.0%	937.018 μs	1	937.018 μs	937.018 μs	937.018 μs	937.018 μs	0 ns	PushPop	:{'Module': 'LlamaForCausalLM.model.layers.3', 'Inputs': [[256], [256, 2048], [256, 2048]]}
0.0%	935.814 μs	1	935.814 μs	935.814 μs	935.814 μs	935.814 μs	0 ns	PushPop	:{'Module': 'LlamaForCausalLM.model.layers.14', 'Inputs': [[36], [36, 2048], [36, 2048]]}
0.0%	935.145 μs	1	935.145 μs	935.145 μs	935.145 μs	935.145 μs	0 ns	PushPop	:{'Module': 'LlamaForCausalLM.model.layers.7', 'Inputs': [[4], [4, 2048], [4, 2048]]}
0.0%	934.275 μs	1	934.275 μs	934.275 μs	934.275 μs	934.275 μs	0 ns	PushPop	:{'Module': 'LlamaForCausalLM.model.layers.6', 'Inputs': [[4], [4, 2048], [4, 2048]]}
0.0%	933.299 μs	1	933.299 μs	933.299 μs	933.299 μs	933.299 μs	0 ns	PushPop	:{'Module': 'LlamaForCausalLM.model.layers.6', 'Inputs': [[20], [20, 2048], [20, 2048]]}
0.0%	932.364 μs	1	932.364 μs	932.364 μs	932.364 μs	932.364 μs	0 ns	PushPop	:{'Module': 'LlamaForCausalLM.model.layers.12', 'Inputs': [[20], [20, 2048], [20, 2048]]}
0.0%	932.328 μs	1	932.328 μs	932.328 μs	932.328 μs	932.328 μs	0 ns	PushPop	:{'Module': 'LlamaForCausalLM.model.layers.4', 'Inputs': [[4], [4, 2048], [4, 2048]]}
0.0%	931.749 μs	1	931.749 μs	931.749 μs	931.749 μs	931.749 μs	0 ns	PushPop	:{'Module': 'LlamaForCausalLM.model.layers.5', 'Inputs': [[20], [20, 2048], [20, 2048]]}
0.0%	929.699 μs	1	929.699 μs	929.699 μs	929.699 μs	929.699 μs	0 ns	PushPop	:{'Module': 'LlamaForCausalLM.model.layers.5', 'Inputs': [[4], [4, 2048], [4, 2048]]}
0.0%	929.515 μs	1	929.515 μs	929.515 μs	929.515 μs	929.515 μs	0 ns	PushPop	:{'Module': 'LlamaForCausalLM.model.layers.4', 'Inputs': [[20], [20, 2048], [20, 2048]]}
0.0%	927.117 μs	1	927.117 μs	927.117 μs	927.117 μs	927.117 μs	0 ns	PushPop	:{'Module': 'LlamaForCausalLM.model.layers.14', 'Inputs': [[20], [20, 2048], [20, 2048]]}
0.0%	926.637 μs	1	926.637 μs	926.637 μs	926.637 μs	926.637 μs	0 ns	PushPop	:{'Module': 'LlamaForCausalLM.model.layers.15', 'Inputs': [[20], [20, 2048], [20, 2048]]}
0.0%	919.188 μs	1	919.188 μs	919.188 μs	919.188 μs	919.188 μs	0 ns	PushPop	:{'Module': 'LlamaForCausalLM.model.layers.5', 'Inputs': [[256], [256, 2048], [256, 2048]]}
0.0%	918.221 μs	1	918.221 μs	918.221 μs	918.221 μs	918.221 μs	0 ns	PushPop	:{'Module': 'LlamaForCausalLM.model.layers.13', 'Inputs': [[256], [256, 2048], [256, 2048]]}
0.0%	916.170 μs	1	916.170 μs	916.170 μs	916.170 μs	916.170 μs	0 ns	PushPop	:{'Module': 'LlamaForCausalLM.model.layers.6', 'Inputs': [[256], [256, 2048], [256, 2048]]}
0.0%	912.769 μs	1	912.769 μs	912.769 μs	912.769 μs	912.769 μs	0 ns	PushPop	:{'Module': 'LlamaForCausalLM.model.layers.15', 'Inputs': [[256], [256, 2048], [256, 2048]]}
0.0%	908.750 μs	1	908.750 μs	908.750 μs	908.750 μs	908.750 μs	0 ns	PushPop	:{'Module': 'LlamaForCausalLM.model.layers.7', 'Inputs': [[256], [256, 2048], [256, 2048]]}
0.0%	906.630 μs	1	906.630 μs	906.630 μs	906.630 μs	906.630 μs	0 ns	PushPop	:{'Module': 'LlamaForCausalLM.model.layers.9', 'Inputs': [[256], [256, 2048], [256, 2048]]}
0.0%	896.944 μs	1	896.944 μs	896.944 μs	896.944 μs	896.944 μs	0 ns	PushPop	:{'Module': 'LlamaForCausalLM.model.layers.8', 'Inputs': [[256], [256, 2048], [256, 2048]]}
0.0%	878.744 μs	1	878.744 μs	878.744 μs	878.744 μs	878.744 μs	0 ns	PushPop	:{'Module': 'LlamaForCausalLM.model.layers.14', 'Inputs': [[256], [256, 2048], [256, 2048]]}
0.0%	860.243 μs	16	53.765 μs	35.238 μs	33.808 μs	268.368 μs	58.196 μs	PushPop	:{'Module': 'LlamaForCausalLM.model.layers.0.self_attn.rotary_emb', 'Inputs': [[512], [512, 2048], [512, 512]]}
0.0%	840.000 μs	1	840.000 μs	840.000 μs	840.000 μs	840.000 μs	0 ns	PushPop	:{'Module': 'LlamaForCausalLM.model.layers.0.self_attn', 'positions': [[1873]], 'hidden_states': [[1873, 2048]]}
0.0%	818.531 μs	1	818.531 μs	818.531 μs	818.531 μs	818.531 μs	0 ns	PushPop	:{'Module': 'LlamaForCausalLM.model.layers.12.self_attn', 'positions': [[512]], 'hidden_states': [[512, 2048]]}
0.0%	811.397 μs	1	811.397 μs	811.397 μs	811.397 μs	811.397 μs	0 ns	PushPop	:{'Module': 'LlamaForCausalLM.model.layers.0.self_attn', 'positions': [[99]], 'hidden_states': [[99, 2048]]}
0.0%	801.817 μs	1	801.817 μs	801.817 μs	801.817 μs	801.817 μs	0 ns	PushPop	:{'Module': 'LlamaForCausalLM.model.layers.1.self_attn', 'positions': [[512]], 'hidden_states': [[512, 2048]]}
0.0%	780.674 μs	1	780.674 μs	780.674 μs	780.674 μs	780.674 μs	0 ns	PushPop	:{'Module': 'LlamaForCausalLM.model.layers.8.self_attn', 'positions': [[512]], 'hidden_states': [[512, 2048]]}
0.0%	780.484 μs	1	780.484 μs	780.484 μs	780.484 μs	780.484 μs	0 ns	PushPop	:{'Module': 'LlamaForCausalLM.model.layers.0.self_attn', 'positions': [[20]], 'hidden_states': [[20, 2048]]}
0.0%	770.278 μs	1	770.278 μs	770.278 μs	770.278 μs	770.278 μs	0 ns	PushPop	:{'Module': 'LlamaForCausalLM.model.layers.0.self_attn', 'positions': [[52]], 'hidden_states': [[52, 2048]]}
0.0%	739.473 μs	504	1.467 μs	1.438 μs	1.235 μs	11.473 μs	454 ns	PushPop	:{'Module': 'LlamaForCausalLM.model.embed_tokens', 'TrainableParams': {'weight': [128256, 2048]}, 'Outputs': [[100, 2048]]}
0.0%	728.381 μs	1	728.381 μs	728.381 μs	728.381 μs	728.381 μs	0 ns	PushPop	:{'Module': 'LlamaForCausalLM.model.layers.0.mlp', 'Inputs': [[256, 2048]]}
0.0%	701.356 μs	504	1.391 μs	1.302 μs	1.124 μs	18.448 μs	978 ns	PushPop	:{'Module': 'LlamaForCausalLM.model.layers.8.self_attn.attn', 'Outputs': [[100, 2048]]}
0.0%	695.527 μs	504	1.380 μs	1.262 μs	1.110 μs	16.898 μs	1.176 μs	PushPop	:{'Module': 'LlamaForCausalLM.model.layers.1.self_attn.attn', 'Outputs': [[100, 2048]]}
0.0%	693.158 μs	1	693.158 μs	693.158 μs	693.158 μs	693.158 μs	0 ns	PushPop	:{'Module': 'LlamaForCausalLM.model.layers.0.self_attn.qkv_proj', 'TrainableParams': {'weight': [3072, 2048]}, 'Inputs': [[512, 2048]]}
0.0%	692.803 μs	1	692.803 μs	692.803 μs	692.803 μs	692.803 μs	0 ns	PushPop	:{'Module': 'LlamaForCausalLM.model.layers.0.self_attn', 'positions': [[4]], 'hidden_states': [[4, 2048]]}
0.0%	690.823 μs	1	690.823 μs	690.823 μs	690.823 μs	690.823 μs	0 ns	PushPop	:{'Module': 'LlamaForCausalLM.model.layers.0.self_attn', 'positions': [[68]], 'hidden_states': [[68, 2048]]}
0.0%	690.652 μs	504	1.370 μs	1.299 μs	1.105 μs	11.342 μs	685 ns	PushPop	:{'Module': 'LlamaForCausalLM.model.layers.2.self_attn.attn', 'Outputs': [[100, 2048]]}
0.0%	690.200 μs	504	1.369 μs	1.298 μs	1.147 μs	16.847 μs	896 ns	PushPop	:{'Module': 'LlamaForCausalLM.model.layers.0.self_attn.attn', 'Outputs': [[100, 2048]]}
0.0%	686.971 μs	504	1.363 μs	1.286 μs	1.117 μs	11.455 μs	696 ns	PushPop	:{'Module': 'LlamaForCausalLM.model.layers.6.self_attn.attn', 'Outputs': [[100, 2048]]}
0.0%	686.848 μs	1	686.848 μs	686.848 μs	686.848 μs	686.848 μs	0 ns	PushPop	:{'Module': 'LlamaForCausalLM.model.layers.1.self_attn', 'positions': [[16]], 'hidden_states': [[16, 2048]]}
0.0%	684.153 μs	504	1.357 μs	1.295 μs	1.152 μs	17.074 μs	902 ns	PushPop	:{'Module': 'LlamaForCausalLM.model.layers.15.self_attn.attn', 'Outputs': [[100, 2048]]}
0.0%	682.993 μs	504	1.355 μs	1.288 μs	1.108 μs	13.519 μs	764 ns	PushPop	:{'Module': 'LlamaForCausalLM.model.layers.11.self_attn.attn', 'Outputs': [[100, 2048]]}
0.0%	682.867 μs	1	682.867 μs	682.867 μs	682.867 μs	682.867 μs	0 ns	PushPop	:{'Module': 'LlamaForCausalLM.model.layers.12.self_attn', 'positions': [[256]], 'hidden_states': [[256, 2048]]}
0.0%	682.103 μs	504	1.353 μs	1.290 μs	1.158 μs	16.876 μs	800 ns	PushPop	:{'Module': 'LlamaForCausalLM.model.layers.10.self_attn.attn', 'Outputs': [[100, 2048]]}
0.0%	679.759 μs	1	679.759 μs	679.759 μs	679.759 μs	679.759 μs	0 ns	PushPop	:{'Module': 'LlamaForCausalLM.model.layers.2.self_attn', 'positions': [[512]], 'hidden_states': [[512, 2048]]}
0.0%	678.414 μs	504	1.346 μs	1.221 μs	1.036 μs	42.753 μs	1.926 μs	PushPop	:{'Module': 'LlamaForCausalLM.model.layers.5.self_attn.o_proj', 'TrainableParams': {'weight': [2048, 2048]}, 'Outputs': [[100, 2048]]}
0.0%	675.141 μs	1	675.141 μs	675.141 μs	675.141 μs	675.141 μs	0 ns	PushPop	:{'Module': 'LlamaForCausalLM.model.layers.0.self_attn', 'positions': [[84]], 'hidden_states': [[84, 2048]]}
0.0%	674.439 μs	504	1.338 μs	1.300 μs	1.143 μs	7.508 μs	399 ns	PushPop	:{'Module': 'LlamaForCausalLM.model.layers.7.self_attn.attn', 'Outputs': [[100, 2048]]}
0.0%	672.652 μs	504	1.334 μs	1.301 μs	1.172 μs	11.446 μs	460 ns	PushPop	:{'Module': 'LlamaForCausalLM.model.layers.9.self_attn.attn', 'Outputs': [[100, 2048]]}
0.0%	672.125 μs	504	1.333 μs	1.287 μs	1.134 μs	9.055 μs	517 ns	PushPop	:{'Module': 'LlamaForCausalLM.model.layers.3.self_attn.attn', 'Outputs': [[100, 2048]]}
0.0%	671.554 μs	504	1.332 μs	1.287 μs	1.154 μs	16.971 μs	703 ns	PushPop	:{'Module': 'LlamaForCausalLM.model.layers.14.self_attn.attn', 'Outputs': [[100, 2048]]}
0.0%	671.150 μs	6	111.858 μs	112.812 μs	96.118 μs	127.384 μs	13.101 μs	PushPop	:{'Module': 'LlamaForCausalLM.model.embed_tokens', 'TrainableParams': {'weight': [128256, 2048]}, 'Inputs': [[8192]]}
0.0%	663.112 μs	504	1.315 μs	1.292 μs	1.144 μs	8.377 μs	325 ns	PushPop	:{'Module': 'LlamaForCausalLM.model.layers.13.self_attn.attn', 'Outputs': [[100, 2048]]}
0.0%	662.545 μs	504	1.314 μs	1.228 μs	1.074 μs	16.665 μs	856 ns	PushPop	:{'Module': 'LlamaForCausalLM.model.layers.7.self_attn.o_proj', 'TrainableParams': {'weight': [2048, 2048]}, 'Outputs': [[100, 2048]]}
0.0%	661.504 μs	1	661.504 μs	661.504 μs	661.504 μs	661.504 μs	0 ns	PushPop	:{'Module': 'LlamaForCausalLM.model.layers.0.self_attn', 'positions': [[36]], 'hidden_states': [[36, 2048]]}
0.0%	661.059 μs	504	1.311 μs	1.287 μs	1.133 μs	6.664 μs	258 ns	PushPop	:{'Module': 'LlamaForCausalLM.model.layers.5.self_attn.attn', 'Outputs': [[100, 2048]]}
0.0%	660.859 μs	504	1.311 μs	1.226 μs	1.044 μs	16.584 μs	911 ns	PushPop	:{'Module': 'LlamaForCausalLM.model.layers.2.self_attn.o_proj', 'TrainableParams': {'weight': [2048, 2048]}, 'Outputs': [[100, 2048]]}
0.0%	660.465 μs	504	1.310 μs	1.290 μs	1.103 μs	9.169 μs	358 ns	PushPop	:{'Module': 'LlamaForCausalLM.model.layers.12.self_attn.attn', 'Outputs': [[100, 2048]]}
0.0%	655.380 μs	504	1.300 μs	1.288 μs	1.107 μs	1.635 μs	74 ns	PushPop	:{'Module': 'LlamaForCausalLM.model.layers.4.self_attn.attn', 'Outputs': [[100, 2048]]}
0.0%	653.619 μs	504	1.296 μs	1.236 μs	1.075 μs	16.786 μs	741 ns	PushPop	:{'Module': 'LlamaForCausalLM.model.layers.0.self_attn.o_proj', 'TrainableParams': {'weight': [2048, 2048]}, 'Outputs': [[100, 2048]]}
0.0%	649.685 μs	504	1.289 μs	1.218 μs	1.068 μs	11.356 μs	705 ns	PushPop	:{'Module': 'LlamaForCausalLM.model.layers.14.self_attn.o_proj', 'TrainableParams': {'weight': [2048, 2048]}, 'Outputs': [[100, 2048]]}
0.0%	647.580 μs	504	1.284 μs	1.224 μs	1.056 μs	16.929 μs	794 ns	PushPop	:{'Module': 'LlamaForCausalLM.model.layers.9.self_attn.o_proj', 'TrainableParams': {'weight': [2048, 2048]}, 'Outputs': [[100, 2048]]}
0.0%	646.113 μs	504	1.282 μs	1.226 μs	1.071 μs	11.305 μs	614 ns	PushPop	:{'Module': 'LlamaForCausalLM.model.layers.3.self_attn.o_proj', 'TrainableParams': {'weight': [2048, 2048]}, 'Outputs': [[100, 2048]]}
0.0%	645.167 μs	504	1.280 μs	1.222 μs	1.059 μs	11.364 μs	620 ns	PushPop	:{'Module': 'LlamaForCausalLM.model.layers.15.self_attn.o_proj', 'TrainableParams': {'weight': [2048, 2048]}, 'Outputs': [[100, 2048]]}
0.0%	641.076 μs	504	1.272 μs	1.210 μs	1.049 μs	16.814 μs	833 ns	PushPop	:{'Module': 'LlamaForCausalLM.model.layers.12.self_attn.o_proj', 'TrainableParams': {'weight': [2048, 2048]}, 'Outputs': [[100, 2048]]}
0.0%	638.679 μs	504	1.267 μs	1.193 μs	1.030 μs	16.597 μs	882 ns	PushPop	:{'Module': 'LlamaForCausalLM.model.layers.1.self_attn.o_proj', 'TrainableParams': {'weight': [2048, 2048]}, 'Outputs': [[100, 2048]]}
0.0%	637.364 μs	1	637.364 μs	637.364 μs	637.364 μs	637.364 μs	0 ns	PushPop	:{'Module': 'LlamaForCausalLM.model.layers.1.self_attn', 'positions': [[52]], 'hidden_states': [[52, 2048]]}
0.0%	635.897 μs	504	1.261 μs	1.151 μs	999 ns	16.722 μs	1.010 μs	PushPop	:{'Module': 'LlamaForCausalLM.model.layers.7.input_layernorm', 'TrainableParams': {'weight': [2048]}, 'Outputs': [[100, 2048], [100, 2048]]}
0.0%	635.724 μs	504	1.261 μs	1.213 μs	1.063 μs	16.968 μs	705 ns	PushPop	:{'Module': 'LlamaForCausalLM.model.layers.10.self_attn.o_proj', 'TrainableParams': {'weight': [2048, 2048]}, 'Outputs': [[100, 2048]]}
0.0%	633.020 μs	1	633.020 μs	633.020 μs	633.020 μs	633.020 μs	0 ns	PushPop	:{'Module': 'LlamaForCausalLM.model.layers.2.self_attn', 'positions': [[16]], 'hidden_states': [[16, 2048]]}
0.0%	631.417 μs	504	1.252 μs	1.222 μs	1.076 μs	11.657 μs	470 ns	PushPop	:{'Module': 'LlamaForCausalLM.model.layers.8.self_attn.o_proj', 'TrainableParams': {'weight': [2048, 2048]}, 'Outputs': [[100, 2048]]}
0.0%	631.118 μs	504	1.252 μs	1.209 μs	1.066 μs	9.525 μs	467 ns	PushPop	:{'Module': 'LlamaForCausalLM.model.layers.13.self_attn.o_proj', 'TrainableParams': {'weight': [2048, 2048]}, 'Outputs': [[100, 2048]]}
0.0%	629.132 μs	504	1.248 μs	1.218 μs	1.048 μs	8.109 μs	321 ns	PushPop	:{'Module': 'LlamaForCausalLM.model.layers.11.self_attn.o_proj', 'TrainableParams': {'weight': [2048, 2048]}, 'Outputs': [[100, 2048]]}
0.0%	628.842 μs	1	628.842 μs	628.842 μs	628.842 μs	628.842 μs	0 ns	PushPop	:{'Module': 'LlamaForCausalLM.model.layers.1.self_attn', 'positions': [[4]], 'hidden_states': [[4, 2048]]}
0.0%	627.714 μs	1	627.714 μs	627.714 μs	627.714 μs	627.714 μs	0 ns	PushPop	:{'Module': 'LlamaForCausalLM.model.layers.8.self_attn', 'positions': [[99]], 'hidden_states': [[99, 2048]]}
0.0%	627.442 μs	504	1.244 μs	1.218 μs	1.047 μs	8.595 μs	340 ns	PushPop	:{'Module': 'LlamaForCausalLM.model.layers.4.self_attn.o_proj', 'TrainableParams': {'weight': [2048, 2048]}, 'Outputs': [[100, 2048]]}
0.0%	622.685 μs	504	1.235 μs	1.207 μs	1.063 μs	7.955 μs	311 ns	PushPop	:{'Module': 'LlamaForCausalLM.model.layers.6.self_attn.o_proj', 'TrainableParams': {'weight': [2048, 2048]}, 'Outputs': [[100, 2048]]}
0.0%	621.700 μs	504	1.233 μs	1.147 μs	986 ns	16.686 μs	877 ns	PushPop	:{'Module': 'LlamaForCausalLM.model.layers.11.mlp.down_proj', 'TrainableParams': {'weight': [2048, 8192]}, 'Outputs': [[100, 2048]]}
0.0%	621.519 μs	504	1.233 μs	1.144 μs	958 ns	16.651 μs	1.077 μs	PushPop	:{'Module': 'LlamaForCausalLM.model.layers.5.post_attention_layernorm', 'TrainableParams': {'weight': [2048]}, 'Outputs': [[100, 2048], [100, 2048]]}
0.0%	621.511 μs	504	1.233 μs	1.183 μs	990 ns	11.654 μs	639 ns	PushPop	:{'Module': 'LlamaForCausalLM.model.layers.0.input_layernorm', 'TrainableParams': {'weight': [2048]}, 'Outputs': [[100, 2048]]}
0.0%	619.825 μs	504	1.229 μs	1.157 μs	1.027 μs	11.271 μs	709 ns	PushPop	:{'Module': 'LlamaForCausalLM.model.layers.3.mlp.down_proj', 'TrainableParams': {'weight': [2048, 8192]}, 'Outputs': [[100, 2048]]}
0.0%	619.292 μs	504	1.228 μs	1.205 μs	1.039 μs	9.314 μs	369 ns	PushPop	:{'Module': 'LlamaForCausalLM.model.layers.0.self_attn.qkv_proj', 'TrainableParams': {'weight': [3072, 2048]}, 'Outputs': [[100, 3072]]}
0.0%	619.176 μs	504	1.228 μs	1.160 μs	1.023 μs	15.238 μs	756 ns	PushPop	:{'Module': 'LlamaForCausalLM.model.layers.8.mlp.down_proj', 'TrainableParams': {'weight': [2048, 8192]}, 'Outputs': [[100, 2048]]}
0.0%	618.385 μs	1	618.385 μs	618.385 μs	618.385 μs	618.385 μs	0 ns	PushPop	:{'Module': 'LlamaForCausalLM.model.layers.11.self_attn', 'positions': [[16]], 'hidden_states': [[16, 2048]]}
0.0%	617.905 μs	504	1.226 μs	1.149 μs	985 ns	16.590 μs	880 ns	PushPop	:{'Module': 'LlamaForCausalLM.model.layers.7.post_attention_layernorm', 'TrainableParams': {'weight': [2048]}, 'Outputs': [[100, 2048], [100, 2048]]}
0.0%	617.507 μs	504	1.225 μs	1.159 μs	1.001 μs	13.121 μs	760 ns	PushPop	:{'Module': 'LlamaForCausalLM.model.layers.6.mlp.down_proj', 'TrainableParams': {'weight': [2048, 8192]}, 'Outputs': [[100, 2048]]}
0.0%	616.235 μs	504	1.222 μs	1.148 μs	1.006 μs	13.981 μs	801 ns	PushPop	:{'Module': 'LlamaForCausalLM.model.layers.15.mlp.down_proj', 'TrainableParams': {'weight': [2048, 8192]}, 'Outputs': [[100, 2048]]}
0.0%	616.041 μs	504	1.222 μs	1.155 μs	972 ns	16.529 μs	826 ns	PushPop	:{'Module': 'LlamaForCausalLM.model.layers.5.input_layernorm', 'TrainableParams': {'weight': [2048]}, 'Outputs': [[100, 2048], [100, 2048]]}
0.0%	615.909 μs	1	615.909 μs	615.909 μs	615.909 μs	615.909 μs	0 ns	PushPop	:{'Module': 'LlamaForCausalLM.model.layers.4.self_attn', 'positions': [[16]], 'hidden_states': [[16, 2048]]}
0.0%	614.381 μs	1	614.381 μs	614.381 μs	614.381 μs	614.381 μs	0 ns	PushPop	:{'Module': 'LlamaForCausalLM.model.layers.1.self_attn', 'positions': [[1873]], 'hidden_states': [[1873, 2048]]}
0.0%	612.851 μs	504	1.216 μs	1.147 μs	1.023 μs	16.810 μs	809 ns	PushPop	:{'Module': 'LlamaForCausalLM.model.layers.12.mlp.down_proj', 'TrainableParams': {'weight': [2048, 8192]}, 'Outputs': [[100, 2048]]}
0.0%	612.671 μs	504	1.215 μs	1.134 μs	981 ns	16.764 μs	1.022 μs	PushPop	:{'Module': 'LlamaForCausalLM.model.layers.12.input_layernorm', 'TrainableParams': {'weight': [2048]}, 'Outputs': [[100, 2048], [100, 2048]]}
0.0%	611.919 μs	504	1.214 μs	1.155 μs	988 ns	16.495 μs	771 ns	PushPop	:{'Module': 'LlamaForCausalLM.model.layers.4.post_attention_layernorm', 'TrainableParams': {'weight': [2048]}, 'Outputs': [[100, 2048], [100, 2048]]}
0.0%	611.470 μs	504	1.213 μs	1.111 μs	946 ns	16.669 μs	1.195 μs	PushPop	:{'Module': 'LlamaForCausalLM.model.layers.3.mlp.gate_up_proj', 'TrainableParams': {'weight': [16384, 2048]}, 'Outputs': [[100, 16384]]}
0.0%	610.045 μs	504	1.210 μs	1.165 μs	1.007 μs	16.699 μs	708 ns	PushPop	:{'Module': 'LlamaForCausalLM.model.layers.7.mlp.down_proj', 'TrainableParams': {'weight': [2048, 8192]}, 'Outputs': [[100, 2048]]}
0.0%	608.800 μs	504	1.207 μs	1.138 μs	1.010 μs	16.645 μs	830 ns	PushPop	:{'Module': 'LlamaForCausalLM.model.norm', 'TrainableParams': {'weight': [2048]}, 'Outputs': [[100, 2048], [100, 2048]]}
0.0%	607.878 μs	1	607.878 μs	607.878 μs	607.878 μs	607.878 μs	0 ns	PushPop	:{'Module': 'LlamaForCausalLM.model.layers.5.self_attn', 'positions': [[16]], 'hidden_states': [[16, 2048]]}
0.0%	606.510 μs	504	1.203 μs	1.148 μs	1.000 μs	15.741 μs	672 ns	PushPop	:{'Module': 'LlamaForCausalLM.model.layers.13.mlp.down_proj', 'TrainableParams': {'weight': [2048, 8192]}, 'Outputs': [[100, 2048]]}
0.0%	604.862 μs	504	1.200 μs	1.153 μs	1.016 μs	11.331 μs	564 ns	PushPop	:{'Module': 'LlamaForCausalLM.model.layers.9.mlp.down_proj', 'TrainableParams': {'weight': [2048, 8192]}, 'Outputs': [[100, 2048]]}
0.0%	604.287 μs	504	1.199 μs	1.151 μs	1.006 μs	8.401 μs	538 ns	PushPop	:{'Module': 'LlamaForCausalLM.model.layers.4.input_layernorm', 'TrainableParams': {'weight': [2048]}, 'Outputs': [[100, 2048], [100, 2048]]}
0.0%	604.033 μs	504	1.198 μs	1.170 μs	1.039 μs	8.717 μs	360 ns	PushPop	:{'Module': 'LlamaForCausalLM.model.layers.1.mlp.down_proj', 'TrainableParams': {'weight': [2048, 8192]}, 'Outputs': [[100, 2048]]}
0.0%	603.205 μs	504	1.196 μs	1.131 μs	961 ns	11.442 μs	716 ns	PushPop	:{'Module': 'LlamaForCausalLM.model.layers.8.self_attn.qkv_proj', 'TrainableParams': {'weight': [3072, 2048]}, 'Outputs': [[100, 3072]]}
0.0%	602.991 μs	504	1.196 μs	1.142 μs	969 ns	16.609 μs	757 ns	PushPop	:{'Module': 'LlamaForCausalLM.model.layers.15.input_layernorm', 'TrainableParams': {'weight': [2048]}, 'Outputs': [[100, 2048], [100, 2048]]}
0.0%	602.475 μs	504	1.195 μs	1.151 μs	1.030 μs	8.553 μs	435 ns	PushPop	:{'Module': 'LlamaForCausalLM.model.layers.4.mlp.down_proj', 'TrainableParams': {'weight': [2048, 8192]}, 'Outputs': [[100, 2048]]}
0.0%	601.516 μs	504	1.193 μs	1.159 μs	1.006 μs	8.551 μs	436 ns	PushPop	:{'Module': 'LlamaForCausalLM.model.layers.8.input_layernorm', 'TrainableParams': {'weight': [2048]}, 'Outputs': [[100, 2048], [100, 2048]]}
0.0%	600.430 μs	504	1.191 μs	1.112 μs	959 ns	16.613 μs	981 ns	PushPop	:{'Module': 'LlamaForCausalLM.model.layers.7.mlp.gate_up_proj', 'TrainableParams': {'weight': [16384, 2048]}, 'Outputs': [[100, 16384]]}
0.0%	600.287 μs	504	1.191 μs	1.151 μs	971 ns	10.317 μs	506 ns	PushPop	:{'Module': 'LlamaForCausalLM.model.layers.9.input_layernorm', 'TrainableParams': {'weight': [2048]}, 'Outputs': [[100, 2048], [100, 2048]]}
0.0%	600.200 μs	504	1.190 μs	1.142 μs	994 ns	8.237 μs	521 ns	PushPop	:{'Module': 'LlamaForCausalLM.model.layers.14.input_layernorm', 'TrainableParams': {'weight': [2048]}, 'Outputs': [[100, 2048], [100, 2048]]}
0.0%	599.293 μs	504	1.189 μs	1.135 μs	994 ns	16.696 μs	754 ns	PushPop	:{'Module': 'LlamaForCausalLM.model.layers.13.post_attention_layernorm', 'TrainableParams': {'weight': [2048]}, 'Outputs': [[100, 2048], [100, 2048]]}
0.0%	598.855 μs	504	1.188 μs	1.157 μs	1.001 μs	11.289 μs	458 ns	PushPop	:{'Module': 'LlamaForCausalLM.model.layers.10.mlp.down_proj', 'TrainableParams': {'weight': [2048, 8192]}, 'Outputs': [[100, 2048]]}
0.0%	598.708 μs	16	37.419 μs	34.351 μs	31.933 μs	66.215 μs	8.333 μs	PushPop	:{'Module': 'LlamaForCausalLM.model.layers.0.self_attn.rotary_emb', 'Inputs': [[16], [16, 2048], [16, 512]]}
0.0%	598.549 μs	504	1.187 μs	1.159 μs	985 ns	11.209 μs	454 ns	PushPop	:{'Module': 'LlamaForCausalLM.model.layers.2.input_layernorm', 'TrainableParams': {'weight': [2048]}, 'Outputs': [[100, 2048], [100, 2048]]}
0.0%	597.976 μs	1	597.976 μs	597.976 μs	597.976 μs	597.976 μs	0 ns	PushPop	:{'Module': 'LlamaForCausalLM.model.layers.9.self_attn', 'positions': [[1873]], 'hidden_states': [[1873, 2048]]}
0.0%	597.960 μs	504	1.186 μs	1.161 μs	1.017 μs	8.364 μs	331 ns	PushPop	:{'Module': 'LlamaForCausalLM.model.layers.2.mlp.down_proj', 'TrainableParams': {'weight': [2048, 8192]}, 'Outputs': [[100, 2048]]}
0.0%	597.605 μs	504	1.185 μs	1.105 μs	951 ns	16.714 μs	894 ns	PushPop	:{'Module': 'LlamaForCausalLM.model.layers.2.mlp.gate_up_proj', 'TrainableParams': {'weight': [16384, 2048]}, 'Outputs': [[100, 16384]]}
0.0%	596.950 μs	504	1.184 μs	1.143 μs	1.002 μs	17.045 μs	712 ns	PushPop	:{'Module': 'LlamaForCausalLM.model.layers.3.post_attention_layernorm', 'TrainableParams': {'weight': [2048]}, 'Outputs': [[100, 2048], [100, 2048]]}
0.0%	596.870 μs	504	1.184 μs	1.156 μs	965 ns	9.053 μs	361 ns	PushPop	:{'Module': 'LlamaForCausalLM.model.layers.14.mlp.down_proj', 'TrainableParams': {'weight': [2048, 8192]}, 'Outputs': [[100, 2048]]}
0.0%	596.355 μs	1	596.355 μs	596.355 μs	596.355 μs	596.355 μs	0 ns	PushPop	:{'Module': 'LlamaForCausalLM.model.layers.6.self_attn', 'positions': [[84]], 'hidden_states': [[84, 2048]]}
0.0%	595.630 μs	504	1.181 μs	1.139 μs	1.004 μs	16.520 μs	689 ns	PushPop	:{'Module': 'LlamaForCausalLM.model.layers.6.post_attention_layernorm', 'TrainableParams': {'weight': [2048]}, 'Outputs': [[100, 2048], [100, 2048]]}
0.0%	595.349 μs	504	1.181 μs	1.144 μs	986 ns	8.161 μs	438 ns	PushPop	:{'Module': 'LlamaForCausalLM.model.layers.11.post_attention_layernorm', 'TrainableParams': {'weight': [2048]}, 'Outputs': [[100, 2048], [100, 2048]]}
0.0%	595.087 μs	504	1.180 μs	1.136 μs	1.007 μs	8.619 μs	493 ns	PushPop	:{'Module': 'LlamaForCausalLM.model.layers.11.input_layernorm', 'TrainableParams': {'weight': [2048]}, 'Outputs': [[100, 2048], [100, 2048]]}
0.0%	594.894 μs	505	1.178 μs	1.056 μs	908 ns	16.629 μs	1.144 μs	PushPop	:{'Module': 'LlamaForCausalLM.logits_processor', 'Outputs': [[100, 128256]]}
0.0%	594.554 μs	504	1.179 μs	1.146 μs	1.008 μs	7.352 μs	373 ns	PushPop	:{'Module': 'LlamaForCausalLM.model.layers.15.post_attention_layernorm', 'TrainableParams': {'weight': [2048]}, 'Outputs': [[100, 2048], [100, 2048]]}
0.0%	593.807 μs	504	1.178 μs	1.106 μs	934 ns	16.541 μs	799 ns	PushPop	:{'Module': 'LlamaForCausalLM.model.layers.6.mlp.gate_up_proj', 'TrainableParams': {'weight': [16384, 2048]}, 'Outputs': [[100, 16384]]}
0.0%	593.578 μs	504	1.177 μs	1.145 μs	984 ns	7.497 μs	383 ns	PushPop	:{'Module': 'LlamaForCausalLM.model.layers.10.input_layernorm', 'TrainableParams': {'weight': [2048]}, 'Outputs': [[100, 2048], [100, 2048]]}
0.0%	593.330 μs	504	1.177 μs	1.146 μs	999 ns	11.346 μs	460 ns	PushPop	:{'Module': 'LlamaForCausalLM.model.layers.14.post_attention_layernorm', 'TrainableParams': {'weight': [2048]}, 'Outputs': [[100, 2048], [100, 2048]]}
0.0%	592.609 μs	504	1.175 μs	1.152 μs	1.001 μs	9.093 μs	360 ns	PushPop	:{'Module': 'LlamaForCausalLM.model.layers.2.post_attention_layernorm', 'TrainableParams': {'weight': [2048]}, 'Outputs': [[100, 2048], [100, 2048]]}
0.0%	592.538 μs	504	1.175 μs	1.137 μs	1.005 μs	7.856 μs	425 ns	PushPop	:{'Module': 'LlamaForCausalLM.model.layers.6.input_layernorm', 'TrainableParams': {'weight': [2048]}, 'Outputs': [[100, 2048], [100, 2048]]}
0.0%	590.971 μs	1	590.971 μs	590.971 μs	590.971 μs	590.971 μs	0 ns	PushPop	:{'Module': 'LlamaForCausalLM.model.layers.6.self_attn', 'positions': [[1873]], 'hidden_states': [[1873, 2048]]}
0.0%	590.759 μs	504	1.172 μs	1.159 μs	991 ns	1.750 μs	86 ns	PushPop	:{'Module': 'LlamaForCausalLM.model.layers.1.post_attention_layernorm', 'TrainableParams': {'weight': [2048]}, 'Outputs': [[100, 2048], [100, 2048]]}
0.0%	589.619 μs	504	1.169 μs	1.153 μs	980 ns	8.063 μs	316 ns	PushPop	:{'Module': 'LlamaForCausalLM.model.layers.8.post_attention_layernorm', 'TrainableParams': {'weight': [2048]}, 'Outputs': [[100, 2048], [100, 2048]]}
0.0%	589.574 μs	504	1.169 μs	1.128 μs	986 ns	11.193 μs	562 ns	PushPop	:{'Module': 'LlamaForCausalLM.model.layers.13.input_layernorm', 'TrainableParams': {'weight': [2048]}, 'Outputs': [[100, 2048], [100, 2048]]}
0.0%	589.303 μs	504	1.169 μs	1.124 μs	942 ns	8.902 μs	464 ns	PushPop	:{'Module': 'LlamaForCausalLM.model.layers.0.mlp.gate_up_proj', 'TrainableParams': {'weight': [16384, 2048]}, 'Outputs': [[100, 16384]]}
0.0%	587.780 μs	504	1.166 μs	1.107 μs	947 ns	13.451 μs	715 ns	PushPop	:{'Module': 'LlamaForCausalLM.model.layers.12.mlp.gate_up_proj', 'TrainableParams': {'weight': [16384, 2048]}, 'Outputs': [[100, 16384]]}
0.0%	587.364 μs	504	1.165 μs	1.107 μs	928 ns	8.907 μs	539 ns	PushPop	:{'Module': 'LlamaForCausalLM.model.layers.9.mlp.gate_up_proj', 'TrainableParams': {'weight': [16384, 2048]}, 'Outputs': [[100, 16384]]}
0.0%	587.252 μs	1	587.252 μs	587.252 μs	587.252 μs	587.252 μs	0 ns	PushPop	:{'Module': 'LlamaForCausalLM.model.layers.15.self_attn', 'positions': [[1873]], 'hidden_states': [[1873, 2048]]}
0.0%	587.075 μs	504	1.164 μs	1.104 μs	946 ns	8.446 μs	581 ns	PushPop	:{'Module': 'LlamaForCausalLM.model.layers.5.mlp.gate_up_proj', 'TrainableParams': {'weight': [16384, 2048]}, 'Outputs': [[100, 16384]]}
0.0%	586.904 μs	1	586.904 μs	586.904 μs	586.904 μs	586.904 μs	0 ns	PushPop	:{'Module': 'LlamaForCausalLM.model.layers.13.self_attn', 'positions': [[16]], 'hidden_states': [[16, 2048]]}
0.0%	586.902 μs	1	586.902 μs	586.902 μs	586.902 μs	586.902 μs	0 ns	PushPop	:{'Module': 'LlamaForCausalLM.model.layers.6.self_attn', 'positions': [[16]], 'hidden_states': [[16, 2048]]}
0.0%	586.871 μs	504	1.164 μs	1.148 μs	993 ns	2.277 μs	95 ns	PushPop	:{'Module': 'LlamaForCausalLM.model.layers.10.post_attention_layernorm', 'TrainableParams': {'weight': [2048]}, 'Outputs': [[100, 2048], [100, 2048]]}
0.0%	586.121 μs	504	1.162 μs	1.111 μs	978 ns	11.377 μs	577 ns	PushPop	:{'Module': 'LlamaForCausalLM.model.layers.1.self_attn.qkv_proj', 'TrainableParams': {'weight': [3072, 2048]}, 'Outputs': [[100, 3072]]}
0.0%	586.042 μs	504	1.162 μs	1.107 μs	917 ns	16.529 μs	719 ns	PushPop	:{'Module': 'LlamaForCausalLM.model.layers.1.mlp.gate_up_proj', 'TrainableParams': {'weight': [16384, 2048]}, 'Outputs': [[100, 16384]]}
0.0%	586.023 μs	1	586.023 μs	586.023 μs	586.023 μs	586.023 μs	0 ns	PushPop	:{'Module': 'LlamaForCausalLM.model.layers.10.self_attn', 'positions': [[1873]], 'hidden_states': [[1873, 2048]]}
0.0%	585.978 μs	504	1.162 μs	1.115 μs	975 ns	11.370 μs	558 ns	PushPop	:{'Module': 'LlamaForCausalLM.model.layers.10.self_attn.qkv_proj', 'TrainableParams': {'weight': [3072, 2048]}, 'Outputs': [[100, 3072]]}
0.0%	585.783 μs	504	1.162 μs	1.150 μs	1.025 μs	2.009 μs	81 ns	PushPop	:{'Module': 'LlamaForCausalLM.model.layers.5.mlp.down_proj', 'TrainableParams': {'weight': [2048, 8192]}, 'Outputs': [[100, 2048]]}
0.0%	584.839 μs	504	1.160 μs	1.118 μs	969 ns	16.774 μs	701 ns	PushPop	:{'Module': 'LlamaForCausalLM.model.layers.7.self_attn.qkv_proj', 'TrainableParams': {'weight': [3072, 2048]}, 'Outputs': [[100, 3072]]}
0.0%	583.965 μs	504	1.158 μs	1.139 μs	979 ns	7.456 μs	291 ns	PushPop	:{'Module': 'LlamaForCausalLM.model.layers.12.post_attention_layernorm', 'TrainableParams': {'weight': [2048]}, 'Outputs': [[100, 2048], [100, 2048]]}
0.0%	583.657 μs	504	1.158 μs	1.105 μs	936 ns	8.309 μs	488 ns	PushPop	:{'Module': 'LlamaForCausalLM.model.layers.12.self_attn.qkv_proj', 'TrainableParams': {'weight': [3072, 2048]}, 'Outputs': [[100, 3072]]}
0.0%	583.406 μs	504	1.157 μs	1.108 μs	955 ns	8.380 μs	458 ns	PushPop	:{'Module': 'LlamaForCausalLM.model.layers.14.self_attn.qkv_proj', 'TrainableParams': {'weight': [3072, 2048]}, 'Outputs': [[100, 3072]]}
0.0%	582.918 μs	504	1.156 μs	1.128 μs	981 ns	6.856 μs	271 ns	PushPop	:{'Module': 'LlamaForCausalLM.model.layers.0.mlp.down_proj', 'TrainableParams': {'weight': [2048, 8192]}, 'Outputs': [[100, 2048]]}
0.0%	582.539 μs	1	582.539 μs	582.539 μs	582.539 μs	582.539 μs	0 ns	PushPop	:{'Module': 'LlamaForCausalLM.model.layers.4.self_attn', 'positions': [[1873]], 'hidden_states': [[1873, 2048]]}
0.0%	582.448 μs	504	1.155 μs	1.145 μs	1.003 μs	1.595 μs	78 ns	PushPop	:{'Module': 'LlamaForCausalLM.model.layers.9.post_attention_layernorm', 'TrainableParams': {'weight': [2048]}, 'Outputs': [[100, 2048], [100, 2048]]}
0.0%	582.416 μs	504	1.155 μs	1.145 μs	998 ns	1.622 μs	76 ns	PushPop	:{'Module': 'LlamaForCausalLM.model.layers.3.input_layernorm', 'TrainableParams': {'weight': [2048]}, 'Outputs': [[100, 2048], [100, 2048]]}
0.0%	582.403 μs	504	1.155 μs	1.125 μs	984 ns	11.275 μs	460 ns	PushPop	:{'Module': 'LlamaForCausalLM.model.layers.9.self_attn.qkv_proj', 'TrainableParams': {'weight': [3072, 2048]}, 'Outputs': [[100, 3072]]}
0.0%	580.767 μs	504	1.152 μs	1.112 μs	996 ns	8.335 μs	430 ns	PushPop	:{'Module': 'LlamaForCausalLM.model.layers.11.mlp.gate_up_proj', 'TrainableParams': {'weight': [16384, 2048]}, 'Outputs': [[100, 16384]]}
0.0%	580.585 μs	16	36.286 μs	33.775 μs	30.927 μs	47.050 μs	5.707 μs	PushPop	:{'Module': 'LlamaForCausalLM.model.layers.0.self_attn.rotary_emb', 'Inputs': [[52], [52, 2048], [52, 512]]}
0.0%	580.167 μs	504	1.151 μs	1.116 μs	953 ns	7.033 μs	371 ns	PushPop	:{'Module': 'LlamaForCausalLM.model.layers.2.self_attn.qkv_proj', 'TrainableParams': {'weight': [3072, 2048]}, 'Outputs': [[100, 3072]]}
0.0%	579.845 μs	1	579.845 μs	579.845 μs	579.845 μs	579.845 μs	0 ns	PushPop	:{'Module': 'LlamaForCausalLM.model.layers.6.self_attn', 'positions': [[512]], 'hidden_states': [[512, 2048]]}
0.0%	579.372 μs	1	579.372 μs	579.372 μs	579.372 μs	579.372 μs	0 ns	PushPop	:{'Module': 'LlamaForCausalLM.model.layers.10.self_attn', 'positions': [[16]], 'hidden_states': [[16, 2048]]}
0.0%	577.752 μs	1	577.752 μs	577.752 μs	577.752 μs	577.752 μs	0 ns	PushPop	:{'Module': 'LlamaForCausalLM.model.layers.5.self_attn', 'positions': [[1873]], 'hidden_states': [[1873, 2048]]}
0.0%	576.752 μs	1	576.752 μs	576.752 μs	576.752 μs	576.752 μs	0 ns	PushPop	:{'Module': 'LlamaForCausalLM.model.layers.1.self_attn', 'positions': [[84]], 'hidden_states': [[84, 2048]]}
0.0%	576.339 μs	1	576.339 μs	576.339 μs	576.339 μs	576.339 μs	0 ns	PushPop	:{'Module': 'LlamaForCausalLM.model.layers.7.self_attn.attn', 'Inputs': [[512, 2048], [512, 512], [512, 512]]}
0.0%	576.312 μs	1	576.312 μs	576.312 μs	576.312 μs	576.312 μs	0 ns	PushPop	:{'Module': 'LlamaForCausalLM.model.layers.7.self_attn', 'positions': [[16]], 'hidden_states': [[16, 2048]]}
0.0%	576.130 μs	504	1.143 μs	1.108 μs	956 ns	11.356 μs	463 ns	PushPop	:{'Module': 'LlamaForCausalLM.model.layers.10.mlp.gate_up_proj', 'TrainableParams': {'weight': [16384, 2048]}, 'Outputs': [[100, 16384]]}
0.0%	575.780 μs	504	1.142 μs	1.107 μs	935 ns	11.390 μs	464 ns	PushPop	:{'Module': 'LlamaForCausalLM.model.layers.8.mlp.gate_up_proj', 'TrainableParams': {'weight': [16384, 2048]}, 'Outputs': [[100, 16384]]}
0.0%	575.644 μs	1	575.644 μs	575.644 μs	575.644 μs	575.644 μs	0 ns	PushPop	:{'Module': 'LlamaForCausalLM.model.layers.6.self_attn', 'positions': [[99]], 'hidden_states': [[99, 2048]]}
0.0%	575.530 μs	1	575.530 μs	575.530 μs	575.530 μs	575.530 μs	0 ns	PushPop	:{'Module': 'LlamaForCausalLM.model.layers.8.self_attn', 'positions': [[1873]], 'hidden_states': [[1873, 2048]]}
0.0%	574.671 μs	504	1.140 μs	1.115 μs	964 ns	8.037 μs	318 ns	PushPop	:{'Module': 'LlamaForCausalLM.model.layers.4.self_attn.qkv_proj', 'TrainableParams': {'weight': [3072, 2048]}, 'Outputs': [[100, 3072]]}
0.0%	574.097 μs	504	1.139 μs	1.112 μs	984 ns	4.475 μs	176 ns	PushPop	:{'Module': 'LlamaForCausalLM.model.layers.15.mlp.gate_up_proj', 'TrainableParams': {'weight': [16384, 2048]}, 'Outputs': [[100, 16384]]}
0.0%	573.677 μs	1	573.677 μs	573.677 μs	573.677 μs	573.677 μs	0 ns	PushPop	:{'Module': 'LlamaForCausalLM.model.layers.9.self_attn', 'positions': [[16]], 'hidden_states': [[16, 2048]]}
0.0%	573.547 μs	1	573.547 μs	573.547 μs	573.547 μs	573.547 μs	0 ns	PushPop	:{'Module': 'LlamaForCausalLM.model.layers.2.self_attn', 'positions': [[84]], 'hidden_states': [[84, 2048]]}
0.0%	573.321 μs	1	573.321 μs	573.321 μs	573.321 μs	573.321 μs	0 ns	PushPop	:{'Module': 'LlamaForCausalLM.model.layers.8.self_attn', 'positions': [[16]], 'hidden_states': [[16, 2048]]}
0.0%	573.270 μs	1	573.270 μs	573.270 μs	573.270 μs	573.270 μs	0 ns	PushPop	:{'Module': 'LlamaForCausalLM.model.layers.14.self_attn', 'positions': [[16]], 'hidden_states': [[16, 2048]]}
0.0%	573.139 μs	504	1.137 μs	1.107 μs	942 ns	7.435 μs	321 ns	PushPop	:{'Module': 'LlamaForCausalLM.model.layers.13.self_attn.qkv_proj', 'TrainableParams': {'weight': [3072, 2048]}, 'Outputs': [[100, 3072]]}
0.0%	572.807 μs	504	1.136 μs	1.117 μs	977 ns	4.318 μs	163 ns	PushPop	:{'Module': 'LlamaForCausalLM.model.layers.6.self_attn.qkv_proj', 'TrainableParams': {'weight': [3072, 2048]}, 'Outputs': [[100, 3072]]}
0.0%	572.159 μs	504	1.135 μs	1.113 μs	964 ns	7.274 μs	288 ns	PushPop	:{'Module': 'LlamaForCausalLM.model.layers.14.mlp.gate_up_proj', 'TrainableParams': {'weight': [16384, 2048]}, 'Outputs': [[100, 16384]]}
0.0%	571.873 μs	504	1.134 μs	1.109 μs	969 ns	8.928 μs	355 ns	PushPop	:{'Module': 'LlamaForCausalLM.model.layers.5.self_attn.qkv_proj', 'TrainableParams': {'weight': [3072, 2048]}, 'Outputs': [[100, 3072]]}
0.0%	571.782 μs	1	571.782 μs	571.782 μs	571.782 μs	571.782 μs	0 ns	PushPop	:{'Module': 'LlamaForCausalLM.model.layers.3.self_attn', 'positions': [[16]], 'hidden_states': [[16, 2048]]}
0.0%	571.555 μs	1	571.555 μs	571.555 μs	571.555 μs	571.555 μs	0 ns	PushPop	:{'Module': 'LlamaForCausalLM.model.layers.3.self_attn', 'positions': [[1873]], 'hidden_states': [[1873, 2048]]}
0.0%	570.863 μs	504	1.132 μs	1.110 μs	966 ns	6.793 μs	264 ns	PushPop	:{'Module': 'LlamaForCausalLM.model.layers.3.self_attn.qkv_proj', 'TrainableParams': {'weight': [3072, 2048]}, 'Outputs': [[100, 3072]]}
0.0%	570.816 μs	1	570.816 μs	570.816 μs	570.816 μs	570.816 μs	0 ns	PushPop	:{'Module': 'LlamaForCausalLM.model.layers.1.self_attn', 'positions': [[36]], 'hidden_states': [[36, 2048]]}
0.0%	570.730 μs	1	570.730 μs	570.730 μs	570.730 μs	570.730 μs	0 ns	PushPop	:{'Module': 'LlamaForCausalLM.model.layers.2.self_attn', 'positions': [[1873]], 'hidden_states': [[1873, 2048]]}
0.0%	569.811 μs	504	1.130 μs	1.107 μs	986 ns	7.240 μs	284 ns	PushPop	:{'Module': 'LlamaForCausalLM.model.layers.13.mlp.gate_up_proj', 'TrainableParams': {'weight': [16384, 2048]}, 'Outputs': [[100, 16384]]}
0.0%	569.614 μs	1	569.614 μs	569.614 μs	569.614 μs	569.614 μs	0 ns	PushPop	:{'Module': 'LlamaForCausalLM.model.layers.10.self_attn', 'positions': [[512]], 'hidden_states': [[512, 2048]]}
0.0%	569.550 μs	1	569.550 μs	569.550 μs	569.550 μs	569.550 μs	0 ns	PushPop	:{'Module': 'LlamaForCausalLM.model.layers.11.self_attn', 'positions': [[1873]], 'hidden_states': [[1873, 2048]]}
0.0%	569.087 μs	504	1.129 μs	1.117 μs	939 ns	1.543 μs	85 ns	PushPop	:{'Module': 'LlamaForCausalLM.model.layers.11.self_attn.qkv_proj', 'TrainableParams': {'weight': [3072, 2048]}, 'Outputs': [[100, 3072]]}
0.0%	569.056 μs	504	1.129 μs	1.091 μs	929 ns	9.466 μs	386 ns	PushPop	:{'Module': 'LlamaForCausalLM.model.layers.0.post_attention_layernorm', 'TrainableParams': {'weight': [2048]}, 'Outputs': [[100, 2048], [100, 2048]]}
0.0%	568.310 μs	1	568.310 μs	568.310 μs	568.310 μs	568.310 μs	0 ns	PushPop	:{'Module': 'LlamaForCausalLM.model.layers.9.self_attn', 'positions': [[512]], 'hidden_states': [[512, 2048]]}
0.0%	568.104 μs	1	568.104 μs	568.104 μs	568.104 μs	568.104 μs	0 ns	PushPop	:{'Module': 'LlamaForCausalLM.model.layers.7.self_attn', 'positions': [[1873]], 'hidden_states': [[1873, 2048]]}
0.0%	567.636 μs	1	567.636 μs	567.636 μs	567.636 μs	567.636 μs	0 ns	PushPop	:{'Module': 'LlamaForCausalLM.model.layers.14.self_attn', 'positions': [[1873]], 'hidden_states': [[1873, 2048]]}
0.0%	567.279 μs	1	567.279 μs	567.279 μs	567.279 μs	567.279 μs	0 ns	PushPop	:{'Module': 'LlamaForCausalLM.model.layers.10.self_attn', 'positions': [[52]], 'hidden_states': [[52, 2048]]}
0.0%	567.225 μs	1	567.225 μs	567.225 μs	567.225 μs	567.225 μs	0 ns	PushPop	:{'Module': 'LlamaForCausalLM.model.layers.12.self_attn', 'positions': [[16]], 'hidden_states': [[16, 2048]]}
0.0%	566.411 μs	1	566.411 μs	566.411 μs	566.411 μs	566.411 μs	0 ns	PushPop	:{'Module': 'LlamaForCausalLM.model.layers.11.self_attn', 'positions': [[52]], 'hidden_states': [[52, 2048]]}
0.0%	566.248 μs	504	1.123 μs	1.112 μs	953 ns	1.603 μs	84 ns	PushPop	:{'Module': 'LlamaForCausalLM.model.layers.15.self_attn.qkv_proj', 'TrainableParams': {'weight': [3072, 2048]}, 'Outputs': [[100, 3072]]}
0.0%	565.219 μs	1	565.219 μs	565.219 μs	565.219 μs	565.219 μs	0 ns	PushPop	:{'Module': 'LlamaForCausalLM.model.layers.4.self_attn', 'positions': [[512]], 'hidden_states': [[512, 2048]]}
0.0%	563.804 μs	504	1.118 μs	1.108 μs	963 ns	1.552 μs	76 ns	PushPop	:{'Module': 'LlamaForCausalLM.model.layers.4.mlp.gate_up_proj', 'TrainableParams': {'weight': [16384, 2048]}, 'Outputs': [[100, 16384]]}
0.0%	562.640 μs	1	562.640 μs	562.640 μs	562.640 μs	562.640 μs	0 ns	PushPop	:{'Module': 'LlamaForCausalLM.model.layers.4.self_attn', 'positions': [[99]], 'hidden_states': [[99, 2048]]}
0.0%	561.385 μs	1	561.385 μs	561.385 μs	561.385 μs	561.385 μs	0 ns	PushPop	:{'Module': 'LlamaForCausalLM.model.layers.5.self_attn', 'positions': [[512]], 'hidden_states': [[512, 2048]]}
0.0%	560.378 μs	1	560.378 μs	560.378 μs	560.378 μs	560.378 μs	0 ns	PushPop	:{'Module': 'LlamaForCausalLM.model.layers.13.self_attn', 'positions': [[1873]], 'hidden_states': [[1873, 2048]]}
0.0%	559.570 μs	1	559.570 μs	559.570 μs	559.570 μs	559.570 μs	0 ns	PushPop	:{'Module': 'LlamaForCausalLM.model.layers.15.self_attn', 'positions': [[512]], 'hidden_states': [[512, 2048]]}
0.0%	558.834 μs	1	558.834 μs	558.834 μs	558.834 μs	558.834 μs	0 ns	PushPop	:{'Module': 'LlamaForCausalLM.model.layers.3.self_attn', 'positions': [[512]], 'hidden_states': [[512, 2048]]}
0.0%	557.615 μs	16	34.850 μs	33.552 μs	31.445 μs	40.664 μs	3.080 μs	PushPop	:{'Module': 'LlamaForCausalLM.model.layers.0.self_attn.rotary_emb', 'Inputs': [[68], [68, 2048], [68, 512]]}
0.0%	557.510 μs	1	557.510 μs	557.510 μs	557.510 μs	557.510 μs	0 ns	PushPop	:{'Module': 'LlamaForCausalLM.model.layers.13.self_attn', 'positions': [[512]], 'hidden_states': [[512, 2048]]}
0.0%	557.412 μs	1	557.412 μs	557.412 μs	557.412 μs	557.412 μs	0 ns	PushPop	:{'Module': 'LlamaForCausalLM.model.layers.8.self_attn', 'positions': [[52]], 'hidden_states': [[52, 2048]]}
0.0%	556.984 μs	1	556.984 μs	556.984 μs	556.984 μs	556.984 μs	0 ns	PushPop	:{'Module': 'LlamaForCausalLM.model.layers.7.self_attn', 'positions': [[99]], 'hidden_states': [[99, 2048]]}
0.0%	556.743 μs	1	556.743 μs	556.743 μs	556.743 μs	556.743 μs	0 ns	PushPop	:{'Module': 'LlamaForCausalLM.model.layers.12.self_attn', 'positions': [[1873]], 'hidden_states': [[1873, 2048]]}
0.0%	555.167 μs	1	555.167 μs	555.167 μs	555.167 μs	555.167 μs	0 ns	PushPop	:{'Module': 'LlamaForCausalLM.model.layers.11.self_attn', 'positions': [[512]], 'hidden_states': [[512, 2048]]}
0.0%	554.370 μs	1	554.370 μs	554.370 μs	554.370 μs	554.370 μs	0 ns	PushPop	:{'Module': 'LlamaForCausalLM.model.layers.14.self_attn', 'positions': [[512]], 'hidden_states': [[512, 2048]]}
0.0%	553.379 μs	1	553.379 μs	553.379 μs	553.379 μs	553.379 μs	0 ns	PushPop	:{'Module': 'LlamaForCausalLM.model.layers.3.self_attn', 'positions': [[68]], 'hidden_states': [[68, 2048]]}
0.0%	553.242 μs	16	34.577 μs	33.402 μs	31.561 μs	43.177 μs	3.256 μs	PushPop	:{'Module': 'LlamaForCausalLM.model.layers.0.self_attn.rotary_emb', 'Inputs': [[84], [84, 2048], [84, 512]]}
0.0%	552.180 μs	1	552.180 μs	552.180 μs	552.180 μs	552.180 μs	0 ns	PushPop	:{'Module': 'LlamaForCausalLM.model.layers.10.self_attn', 'positions': [[20]], 'hidden_states': [[20, 2048]]}
0.0%	552.127 μs	1	552.127 μs	552.127 μs	552.127 μs	552.127 μs	0 ns	PushPop	:{'Module': 'LlamaForCausalLM.model.layers.1.self_attn', 'positions': [[99]], 'hidden_states': [[99, 2048]]}
0.0%	551.619 μs	16	34.476 μs	33.176 μs	31.246 μs	45.853 μs	4.451 μs	PushPop	:{'Module': 'LlamaForCausalLM.model.layers.0.self_attn.rotary_emb', 'Inputs': [[99], [99, 2048], [99, 512]]}
0.0%	550.803 μs	1	550.803 μs	550.803 μs	550.803 μs	550.803 μs	0 ns	PushPop	:{'Module': 'LlamaForCausalLM.model.layers.15.self_attn', 'positions': [[4]], 'hidden_states': [[4, 2048]]}
0.0%	548.621 μs	1	548.621 μs	548.621 μs	548.621 μs	548.621 μs	0 ns	PushPop	:{'Module': 'LlamaForCausalLM.model.layers.1.self_attn', 'positions': [[20]], 'hidden_states': [[20, 2048]]}
0.0%	547.254 μs	16	34.203 μs	33.412 μs	31.563 μs	40.792 μs	2.706 μs	PushPop	:{'Module': 'LlamaForCausalLM.model.layers.0.self_attn.rotary_emb', 'Inputs': [[1873], [1873, 2048], [1873, 512]]}
0.0%	547.187 μs	1	547.187 μs	547.187 μs	547.187 μs	547.187 μs	0 ns	PushPop	:{'Module': 'LlamaForCausalLM.model.layers.2.self_attn', 'positions': [[68]], 'hidden_states': [[68, 2048]]}
0.0%	546.832 μs	16	34.177 μs	32.490 μs	30.873 μs	44.035 μs	4.338 μs	PushPop	:{'Module': 'LlamaForCausalLM.model.layers.0.self_attn.rotary_emb', 'Inputs': [[20], [20, 2048], [20, 512]]}
0.0%	546.780 μs	1	546.780 μs	546.780 μs	546.780 μs	546.780 μs	0 ns	PushPop	:{'Module': 'LlamaForCausalLM.model.layers.8.self_attn', 'positions': [[4]], 'hidden_states': [[4, 2048]]}
0.0%	546.440 μs	1	546.440 μs	546.440 μs	546.440 μs	546.440 μs	0 ns	PushPop	:{'Module': 'LlamaForCausalLM.model.layers.13.self_attn', 'positions': [[68]], 'hidden_states': [[68, 2048]]}
0.0%	545.947 μs	1	545.947 μs	545.947 μs	545.947 μs	545.947 μs	0 ns	PushPop	:{'Module': 'LlamaForCausalLM.model.layers.12.self_attn', 'positions': [[68]], 'hidden_states': [[68, 2048]]}
0.0%	545.811 μs	1	545.811 μs	545.811 μs	545.811 μs	545.811 μs	0 ns	PushPop	:{'Module': 'LlamaForCausalLM.model.layers.14.self_attn', 'positions': [[52]], 'hidden_states': [[52, 2048]]}
0.0%	545.325 μs	1	545.325 μs	545.325 μs	545.325 μs	545.325 μs	0 ns	PushPop	:{'Module': 'LlamaForCausalLM.model.layers.8.self_attn', 'positions': [[68]], 'hidden_states': [[68, 2048]]}
0.0%	545.107 μs	1	545.107 μs	545.107 μs	545.107 μs	545.107 μs	0 ns	PushPop	:{'Module': 'LlamaForCausalLM.model.layers.9.self_attn', 'positions': [[52]], 'hidden_states': [[52, 2048]]}
0.0%	544.870 μs	1	544.870 μs	544.870 μs	544.870 μs	544.870 μs	0 ns	PushPop	:{'Module': 'LlamaForCausalLM.model.layers.11.self_attn', 'positions': [[68]], 'hidden_states': [[68, 2048]]}
0.0%	544.505 μs	1	544.505 μs	544.505 μs	544.505 μs	544.505 μs	0 ns	PushPop	:{'Module': 'LlamaForCausalLM.model.layers.10.self_attn', 'positions': [[68]], 'hidden_states': [[68, 2048]]}
0.0%	543.369 μs	1	543.369 μs	543.369 μs	543.369 μs	543.369 μs	0 ns	PushPop	:{'Module': 'LlamaForCausalLM.model.layers.5.self_attn', 'positions': [[99]], 'hidden_states': [[99, 2048]]}
0.0%	541.940 μs	16	33.871 μs	33.165 μs	31.970 μs	42.747 μs	2.574 μs	PushPop	:{'Module': 'LlamaForCausalLM.model.layers.0.self_attn.rotary_emb', 'Inputs': [[256], [256, 2048], [256, 512]]}
0.0%	541.695 μs	16	33.855 μs	32.211 μs	31.346 μs	43.472 μs	3.967 μs	PushPop	:{'Module': 'LlamaForCausalLM.model.layers.0.self_attn.rotary_emb', 'Inputs': [[4], [4, 2048], [4, 512]]}
0.0%	541.671 μs	1	541.671 μs	541.671 μs	541.671 μs	541.671 μs	0 ns	PushPop	:{'Module': 'LlamaForCausalLM.model.layers.11.self_attn', 'positions': [[4]], 'hidden_states': [[4, 2048]]}
0.0%	541.159 μs	1	541.159 μs	541.159 μs	541.159 μs	541.159 μs	0 ns	PushPop	:{'Module': 'LlamaForCausalLM.model.layers.7.self_attn', 'positions': [[52]], 'hidden_states': [[52, 2048]]}
0.0%	540.149 μs	1	540.149 μs	540.149 μs	540.149 μs	540.149 μs	0 ns	PushPop	:{'Module': 'LlamaForCausalLM.model.layers.4.self_attn', 'positions': [[84]], 'hidden_states': [[84, 2048]]}
0.0%	538.418 μs	1	538.418 μs	538.418 μs	538.418 μs	538.418 μs	0 ns	PushPop	:{'Module': 'LlamaForCausalLM.model.layers.6.self_attn', 'positions': [[68]], 'hidden_states': [[68, 2048]]}
0.0%	537.946 μs	1	537.946 μs	537.946 μs	537.946 μs	537.946 μs	0 ns	PushPop	:{'Module': 'LlamaForCausalLM.model.layers.3.self_attn', 'positions': [[99]], 'hidden_states': [[99, 2048]]}
0.0%	537.933 μs	1	537.933 μs	537.933 μs	537.933 μs	537.933 μs	0 ns	PushPop	:{'Module': 'LlamaForCausalLM.model.layers.7.self_attn', 'positions': [[84]], 'hidden_states': [[84, 2048]]}
0.0%	537.683 μs	1	537.683 μs	537.683 μs	537.683 μs	537.683 μs	0 ns	PushPop	:{'Module': 'LlamaForCausalLM.model.layers.10.self_attn', 'positions': [[4]], 'hidden_states': [[4, 2048]]}
0.0%	537.637 μs	504	1.066 μs	977 ns	832 ns	11.083 μs	774 ns	PushPop	:{'Module': 'LlamaForCausalLM.model.layers.9.mlp.act_fn', 'Outputs': [[100, 8192]]}
0.0%	537.438 μs	1	537.438 μs	537.438 μs	537.438 μs	537.438 μs	0 ns	PushPop	:{'Module': 'LlamaForCausalLM.model.layers.7.self_attn', 'positions': [[68]], 'hidden_states': [[68, 2048]]}
0.0%	537.212 μs	504	1.065 μs	980 ns	804 ns	22.207 μs	1.083 μs	PushPop	:{'Module': 'LlamaForCausalLM.model.layers.3.mlp.act_fn', 'Outputs': [[100, 8192]]}
0.0%	536.161 μs	1	536.161 μs	536.161 μs	536.161 μs	536.161 μs	0 ns	PushPop	:{'Module': 'LlamaForCausalLM.model.layers.8.self_attn', 'positions': [[36]], 'hidden_states': [[36, 2048]]}
0.0%	536.133 μs	1	536.133 μs	536.133 μs	536.133 μs	536.133 μs	0 ns	PushPop	:{'Module': 'LlamaForCausalLM.model.layers.9.self_attn', 'positions': [[4]], 'hidden_states': [[4, 2048]]}
0.0%	535.375 μs	1	535.375 μs	535.375 μs	535.375 μs	535.375 μs	0 ns	PushPop	:{'Module': 'LlamaForCausalLM.model.layers.9.self_attn', 'positions': [[99]], 'hidden_states': [[99, 2048]]}
0.0%	535.321 μs	1	535.321 μs	535.321 μs	535.321 μs	535.321 μs	0 ns	PushPop	:{'Module': 'LlamaForCausalLM.model.layers.8.self_attn', 'positions': [[20]], 'hidden_states': [[20, 2048]]}
0.0%	534.802 μs	1	534.802 μs	534.802 μs	534.802 μs	534.802 μs	0 ns	PushPop	:{'Module': 'LlamaForCausalLM.model.layers.13.self_attn', 'positions': [[4]], 'hidden_states': [[4, 2048]]}
0.0%	533.377 μs	1	533.377 μs	533.377 μs	533.377 μs	533.377 μs	0 ns	PushPop	:{'Module': 'LlamaForCausalLM.model.layers.2.self_attn', 'positions': [[36]], 'hidden_states': [[36, 2048]]}
0.0%	533.188 μs	504	1.057 μs	984 ns	842 ns	16.461 μs	825 ns	PushPop	:{'Module': 'LlamaForCausalLM.model.layers.11.mlp.act_fn', 'Outputs': [[100, 8192]]}
0.0%	532.350 μs	1	532.350 μs	532.350 μs	532.350 μs	532.350 μs	0 ns	PushPop	:{'Module': 'LlamaForCausalLM.model.layers.1.self_attn', 'positions': [[68]], 'hidden_states': [[68, 2048]]}
0.0%	532.297 μs	1	532.297 μs	532.297 μs	532.297 μs	532.297 μs	0 ns	PushPop	:{'Module': 'LlamaForCausalLM.model.layers.2.self_attn', 'positions': [[52]], 'hidden_states': [[52, 2048]]}
0.0%	532.265 μs	504	1.056 μs	1.047 μs	902 ns	1.489 μs	77 ns	PushPop	:{'Module': 'LlamaForCausalLM.model.layers.1.input_layernorm', 'TrainableParams': {'weight': [2048]}, 'Outputs': [[100, 2048], [100, 2048]]}
0.0%	532.054 μs	504	1.055 μs	982 ns	852 ns	16.519 μs	824 ns	PushPop	:{'Module': 'LlamaForCausalLM.model.layers.10.mlp.act_fn', 'Outputs': [[100, 8192]]}
0.0%	531.662 μs	1	531.662 μs	531.662 μs	531.662 μs	531.662 μs	0 ns	PushPop	:{'Module': 'LlamaForCausalLM.model.layers.3.self_attn', 'positions': [[20]], 'hidden_states': [[20, 2048]]}
0.0%	531.404 μs	16	33.212 μs	31.860 μs	30.859 μs	52.484 μs	5.242 μs	PushPop	:{'Module': 'LlamaForCausalLM.model.layers.0.self_attn.rotary_emb', 'Inputs': [[36], [36, 2048], [36, 512]]}
0.0%	530.486 μs	1	530.486 μs	530.486 μs	530.486 μs	530.486 μs	0 ns	PushPop	:{'Module': 'LlamaForCausalLM.model.layers.3.self_attn', 'positions': [[52]], 'hidden_states': [[52, 2048]]}
0.0%	530.464 μs	1	530.464 μs	530.464 μs	530.464 μs	530.464 μs	0 ns	PushPop	:{'Module': 'LlamaForCausalLM.model.layers.12.self_attn', 'positions': [[52]], 'hidden_states': [[52, 2048]]}
0.0%	530.115 μs	1	530.115 μs	530.115 μs	530.115 μs	530.115 μs	0 ns	PushPop	:{'Module': 'LlamaForCausalLM.model.layers.15.self_attn', 'positions': [[68]], 'hidden_states': [[68, 2048]]}
0.0%	529.089 μs	1	529.089 μs	529.089 μs	529.089 μs	529.089 μs	0 ns	PushPop	:{'Module': 'LlamaForCausalLM.model.layers.14.self_attn', 'positions': [[84]], 'hidden_states': [[84, 2048]]}
0.0%	529.041 μs	1	529.041 μs	529.041 μs	529.041 μs	529.041 μs	0 ns	PushPop	:{'Module': 'LlamaForCausalLM.model.layers.9.self_attn', 'positions': [[68]], 'hidden_states': [[68, 2048]]}
0.0%	528.911 μs	1	528.911 μs	528.911 μs	528.911 μs	528.911 μs	0 ns	PushPop	:{'Module': 'LlamaForCausalLM.model.layers.2.self_attn', 'positions': [[20]], 'hidden_states': [[20, 2048]]}
0.0%	528.405 μs	1	528.405 μs	528.405 μs	528.405 μs	528.405 μs	0 ns	PushPop	:{'Module': 'LlamaForCausalLM.model.layers.9.self_attn', 'positions': [[36]], 'hidden_states': [[36, 2048]]}
0.0%	528.343 μs	1	528.343 μs	528.343 μs	528.343 μs	528.343 μs	0 ns	PushPop	:{'Module': 'LlamaForCausalLM.model.layers.6.self_attn', 'positions': [[52]], 'hidden_states': [[52, 2048]]}
0.0%	527.640 μs	1	527.640 μs	527.640 μs	527.640 μs	527.640 μs	0 ns	PushPop	:{'Module': 'LlamaForCausalLM.model.layers.11.self_attn', 'positions': [[20]], 'hidden_states': [[20, 2048]]}
0.0%	527.506 μs	1	527.506 μs	527.506 μs	527.506 μs	527.506 μs	0 ns	PushPop	:{'Module': 'LlamaForCausalLM.model.layers.12.self_attn', 'positions': [[84]], 'hidden_states': [[84, 2048]]}
0.0%	527.222 μs	504	1.046 μs	995 ns	843 ns	13.059 μs	618 ns	PushPop	:{'Module': 'LlamaForCausalLM.model.layers.0.mlp.act_fn', 'Outputs': [[100, 8192]]}
0.0%	526.662 μs	1	526.662 μs	526.662 μs	526.662 μs	526.662 μs	0 ns	PushPop	:{'Module': 'LlamaForCausalLM.model.layers.14.mlp', 'Inputs': [[512, 2048]]}
0.0%	525.416 μs	1	525.416 μs	525.416 μs	525.416 μs	525.416 μs	0 ns	PushPop	:{'Module': 'LlamaForCausalLM.model.layers.5.self_attn', 'positions': [[52]], 'hidden_states': [[52, 2048]]}
0.0%	524.897 μs	1	524.897 μs	524.897 μs	524.897 μs	524.897 μs	0 ns	PushPop	:{'Module': 'LlamaForCausalLM.model.layers.14.self_attn', 'positions': [[68]], 'hidden_states': [[68, 2048]]}
0.0%	523.929 μs	1	523.929 μs	523.929 μs	523.929 μs	523.929 μs	0 ns	PushPop	:{'Module': 'LlamaForCausalLM.model.layers.15.self_attn', 'positions': [[99]], 'hidden_states': [[99, 2048]]}
0.0%	523.777 μs	504	1.039 μs	975 ns	840 ns	11.054 μs	655 ns	PushPop	:{'Module': 'LlamaForCausalLM.model.layers.14.mlp.act_fn', 'Outputs': [[100, 8192]]}
0.0%	523.266 μs	1	523.266 μs	523.266 μs	523.266 μs	523.266 μs	0 ns	PushPop	:{'Module': 'LlamaForCausalLM.model.layers.13.self_attn', 'positions': [[99]], 'hidden_states': [[99, 2048]]}
0.0%	522.989 μs	1	522.989 μs	522.989 μs	522.989 μs	522.989 μs	0 ns	PushPop	:{'Module': 'LlamaForCausalLM.model.layers.10.self_attn', 'positions': [[84]], 'hidden_states': [[84, 2048]]}
0.0%	522.487 μs	504	1.036 μs	982 ns	850 ns	16.486 μs	751 ns	PushPop	:{'Module': 'LlamaForCausalLM.model.layers.4.mlp.act_fn', 'Outputs': [[100, 8192]]}
0.0%	522.046 μs	1	522.046 μs	522.046 μs	522.046 μs	522.046 μs	0 ns	PushPop	:{'Module': 'LlamaForCausalLM.model.layers.5.self_attn', 'positions': [[68]], 'hidden_states': [[68, 2048]]}
0.0%	521.679 μs	1	521.679 μs	521.679 μs	521.679 μs	521.679 μs	0 ns	PushPop	:{'Module': 'LlamaForCausalLM.model.layers.11.self_attn', 'positions': [[84]], 'hidden_states': [[84, 2048]]}
0.0%	521.623 μs	1	521.623 μs	521.623 μs	521.623 μs	521.623 μs	0 ns	PushPop	:{'Module': 'LlamaForCausalLM.model.layers.5.self_attn', 'positions': [[84]], 'hidden_states': [[84, 2048]]}
0.0%	521.572 μs	1	521.572 μs	521.572 μs	521.572 μs	521.572 μs	0 ns	PushPop	:{'Module': 'LlamaForCausalLM.model.layers.3.self_attn', 'positions': [[84]], 'hidden_states': [[84, 2048]]}
0.0%	520.651 μs	1	520.651 μs	520.651 μs	520.651 μs	520.651 μs	0 ns	PushPop	:{'Module': 'LlamaForCausalLM.model.layers.4.self_attn', 'positions': [[52]], 'hidden_states': [[52, 2048]]}
0.0%	520.625 μs	504	1.033 μs	976 ns	803 ns	11.193 μs	628 ns	PushPop	:{'Module': 'LlamaForCausalLM.model.layers.2.mlp.act_fn', 'Outputs': [[100, 8192]]}
0.0%	520.391 μs	1	520.391 μs	520.391 μs	520.391 μs	520.391 μs	0 ns	PushPop	:{'Module': 'LlamaForCausalLM.model.layers.15.self_attn', 'positions': [[52]], 'hidden_states': [[52, 2048]]}
0.0%	519.984 μs	1	519.984 μs	519.984 μs	519.984 μs	519.984 μs	0 ns	PushPop	:{'Module': 'LlamaForCausalLM.model.layers.13.self_attn', 'positions': [[20]], 'hidden_states': [[20, 2048]]}
0.0%	519.819 μs	1	519.819 μs	519.819 μs	519.819 μs	519.819 μs	0 ns	PushPop	:{'Module': 'LlamaForCausalLM.model.layers.3.self_attn', 'positions': [[4]], 'hidden_states': [[4, 2048]]}
0.0%	519.663 μs	1	519.663 μs	519.663 μs	519.663 μs	519.663 μs	0 ns	PushPop	:{'Module': 'LlamaForCausalLM.model.layers.11.self_attn', 'positions': [[36]], 'hidden_states': [[36, 2048]]}
0.0%	519.162 μs	1	519.162 μs	519.162 μs	519.162 μs	519.162 μs	0 ns	PushPop	:{'Module': 'LlamaForCausalLM.model.layers.4.self_attn', 'positions': [[68]], 'hidden_states': [[68, 2048]]}
0.0%	516.874 μs	1	516.874 μs	516.874 μs	516.874 μs	516.874 μs	0 ns	PushPop	:{'Module': 'LlamaForCausalLM.model.layers.13.self_attn', 'positions': [[52]], 'hidden_states': [[52, 2048]]}
0.0%	516.825 μs	504	1.025 μs	978 ns	839 ns	11.120 μs	579 ns	PushPop	:{'Module': 'LlamaForCausalLM.model.layers.6.mlp.act_fn', 'Outputs': [[100, 8192]]}
0.0%	516.774 μs	1	516.774 μs	516.774 μs	516.774 μs	516.774 μs	0 ns	PushPop	:{'Module': 'LlamaForCausalLM.model.layers.12.self_attn', 'positions': [[4]], 'hidden_states': [[4, 2048]]}
0.0%	515.987 μs	1	515.987 μs	515.987 μs	515.987 μs	515.987 μs	0 ns	PushPop	:{'Module': 'LlamaForCausalLM.model.layers.10.self_attn', 'positions': [[99]], 'hidden_states': [[99, 2048]]}
0.0%	515.881 μs	504	1.023 μs	977 ns	849 ns	16.980 μs	717 ns	PushPop	:{'Module': 'LlamaForCausalLM.model.layers.13.mlp.act_fn', 'Outputs': [[100, 8192]]}
0.0%	515.083 μs	504	1.022 μs	941 ns	806 ns	16.561 μs	885 ns	PushPop	:{'Module': 'LlamaForCausalLM.model.layers.5', 'Outputs': [[100, 2048], [100, 2048]]}
0.0%	515.077 μs	1	515.077 μs	515.077 μs	515.077 μs	515.077 μs	0 ns	PushPop	:{'Module': 'LlamaForCausalLM.model.layers.10.self_attn', 'positions': [[36]], 'hidden_states': [[36, 2048]]}
0.0%	514.968 μs	1	514.968 μs	514.968 μs	514.968 μs	514.968 μs	0 ns	PushPop	:{'Module': 'LlamaForCausalLM.model.layers.13.self_attn', 'positions': [[36]], 'hidden_states': [[36, 2048]]}
0.0%	514.165 μs	1	514.165 μs	514.165 μs	514.165 μs	514.165 μs	0 ns	PushPop	:{'Module': 'LlamaForCausalLM.model.layers.6.self_attn', 'positions': [[36]], 'hidden_states': [[36, 2048]]}
0.0%	513.679 μs	1	513.679 μs	513.679 μs	513.679 μs	513.679 μs	0 ns	PushPop	:{'Module': 'LlamaForCausalLM.model.layers.2.self_attn', 'positions': [[99]], 'hidden_states': [[99, 2048]]}
0.0%	512.968 μs	1	512.968 μs	512.968 μs	512.968 μs	512.968 μs	0 ns	PushPop	:{'Module': 'LlamaForCausalLM.model.layers.9.self_attn', 'positions': [[20]], 'hidden_states': [[20, 2048]]}
0.0%	512.806 μs	1	512.806 μs	512.806 μs	512.806 μs	512.806 μs	0 ns	PushPop	:{'Module': 'LlamaForCausalLM.model.layers.14.self_attn', 'positions': [[4]], 'hidden_states': [[4, 2048]]}
0.0%	510.550 μs	1	510.550 μs	510.550 μs	510.550 μs	510.550 μs	0 ns	PushPop	:{'Module': 'LlamaForCausalLM.model.layers.6.self_attn', 'positions': [[4]], 'hidden_states': [[4, 2048]]}
0.0%	510.270 μs	1	510.270 μs	510.270 μs	510.270 μs	510.270 μs	0 ns	PushPop	:{'Module': 'LlamaForCausalLM.model.layers.12.self_attn', 'positions': [[36]], 'hidden_states': [[36, 2048]]}
0.0%	509.793 μs	1	509.793 μs	509.793 μs	509.793 μs	509.793 μs	0 ns	PushPop	:{'Module': 'LlamaForCausalLM.model.layers.14.self_attn', 'positions': [[99]], 'hidden_states': [[99, 2048]]}
0.0%	509.703 μs	504	1.011 μs	979 ns	848 ns	8.291 μs	336 ns	PushPop	:{'Module': 'LlamaForCausalLM.model.layers.8.mlp.act_fn', 'Outputs': [[100, 8192]]}
0.0%	509.317 μs	1	509.317 μs	509.317 μs	509.317 μs	509.317 μs	0 ns	PushPop	:{'Module': 'LlamaForCausalLM.model.layers.7.self_attn', 'positions': [[4]], 'hidden_states': [[4, 2048]]}
0.0%	508.568 μs	504	1.009 μs	954 ns	797 ns	16.616 μs	744 ns	PushPop	:{'Module': 'LlamaForCausalLM.model.layers.8', 'Outputs': [[100, 2048], [100, 2048]]}
0.0%	507.611 μs	504	1.007 μs	948 ns	793 ns	8.372 μs	541 ns	PushPop	:{'Module': 'LlamaForCausalLM.model.layers.2', 'Outputs': [[100, 2048], [100, 2048]]}
0.0%	506.364 μs	1	506.364 μs	506.364 μs	506.364 μs	506.364 μs	0 ns	PushPop	:{'Module': 'LlamaForCausalLM.model.layers.9.self_attn', 'positions': [[84]], 'hidden_states': [[84, 2048]]}
0.0%	506.278 μs	1	506.278 μs	506.278 μs	506.278 μs	506.278 μs	0 ns	PushPop	:{'Module': 'LlamaForCausalLM.model.layers.5.self_attn', 'positions': [[20]], 'hidden_states': [[20, 2048]]}
0.0%	506.190 μs	504	1.004 μs	986 ns	821 ns	1.435 μs	90 ns	PushPop	:{'Module': 'LlamaForCausalLM.model.layers.7.mlp.act_fn', 'Outputs': [[100, 8192]]}
0.0%	505.692 μs	504	1.003 μs	987 ns	854 ns	1.600 μs	90 ns	PushPop	:{'Module': 'LlamaForCausalLM.model.layers.1.mlp.act_fn', 'Outputs': [[100, 8192]]}
0.0%	505.048 μs	1	505.048 μs	505.048 μs	505.048 μs	505.048 μs	0 ns	PushPop	:{'Module': 'LlamaForCausalLM.model.layers.5.self_attn', 'positions': [[36]], 'hidden_states': [[36, 2048]]}
0.0%	504.557 μs	1	504.557 μs	504.557 μs	504.557 μs	504.557 μs	0 ns	PushPop	:{'Module': 'LlamaForCausalLM.model.layers.13.self_attn', 'positions': [[84]], 'hidden_states': [[84, 2048]]}
0.0%	504.529 μs	1	504.529 μs	504.529 μs	504.529 μs	504.529 μs	0 ns	PushPop	:{'Module': 'LlamaForCausalLM.model.layers.5.self_attn', 'positions': [[4]], 'hidden_states': [[4, 2048]]}
0.0%	504.284 μs	504	1.000 μs	971 ns	829 ns	7.439 μs	299 ns	PushPop	:{'Module': 'LlamaForCausalLM.model.layers.15.mlp.act_fn', 'Outputs': [[100, 8192]]}
0.0%	504.119 μs	1	504.119 μs	504.119 μs	504.119 μs	504.119 μs	0 ns	PushPop	:{'Module': 'LlamaForCausalLM.model.layers.4.self_attn', 'positions': [[20]], 'hidden_states': [[20, 2048]]}
0.0%	504.114 μs	504	1.000 μs	944 ns	801 ns	16.459 μs	758 ns	PushPop	:{'Module': 'LlamaForCausalLM.model.layers.9', 'Outputs': [[100, 2048], [100, 2048]]}
0.0%	503.983 μs	1	503.983 μs	503.983 μs	503.983 μs	503.983 μs	0 ns	PushPop	:{'Module': 'LlamaForCausalLM.model.layers.4.self_attn', 'positions': [[36]], 'hidden_states': [[36, 2048]]}
0.0%	503.672 μs	1	503.672 μs	503.672 μs	503.672 μs	503.672 μs	0 ns	PushPop	:{'Module': 'LlamaForCausalLM.model.layers.11.self_attn', 'positions': [[99]], 'hidden_states': [[99, 2048]]}
0.0%	503.151 μs	1	503.151 μs	503.151 μs	503.151 μs	503.151 μs	0 ns	PushPop	:{'Module': 'LlamaForCausalLM.model.layers.12.self_attn', 'positions': [[99]], 'hidden_states': [[99, 2048]]}
0.0%	502.864 μs	1	502.864 μs	502.864 μs	502.864 μs	502.864 μs	0 ns	PushPop	:{'Module': 'LlamaForCausalLM.model.layers.2.self_attn', 'positions': [[4]], 'hidden_states': [[4, 2048]]}
0.0%	502.778 μs	1	502.778 μs	502.778 μs	502.778 μs	502.778 μs	0 ns	PushPop	:{'Module': 'LlamaForCausalLM.model.layers.15.self_attn', 'positions': [[84]], 'hidden_states': [[84, 2048]]}
0.0%	502.720 μs	1	502.720 μs	502.720 μs	502.720 μs	502.720 μs	0 ns	PushPop	:{'Module': 'LlamaForCausalLM.model.layers.14.self_attn', 'positions': [[36]], 'hidden_states': [[36, 2048]]}
0.0%	502.624 μs	1	502.624 μs	502.624 μs	502.624 μs	502.624 μs	0 ns	PushPop	:{'Module': 'LlamaForCausalLM.model.layers.3.self_attn', 'positions': [[36]], 'hidden_states': [[36, 2048]]}
0.0%	502.480 μs	1	502.480 μs	502.480 μs	502.480 μs	502.480 μs	0 ns	PushPop	:{'Module': 'LlamaForCausalLM.model.layers.8.self_attn', 'positions': [[84]], 'hidden_states': [[84, 2048]]}
0.0%	501.243 μs	504	994 ns	927 ns	770 ns	11.046 μs	717 ns	PushPop	:{'Module': 'LlamaForCausalLM.model.layers.15', 'Outputs': [[100, 2048], [100, 2048]]}
0.0%	499.898 μs	1	499.898 μs	499.898 μs	499.898 μs	499.898 μs	0 ns	PushPop	:{'Module': 'LlamaForCausalLM.model.layers.15.self_attn', 'positions': [[36]], 'hidden_states': [[36, 2048]]}
0.0%	498.951 μs	1	498.951 μs	498.951 μs	498.951 μs	498.951 μs	0 ns	PushPop	:{'Module': 'LlamaForCausalLM.model.layers.4.self_attn', 'positions': [[4]], 'hidden_states': [[4, 2048]]}
0.0%	498.859 μs	1	498.859 μs	498.859 μs	498.859 μs	498.859 μs	0 ns	PushPop	:{'Module': 'LlamaForCausalLM.model.layers.6.self_attn', 'positions': [[20]], 'hidden_states': [[20, 2048]]}
0.0%	497.191 μs	504	986 ns	960 ns	825 ns	8.280 μs	335 ns	PushPop	:{'Module': 'LlamaForCausalLM.model.layers.1', 'Outputs': [[100, 2048], [100, 2048]]}
0.0%	497.126 μs	504	986 ns	976 ns	846 ns	1.337 μs	69 ns	PushPop	:{'Module': 'LlamaForCausalLM.model.layers.5.mlp.act_fn', 'Outputs': [[100, 8192]]}
0.0%	496.894 μs	504	985 ns	948 ns	770 ns	11.125 μs	480 ns	PushPop	:{'Module': 'LlamaForCausalLM.model.layers.6', 'Outputs': [[100, 2048], [100, 2048]]}
0.0%	496.846 μs	1	496.846 μs	496.846 μs	496.846 μs	496.846 μs	0 ns	PushPop	:{'Module': 'LlamaForCausalLM.model.layers.7.self_attn', 'positions': [[20]], 'hidden_states': [[20, 2048]]}
0.0%	496.131 μs	1	496.131 μs	496.131 μs	496.131 μs	496.131 μs	0 ns	PushPop	:{'Module': 'LlamaForCausalLM.model.layers.4.mlp', 'Inputs': [[512, 2048]]}
0.0%	495.713 μs	504	983 ns	940 ns	805 ns	16.313 μs	688 ns	PushPop	:{'Module': 'LlamaForCausalLM.model.layers.4', 'Outputs': [[100, 2048], [100, 2048]]}
0.0%	494.454 μs	504	981 ns	953 ns	803 ns	8.113 μs	330 ns	PushPop	:{'Module': 'LlamaForCausalLM.model.layers.7', 'Outputs': [[100, 2048], [100, 2048]]}
0.0%	494.395 μs	504	980 ns	968 ns	794 ns	1.446 μs	76 ns	PushPop	:{'Module': 'LlamaForCausalLM.model.layers.12.mlp.act_fn', 'Outputs': [[100, 8192]]}
0.0%	494.084 μs	504	980 ns	923 ns	788 ns	16.559 μs	751 ns	PushPop	:{'Module': 'LlamaForCausalLM.model.layers.10', 'Outputs': [[100, 2048], [100, 2048]]}
0.0%	493.988 μs	1	493.988 μs	493.988 μs	493.988 μs	493.988 μs	0 ns	PushPop	:{'Module': 'LlamaForCausalLM.model.layers.1.self_attn', 'positions': [[256]], 'hidden_states': [[256, 2048]]}
0.0%	493.944 μs	504	980 ns	920 ns	742 ns	11.076 μs	708 ns	PushPop	:{'Module': 'LlamaForCausalLM.model.layers.8.self_attn', 'Outputs': [[100, 2048]]}
0.0%	492.101 μs	1	492.101 μs	492.101 μs	492.101 μs	492.101 μs	0 ns	PushPop	:{'Module': 'LlamaForCausalLM.model.layers.7.self_attn', 'positions': [[36]], 'hidden_states': [[36, 2048]]}
0.0%	491.873 μs	1	491.873 μs	491.873 μs	491.873 μs	491.873 μs	0 ns	PushPop	:{'Module': 'LlamaForCausalLM.model.layers.12.self_attn', 'positions': [[20]], 'hidden_states': [[20, 2048]]}
0.0%	491.222 μs	504	974 ns	918 ns	754 ns	8.505 μs	506 ns	PushPop	:{'Module': 'LlamaForCausalLM.model.layers.0.self_attn', 'Outputs': [[100, 2048]]}
0.0%	489.443 μs	1	489.443 μs	489.443 μs	489.443 μs	489.443 μs	0 ns	PushPop	:{'Module': 'LlamaForCausalLM.model.layers.3.mlp', 'Inputs': [[512, 2048]]}
0.0%	489.011 μs	1	489.011 μs	489.011 μs	489.011 μs	489.011 μs	0 ns	PushPop	:{'Module': 'LlamaForCausalLM.model.layers.14.self_attn', 'positions': [[20]], 'hidden_states': [[20, 2048]]}
0.0%	488.933 μs	1	488.933 μs	488.933 μs	488.933 μs	488.933 μs	0 ns	PushPop	:{'Module': 'LlamaForCausalLM.model.layers.10.self_attn', 'positions': [[256]], 'hidden_states': [[256, 2048]]}
0.0%	488.534 μs	1	488.534 μs	488.534 μs	488.534 μs	488.534 μs	0 ns	PushPop	:{'Module': 'LlamaForCausalLM.model.layers.15.self_attn', 'positions': [[20]], 'hidden_states': [[20, 2048]]}
0.0%	487.257 μs	504	966 ns	910 ns	787 ns	16.366 μs	755 ns	PushPop	:{'Module': 'LlamaForCausalLM.model.layers.7.self_attn', 'Outputs': [[100, 2048]]}
0.0%	486.697 μs	504	965 ns	920 ns	773 ns	9.362 μs	531 ns	PushPop	:{'Module': 'LlamaForCausalLM.model.layers.12', 'Outputs': [[100, 2048], [100, 2048]]}
0.0%	486.107 μs	504	964 ns	922 ns	782 ns	10.080 μs	495 ns	PushPop	:{'Module': 'LlamaForCausalLM.model.layers.11', 'Outputs': [[100, 2048], [100, 2048]]}
0.0%	485.255 μs	504	962 ns	910 ns	717 ns	12.963 μs	630 ns	PushPop	:{'Module': 'LlamaForCausalLM.model.layers.6.self_attn', 'Outputs': [[100, 2048]]}
0.0%	485.222 μs	504	962 ns	887 ns	750 ns	11.121 μs	664 ns	PushPop	:{'Module': 'LlamaForCausalLM.model.layers.0', 'Outputs': [[100, 2048], [100, 2048]]}
0.0%	482.824 μs	504	958 ns	918 ns	780 ns	11.020 μs	537 ns	PushPop	:{'Module': 'LlamaForCausalLM.model.layers.12.self_attn', 'Outputs': [[100, 2048]]}
0.0%	482.419 μs	6	80.403 μs	74.648 μs	67.368 μs	116.693 μs	18.296 μs	PushPop	:{'Module': 'LlamaForCausalLM.model.layers.0.self_attn.qkv_proj', 'TrainableParams': {'weight': [3072, 2048]}, 'Inputs': [[8192, 2048]]}
0.0%	482.050 μs	504	956 ns	942 ns	772 ns	1.382 μs	81 ns	PushPop	:{'Module': 'LlamaForCausalLM.model.layers.3', 'Outputs': [[100, 2048], [100, 2048]]}
0.0%	481.593 μs	504	955 ns	920 ns	782 ns	8.737 μs	465 ns	PushPop	:{'Module': 'LlamaForCausalLM.model.layers.4.self_attn', 'Outputs': [[100, 2048]]}
0.0%	478.417 μs	504	949 ns	911 ns	783 ns	8.624 μs	429 ns	PushPop	:{'Module': 'LlamaForCausalLM.model.layers.14.self_attn', 'Outputs': [[100, 2048]]}
0.0%	477.716 μs	504	947 ns	917 ns	792 ns	10.981 μs	454 ns	PushPop	:{'Module': 'LlamaForCausalLM.model.layers.2.self_attn', 'Outputs': [[100, 2048]]}
0.0%	476.169 μs	504	944 ns	867 ns	722 ns	16.704 μs	878 ns	PushPop	:{'Module': 'LlamaForCausalLM.model.layers.3.mlp', 'Outputs': [[100, 2048]]}
0.0%	476.004 μs	504	944 ns	903 ns	769 ns	9.111 μs	494 ns	PushPop	:{'Module': 'LlamaForCausalLM.model.layers.13.self_attn', 'Outputs': [[100, 2048]]}
0.0%	475.169 μs	1	475.169 μs	475.169 μs	475.169 μs	475.169 μs	0 ns	PushPop	:{'Module': 'LlamaForCausalLM.model.layers.0.mlp', 'Inputs': [[36, 2048]]}
0.0%	474.817 μs	504	942 ns	904 ns	732 ns	8.730 μs	474 ns	PushPop	:{'Module': 'LlamaForCausalLM.model.layers.5.self_attn', 'Outputs': [[100, 2048]]}
0.0%	474.456 μs	504	941 ns	905 ns	767 ns	8.280 μs	413 ns	PushPop	:{'Module': 'LlamaForCausalLM.model.layers.3.self_attn', 'Outputs': [[100, 2048]]}
0.0%	473.843 μs	504	940 ns	902 ns	764 ns	14.108 μs	592 ns	PushPop	:{'Module': 'LlamaForCausalLM.model.layers.11.self_attn', 'Outputs': [[100, 2048]]}
0.0%	473.028 μs	1	473.028 μs	473.028 μs	473.028 μs	473.028 μs	0 ns	PushPop	:{'Module': 'LlamaForCausalLM.model.layers.10.mlp', 'Inputs': [[512, 2048]]}
0.0%	471.976 μs	504	936 ns	921 ns	762 ns	1.540 μs	86 ns	PushPop	:{'Module': 'LlamaForCausalLM.model.layers.14', 'Outputs': [[100, 2048], [100, 2048]]}
0.0%	469.469 μs	504	931 ns	918 ns	782 ns	1.334 μs	81 ns	PushPop	:{'Module': 'LlamaForCausalLM.model.layers.13', 'Outputs': [[100, 2048], [100, 2048]]}
0.0%	466.582 μs	504	925 ns	902 ns	785 ns	7.515 μs	302 ns	PushPop	:{'Module': 'LlamaForCausalLM.model.layers.9.self_attn', 'Outputs': [[100, 2048]]}
0.0%	465.707 μs	504	924 ns	851 ns	721 ns	16.368 μs	974 ns	PushPop	:{'Module': 'LlamaForCausalLM.model.layers.11.mlp', 'Outputs': [[100, 2048]]}
0.0%	464.565 μs	504	921 ns	907 ns	778 ns	4.203 μs	164 ns	PushPop	:{'Module': 'LlamaForCausalLM.model.layers.15.self_attn', 'Outputs': [[100, 2048]]}
0.0%	464.550 μs	1	464.550 μs	464.550 μs	464.550 μs	464.550 μs	0 ns	PushPop	:{'Module': 'LlamaForCausalLM.model.layers.11.self_attn', 'positions': [[256]], 'hidden_states': [[256, 2048]]}
0.0%	464.540 μs	504	921 ns	883 ns	747 ns	8.597 μs	489 ns	PushPop	:{'Module': 'LlamaForCausalLM.model.layers.1.self_attn', 'Outputs': [[100, 2048]]}
0.0%	463.519 μs	1	463.519 μs	463.519 μs	463.519 μs	463.519 μs	0 ns	PushPop	:{'Module': 'LlamaForCausalLM.model.layers.15.self_attn', 'positions': [[256]], 'hidden_states': [[256, 2048]]}
0.0%	462.691 μs	504	918 ns	907 ns	736 ns	1.395 μs	70 ns	PushPop	:{'Module': 'LlamaForCausalLM.model.layers.10.self_attn', 'Outputs': [[100, 2048]]}
0.0%	461.994 μs	504	916 ns	853 ns	724 ns	11.025 μs	644 ns	PushPop	:{'Module': 'LlamaForCausalLM.model.layers.14.mlp', 'Outputs': [[100, 2048]]}
0.0%	461.792 μs	504	916 ns	858 ns	737 ns	16.292 μs	823 ns	PushPop	:{'Module': 'LlamaForCausalLM.model.layers.5.mlp', 'Outputs': [[100, 2048]]}
0.0%	456.184 μs	504	905 ns	863 ns	714 ns	9.252 μs	485 ns	PushPop	:{'Module': 'LlamaForCausalLM.model.layers.2.mlp', 'Outputs': [[100, 2048]]}
0.0%	453.837 μs	1	453.837 μs	453.837 μs	453.837 μs	453.837 μs	0 ns	PushPop	:{'Module': 'LlamaForCausalLM.model.layers.2.self_attn', 'positions': [[256]], 'hidden_states': [[256, 2048]]}
0.0%	451.309 μs	1	451.309 μs	451.309 μs	451.309 μs	451.309 μs	0 ns	PushPop	:{'Module': 'LlamaForCausalLM.model.layers.0.self_attn.attn', 'Inputs': [[512, 2048], [512, 512], [512, 512]]}
0.0%	451.193 μs	1	451.193 μs	451.193 μs	451.193 μs	451.193 μs	0 ns	PushPop	:{'Module': 'LlamaForCausalLM.model.layers.4.self_attn', 'positions': [[256]], 'hidden_states': [[256, 2048]]}
0.0%	451.063 μs	1	451.063 μs	451.063 μs	451.063 μs	451.063 μs	0 ns	PushPop	:{'Module': 'LlamaForCausalLM.model.layers.3.self_attn', 'positions': [[256]], 'hidden_states': [[256, 2048]]}
0.0%	450.637 μs	504	894 ns	859 ns	730 ns	11.006 μs	477 ns	PushPop	:{'Module': 'LlamaForCausalLM.model.layers.6.mlp', 'Outputs': [[100, 2048]]}
0.0%	449.438 μs	504	891 ns	849 ns	721 ns	10.966 μs	525 ns	PushPop	:{'Module': 'LlamaForCausalLM.model.layers.12.mlp', 'Outputs': [[100, 2048]]}
0.0%	448.758 μs	504	890 ns	860 ns	714 ns	9.844 μs	407 ns	PushPop	:{'Module': 'LlamaForCausalLM.model.layers.8.mlp', 'Outputs': [[100, 2048]]}
0.0%	448.395 μs	504	889 ns	877 ns	742 ns	1.409 μs	81 ns	PushPop	:{'Module': 'LlamaForCausalLM', 'Outputs': [[100, 2048]]}
0.0%	447.815 μs	504	888 ns	851 ns	684 ns	7.552 μs	407 ns	PushPop	:{'Module': 'LlamaForCausalLM.model.layers.9.mlp', 'Outputs': [[100, 2048]]}
0.0%	447.312 μs	504	887 ns	860 ns	708 ns	8.006 μs	352 ns	PushPop	:{'Module': 'LlamaForCausalLM.model.layers.10.mlp', 'Outputs': [[100, 2048]]}
0.0%	446.171 μs	1	446.171 μs	446.171 μs	446.171 μs	446.171 μs	0 ns	PushPop	:{'Module': 'LlamaForCausalLM.model.layers.5.self_attn', 'positions': [[256]], 'hidden_states': [[256, 2048]]}
0.0%	445.720 μs	1	445.720 μs	445.720 μs	445.720 μs	445.720 μs	0 ns	PushPop	:{'Module': 'LlamaForCausalLM.model.layers.0.mlp', 'Inputs': [[16, 2048]]}
0.0%	445.484 μs	1	445.484 μs	445.484 μs	445.484 μs	445.484 μs	0 ns	PushPop	:{'Module': 'LlamaForCausalLM.model.layers.13.self_attn', 'positions': [[256]], 'hidden_states': [[256, 2048]]}
0.0%	444.727 μs	504	882 ns	853 ns	733 ns	11.092 μs	460 ns	PushPop	:{'Module': 'LlamaForCausalLM.model.layers.13.mlp', 'Outputs': [[100, 2048]]}
0.0%	444.413 μs	504	881 ns	872 ns	735 ns	1.464 μs	82 ns	PushPop	:{'Module': 'LlamaForCausalLM.model.layers.1.mlp', 'Outputs': [[100, 2048]]}
0.0%	444.347 μs	1	444.347 μs	444.347 μs	444.347 μs	444.347 μs	0 ns	PushPop	:{'Module': 'LlamaForCausalLM.model.layers.0.mlp', 'Inputs': [[512, 2048]]}
0.0%	442.222 μs	1	442.222 μs	442.222 μs	442.222 μs	442.222 μs	0 ns	PushPop	:{'Module': 'LlamaForCausalLM.model.layers.8.self_attn.attn', 'Inputs': [[512, 2048], [512, 512], [512, 512]]}
0.0%	441.357 μs	504	875 ns	864 ns	731 ns	1.356 μs	82 ns	PushPop	:{'Module': 'LlamaForCausalLM.model.layers.7.mlp', 'Outputs': [[100, 2048]]}
0.0%	440.974 μs	1	440.974 μs	440.974 μs	440.974 μs	440.974 μs	0 ns	PushPop	:{'Module': 'LlamaForCausalLM.model.layers.6.self_attn', 'positions': [[256]], 'hidden_states': [[256, 2048]]}
0.0%	438.256 μs	504	869 ns	861 ns	736 ns	1.246 μs	62 ns	PushPop	:{'Module': 'LlamaForCausalLM.model.layers.4.mlp', 'Outputs': [[100, 2048]]}
0.0%	436.545 μs	1	436.545 μs	436.545 μs	436.545 μs	436.545 μs	0 ns	PushPop	:{'Module': 'LlamaForCausalLM.model.layers.9.self_attn', 'positions': [[256]], 'hidden_states': [[256, 2048]]}
0.0%	436.445 μs	1	436.445 μs	436.445 μs	436.445 μs	436.445 μs	0 ns	PushPop	:{'Module': 'LlamaForCausalLM.model.layers.8.self_attn', 'positions': [[256]], 'hidden_states': [[256, 2048]]}
0.0%	436.441 μs	1	436.441 μs	436.441 μs	436.441 μs	436.441 μs	0 ns	PushPop	:{'Module': 'LlamaForCausalLM.model.layers.7.self_attn', 'positions': [[256]], 'hidden_states': [[256, 2048]]}
0.0%	435.319 μs	504	863 ns	852 ns	718 ns	1.356 μs	74 ns	PushPop	:{'Module': 'LlamaForCausalLM.model.layers.15.mlp', 'Outputs': [[100, 2048]]}
0.0%	430.759 μs	1	430.759 μs	430.759 μs	430.759 μs	430.759 μs	0 ns	PushPop	:{'Module': 'LlamaForCausalLM.model.layers.0.mlp', 'Inputs': [[52, 2048]]}
0.0%	430.454 μs	504	854 ns	843 ns	706 ns	1.343 μs	72 ns	PushPop	:{'Module': 'LlamaForCausalLM.model.layers.0.mlp', 'Outputs': [[100, 2048]]}
0.0%	422.563 μs	1	422.563 μs	422.563 μs	422.563 μs	422.563 μs	0 ns	PushPop	:{'Module': 'LlamaForCausalLM.model.layers.14.self_attn', 'positions': [[256]], 'hidden_states': [[256, 2048]]}
0.0%	418.803 μs	6	69.800 μs	68.522 μs	62.689 μs	78.590 μs	6.529 μs	PushPop	:{'Module': 'LlamaForCausalLM.model.layers.0.self_attn.o_proj', 'TrainableParams': {'weight': [2048, 2048]}, 'Inputs': [[8192, 2048]]}
0.0%	417.559 μs	1	417.559 μs	417.559 μs	417.559 μs	417.559 μs	0 ns	PushPop	:{'Module': 'LlamaForCausalLM.model.layers.0.mlp', 'Inputs': [[4, 2048]]}
0.0%	403.181 μs	6	67.196 μs	70.112 μs	59.694 μs	71.547 μs	5.684 μs	PushPop	:{'Module': 'LlamaForCausalLM.model.layers.15.mlp.gate_up_proj', 'TrainableParams': {'weight': [16384, 2048]}, 'Inputs': [[8192, 2048]]}
0.0%	395.876 μs	6	65.979 μs	61.156 μs	58.690 μs	91.097 μs	12.422 μs	PushPop	:{'Module': 'LlamaForCausalLM.model.layers.8.self_attn.o_proj', 'TrainableParams': {'weight': [2048, 2048]}, 'Inputs': [[8192, 2048]]}
0.0%	394.769 μs	6	65.794 μs	62.088 μs	59.994 μs	75.884 μs	7.364 μs	PushPop	:{'Module': 'LlamaForCausalLM.model.layers.8.mlp.gate_up_proj', 'TrainableParams': {'weight': [16384, 2048]}, 'Inputs': [[8192, 2048]]}
0.0%	391.602 μs	1	391.602 μs	391.602 μs	391.602 μs	391.602 μs	0 ns	PushPop	:{'Module': 'LlamaForCausalLM.model.layers.0.self_attn.o_proj', 'TrainableParams': {'weight': [2048, 2048]}, 'Inputs': [[256, 2048]]}
0.0%	390.891 μs	6	65.148 μs	59.283 μs	57.618 μs	86.635 μs	11.468 μs	PushPop	:{'Module': 'LlamaForCausalLM.model.layers.9.mlp.gate_up_proj', 'TrainableParams': {'weight': [16384, 2048]}, 'Inputs': [[8192, 2048]]}
0.0%	390.037 μs	6	65.006 μs	61.892 μs	59.502 μs	77.869 μs	6.935 μs	PushPop	:{'Module': 'LlamaForCausalLM.model.layers.7.self_attn.o_proj', 'TrainableParams': {'weight': [2048, 2048]}, 'Inputs': [[8192, 2048]]}
0.0%	383.770 μs	6	63.961 μs	63.641 μs	61.087 μs	68.070 μs	2.489 μs	PushPop	:{'Module': 'LlamaForCausalLM.model.layers.1.self_attn.o_proj', 'TrainableParams': {'weight': [2048, 2048]}, 'Inputs': [[8192, 2048]]}
0.0%	383.468 μs	6	63.911 μs	62.790 μs	57.289 μs	72.469 μs	6.403 μs	PushPop	:{'Module': 'LlamaForCausalLM.model.layers.7.mlp.gate_up_proj', 'TrainableParams': {'weight': [16384, 2048]}, 'Inputs': [[8192, 2048]]}
0.0%	382.285 μs	1	382.285 μs	382.285 μs	382.285 μs	382.285 μs	0 ns	PushPop	:{'Module': 'LlamaForCausalLM.model.layers.0.mlp', 'Inputs': [[68, 2048]]}
0.0%	380.038 μs	6	63.339 μs	63.004 μs	59.498 μs	67.450 μs	3.486 μs	PushPop	:{'Module': 'LlamaForCausalLM.model.layers.6.self_attn.o_proj', 'TrainableParams': {'weight': [2048, 2048]}, 'Inputs': [[8192, 2048]]}
0.0%	378.837 μs	6	63.139 μs	60.265 μs	58.160 μs	78.994 μs	7.859 μs	PushPop	:{'Module': 'LlamaForCausalLM.model.layers.12.self_attn.o_proj', 'TrainableParams': {'weight': [2048, 2048]}, 'Inputs': [[8192, 2048]]}
0.0%	378.825 μs	6	63.137 μs	60.734 μs	58.650 μs	70.930 μs	5.171 μs	PushPop	:{'Module': 'LlamaForCausalLM.model.layers.13.mlp.gate_up_proj', 'TrainableParams': {'weight': [16384, 2048]}, 'Inputs': [[8192, 2048]]}
0.0%	377.627 μs	6	62.937 μs	62.364 μs	59.520 μs	68.199 μs	2.877 μs	PushPop	:{'Module': 'LlamaForCausalLM.model.layers.2.self_attn.o_proj', 'TrainableParams': {'weight': [2048, 2048]}, 'Inputs': [[8192, 2048]]}
0.0%	376.699 μs	6	62.783 μs	62.444 μs	59.958 μs	67.954 μs	2.784 μs	PushPop	:{'Module': 'LlamaForCausalLM.model.layers.5.self_attn.o_proj', 'TrainableParams': {'weight': [2048, 2048]}, 'Inputs': [[8192, 2048]]}
0.0%	375.497 μs	6	62.582 μs	61.517 μs	58.046 μs	72.453 μs	5.139 μs	PushPop	:{'Module': 'LlamaForCausalLM.model.layers.14.self_attn.o_proj', 'TrainableParams': {'weight': [2048, 2048]}, 'Inputs': [[8192, 2048]]}
0.0%	374.555 μs	6	62.425 μs	58.832 μs	57.412 μs	73.058 μs	6.809 μs	PushPop	:{'Module': 'LlamaForCausalLM.model.layers.6.mlp.gate_up_proj', 'TrainableParams': {'weight': [16384, 2048]}, 'Inputs': [[8192, 2048]]}
0.0%	371.016 μs	6	61.836 μs	60.234 μs	59.146 μs	68.951 μs	3.655 μs	PushPop	:{'Module': 'LlamaForCausalLM.model.layers.2.mlp.gate_up_proj', 'TrainableParams': {'weight': [16384, 2048]}, 'Inputs': [[8192, 2048]]}
0.0%	370.974 μs	6	61.829 μs	60.243 μs	57.920 μs	69.634 μs	4.556 μs	PushPop	:{'Module': 'LlamaForCausalLM.model.layers.11.self_attn.o_proj', 'TrainableParams': {'weight': [2048, 2048]}, 'Inputs': [[8192, 2048]]}
0.0%	370.724 μs	6	61.787 μs	60.492 μs	59.016 μs	69.138 μs	3.817 μs	PushPop	:{'Module': 'LlamaForCausalLM.model.layers.10.self_attn.o_proj', 'TrainableParams': {'weight': [2048, 2048]}, 'Inputs': [[8192, 2048]]}
0.0%	370.614 μs	6	61.769 μs	61.659 μs	61.329 μs	62.520 μs	409 ns	PushPop	:{'Module': 'LlamaForCausalLM.model.layers.3.self_attn.o_proj', 'TrainableParams': {'weight': [2048, 2048]}, 'Inputs': [[8192, 2048]]}
0.0%	369.334 μs	6	61.555 μs	60.448 μs	58.777 μs	67.521 μs	3.239 μs	PushPop	:{'Module': 'LlamaForCausalLM.model.layers.15.self_attn.o_proj', 'TrainableParams': {'weight': [2048, 2048]}, 'Inputs': [[8192, 2048]]}
0.0%	369.136 μs	6	61.522 μs	61.634 μs	59.048 μs	63.767 μs	1.532 μs	PushPop	:{'Module': 'LlamaForCausalLM.model.layers.13.self_attn.o_proj', 'TrainableParams': {'weight': [2048, 2048]}, 'Inputs': [[8192, 2048]]}
0.0%	367.627 μs	6	61.271 μs	60.760 μs	57.157 μs	66.515 μs	3.080 μs	PushPop	:{'Module': 'LlamaForCausalLM.model.layers.1.mlp.gate_up_proj', 'TrainableParams': {'weight': [16384, 2048]}, 'Inputs': [[8192, 2048]]}
0.0%	366.808 μs	1	366.808 μs	366.808 μs	366.808 μs	366.808 μs	0 ns	PushPop	:{'Module': 'LlamaForCausalLM.model.layers.0.mlp', 'Inputs': [[20, 2048]]}
0.0%	366.163 μs	6	61.027 μs	60.072 μs	57.225 μs	69.032 μs	4.294 μs	PushPop	:{'Module': 'LlamaForCausalLM.model.layers.11.mlp.gate_up_proj', 'TrainableParams': {'weight': [16384, 2048]}, 'Inputs': [[8192, 2048]]}
0.0%	365.353 μs	6	60.892 μs	61.428 μs	57.334 μs	62.185 μs	1.816 μs	PushPop	:{'Module': 'LlamaForCausalLM.model.layers.9.self_attn.o_proj', 'TrainableParams': {'weight': [2048, 2048]}, 'Inputs': [[8192, 2048]]}
0.0%	363.744 μs	6	60.624 μs	61.061 μs	58.892 μs	61.706 μs	1.193 μs	PushPop	:{'Module': 'LlamaForCausalLM.model.layers.4.self_attn.o_proj', 'TrainableParams': {'weight': [2048, 2048]}, 'Inputs': [[8192, 2048]]}
0.0%	361.324 μs	6	60.220 μs	59.029 μs	57.381 μs	67.670 μs	3.816 μs	PushPop	:{'Module': 'LlamaForCausalLM.model.layers.4.mlp.gate_up_proj', 'TrainableParams': {'weight': [16384, 2048]}, 'Inputs': [[8192, 2048]]}
0.0%	360.381 μs	6	60.063 μs	59.006 μs	57.402 μs	64.154 μs	2.706 μs	PushPop	:{'Module': 'LlamaForCausalLM.model.layers.5.mlp.gate_up_proj', 'TrainableParams': {'weight': [16384, 2048]}, 'Inputs': [[8192, 2048]]}
0.0%	359.318 μs	6	59.886 μs	59.264 μs	57.279 μs	65.231 μs	2.894 μs	PushPop	:{'Module': 'LlamaForCausalLM.model.layers.3.mlp.gate_up_proj', 'TrainableParams': {'weight': [16384, 2048]}, 'Inputs': [[8192, 2048]]}
0.0%	359.170 μs	6	59.861 μs	60.261 μs	56.136 μs	63.154 μs	2.506 μs	PushPop	:{'Module': 'LlamaForCausalLM.model.layers.14.mlp.gate_up_proj', 'TrainableParams': {'weight': [16384, 2048]}, 'Inputs': [[8192, 2048]]}
0.0%	358.235 μs	6	59.705 μs	53.864 μs	53.521 μs	87.457 μs	13.626 μs	PushPop	:{'Module': 'LlamaForCausalLM.model.layers.0.mlp.down_proj', 'TrainableParams': {'weight': [2048, 8192]}, 'Inputs': [[8192, 8192]]}
0.0%	357.707 μs	6	59.617 μs	60.095 μs	56.018 μs	62.626 μs	2.388 μs	PushPop	:{'Module': 'LlamaForCausalLM.model.layers.10.mlp.gate_up_proj', 'TrainableParams': {'weight': [16384, 2048]}, 'Inputs': [[8192, 2048]]}
0.0%	356.314 μs	6	59.385 μs	59.158 μs	57.321 μs	62.872 μs	1.991 μs	PushPop	:{'Module': 'LlamaForCausalLM.model.layers.12.mlp.gate_up_proj', 'TrainableParams': {'weight': [16384, 2048]}, 'Inputs': [[8192, 2048]]}
0.0%	353.380 μs	1	353.380 μs	353.380 μs	353.380 μs	353.380 μs	0 ns	PushPop	:{'Module': 'LlamaForCausalLM.model.layers.0.mlp.gate_up_proj', 'TrainableParams': {'weight': [16384, 2048]}, 'Inputs': [[256, 2048]]}
0.0%	352.302 μs	1	352.302 μs	352.302 μs	352.302 μs	352.302 μs	0 ns	PushPop	:{'Module': 'LlamaForCausalLM.model.layers.0.mlp', 'Inputs': [[84, 2048]]}
0.0%	347.964 μs	1	347.964 μs	347.964 μs	347.964 μs	347.964 μs	0 ns	PushPop	:{'Module': 'LlamaForCausalLM.model.layers.0.input_layernorm', 'TrainableParams': {'weight': [2048]}, 'Inputs': [[256, 2048]]}
0.0%	345.447 μs	6	57.574 μs	48.887 μs	45.602 μs	98.840 μs	20.671 μs	PushPop	:{'Module': 'LlamaForCausalLM.model.layers.0.input_layernorm', 'TrainableParams': {'weight': [2048]}, 'Inputs': [[8192, 2048]]}
0.0%	343.946 μs	6	57.324 μs	56.377 μs	52.712 μs	62.469 μs	3.624 μs	PushPop	:{'Module': 'LlamaForCausalLM.model.layers.5.self_attn.qkv_proj', 'TrainableParams': {'weight': [3072, 2048]}, 'Inputs': [[8192, 2048]]}
0.0%	341.611 μs	6	56.935 μs	54.281 μs	52.491 μs	70.492 μs	6.919 μs	PushPop	:{'Module': 'LlamaForCausalLM.model.layers.14.mlp.down_proj', 'TrainableParams': {'weight': [2048, 8192]}, 'Inputs': [[8192, 8192]]}
0.0%	337.923 μs	6	56.320 μs	54.839 μs	50.188 μs	63.875 μs	5.886 μs	PushPop	:{'Module': 'LlamaForCausalLM.model.layers.2.mlp.down_proj', 'TrainableParams': {'weight': [2048, 8192]}, 'Inputs': [[8192, 8192]]}
0.0%	335.524 μs	6	55.920 μs	53.074 μs	51.187 μs	72.712 μs	8.262 μs	PushPop	:{'Module': 'LlamaForCausalLM.model.layers.13.mlp.down_proj', 'TrainableParams': {'weight': [2048, 8192]}, 'Inputs': [[8192, 8192]]}
0.0%	334.438 μs	6	55.739 μs	54.567 μs	49.921 μs	62.560 μs	4.464 μs	PushPop	:{'Module': 'LlamaForCausalLM.model.layers.7.mlp.down_proj', 'TrainableParams': {'weight': [2048, 8192]}, 'Inputs': [[8192, 8192]]}
0.0%	334.322 μs	6	55.720 μs	54.564 μs	50.899 μs	62.695 μs	4.598 μs	PushPop	:{'Module': 'LlamaForCausalLM.model.layers.4.mlp.down_proj', 'TrainableParams': {'weight': [2048, 8192]}, 'Inputs': [[8192, 8192]]}
0.0%	334.043 μs	6	55.673 μs	53.151 μs	52.116 μs	67.701 μs	5.966 μs	PushPop	:{'Module': 'LlamaForCausalLM.model.layers.12.mlp.down_proj', 'TrainableParams': {'weight': [2048, 8192]}, 'Inputs': [[8192, 8192]]}
0.0%	333.960 μs	6	55.660 μs	54.010 μs	51.878 μs	64.763 μs	4.709 μs	PushPop	:{'Module': 'LlamaForCausalLM.model.layers.13.self_attn.qkv_proj', 'TrainableParams': {'weight': [3072, 2048]}, 'Inputs': [[8192, 2048]]}
0.0%	333.304 μs	6	55.550 μs	53.087 μs	49.970 μs	68.929 μs	6.771 μs	PushPop	:{'Module': 'LlamaForCausalLM.model.layers.9.self_attn.qkv_proj', 'TrainableParams': {'weight': [3072, 2048]}, 'Inputs': [[8192, 2048]]}
0.0%	332.942 μs	6	55.490 μs	54.669 μs	53.748 μs	60.347 μs	2.415 μs	PushPop	:{'Module': 'LlamaForCausalLM.model.layers.1.self_attn.qkv_proj', 'TrainableParams': {'weight': [3072, 2048]}, 'Inputs': [[8192, 2048]]}
0.0%	332.761 μs	6	55.460 μs	53.573 μs	51.489 μs	66.606 μs	5.583 μs	PushPop	:{'Module': 'LlamaForCausalLM.model.layers.5.mlp.down_proj', 'TrainableParams': {'weight': [2048, 8192]}, 'Inputs': [[8192, 8192]]}
0.0%	331.531 μs	1	331.531 μs	331.531 μs	331.531 μs	331.531 μs	0 ns	PushPop	:{'Module': 'LlamaForCausalLM.model.layers.9.mlp', 'Inputs': [[512, 2048]]}
0.0%	330.984 μs	1	330.984 μs	330.984 μs	330.984 μs	330.984 μs	0 ns	PushPop	:{'Module': 'LlamaForCausalLM.model.layers.0.mlp', 'Inputs': [[1873, 2048]]}
0.0%	330.791 μs	6	55.131 μs	52.915 μs	51.230 μs	64.921 μs	5.151 μs	PushPop	:{'Module': 'LlamaForCausalLM.model.layers.6.self_attn.qkv_proj', 'TrainableParams': {'weight': [3072, 2048]}, 'Inputs': [[8192, 2048]]}
0.0%	330.784 μs	6	55.130 μs	53.340 μs	50.794 μs	64.360 μs	4.801 μs	PushPop	:{'Module': 'LlamaForCausalLM.model.layers.8.mlp.down_proj', 'TrainableParams': {'weight': [2048, 8192]}, 'Inputs': [[8192, 8192]]}
0.0%	330.280 μs	6	55.046 μs	53.602 μs	51.230 μs	63.284 μs	4.338 μs	PushPop	:{'Module': 'LlamaForCausalLM.model.layers.3.mlp.down_proj', 'TrainableParams': {'weight': [2048, 8192]}, 'Inputs': [[8192, 8192]]}
0.0%	328.972 μs	6	54.828 μs	54.206 μs	51.356 μs	61.683 μs	3.778 μs	PushPop	:{'Module': 'LlamaForCausalLM.model.layers.6.mlp.down_proj', 'TrainableParams': {'weight': [2048, 8192]}, 'Inputs': [[8192, 8192]]}
0.0%	328.405 μs	6	54.734 μs	52.762 μs	50.233 μs	67.189 μs	6.329 μs	PushPop	:{'Module': 'LlamaForCausalLM.model.layers.2.self_attn.qkv_proj', 'TrainableParams': {'weight': [3072, 2048]}, 'Inputs': [[8192, 2048]]}
0.0%	327.806 μs	6	54.634 μs	53.844 μs	51.748 μs	59.493 μs	2.646 μs	PushPop	:{'Module': 'LlamaForCausalLM.model.layers.14.self_attn.qkv_proj', 'TrainableParams': {'weight': [3072, 2048]}, 'Inputs': [[8192, 2048]]}
0.0%	327.034 μs	1	327.034 μs	327.034 μs	327.034 μs	327.034 μs	0 ns	PushPop	:{'Module': 'LlamaForCausalLM.model.layers.15.mlp', 'Inputs': [[16, 2048]]}
0.0%	326.307 μs	6	54.384 μs	52.740 μs	51.956 μs	62.659 μs	4.112 μs	PushPop	:{'Module': 'LlamaForCausalLM.model.layers.15.mlp.down_proj', 'TrainableParams': {'weight': [2048, 8192]}, 'Inputs': [[8192, 8192]]}
0.0%	326.290 μs	6	54.381 μs	52.149 μs	49.344 μs	68.245 μs	7.022 μs	PushPop	:{'Module': 'LlamaForCausalLM.model.layers.12.self_attn.qkv_proj', 'TrainableParams': {'weight': [3072, 2048]}, 'Inputs': [[8192, 2048]]}
0.0%	326.281 μs	6	54.380 μs	52.642 μs	49.898 μs	67.010 μs	6.324 μs	PushPop	:{'Module': 'LlamaForCausalLM.model.layers.11.mlp.down_proj', 'TrainableParams': {'weight': [2048, 8192]}, 'Inputs': [[8192, 8192]]}
0.0%	325.828 μs	6	54.304 μs	54.335 μs	50.280 μs	57.221 μs	2.342 μs	PushPop	:{'Module': 'LlamaForCausalLM.model.layers.1.mlp.down_proj', 'TrainableParams': {'weight': [2048, 8192]}, 'Inputs': [[8192, 8192]]}
0.0%	324.813 μs	1	324.813 μs	324.813 μs	324.813 μs	324.813 μs	0 ns	PushPop	:{'Module': 'LlamaForCausalLM.model.layers.0.mlp', 'Inputs': [[99, 2048]]}
0.0%	323.940 μs	1	323.940 μs	323.940 μs	323.940 μs	323.940 μs	0 ns	PushPop	:{'Module': 'LlamaForCausalLM.model.layers.1.mlp', 'Inputs': [[16, 2048]]}
0.0%	319.645 μs	6	53.274 μs	52.482 μs	49.613 μs	60.984 μs	4.004 μs	PushPop	:{'Module': 'LlamaForCausalLM.model.layers.11.self_attn.qkv_proj', 'TrainableParams': {'weight': [3072, 2048]}, 'Inputs': [[8192, 2048]]}
0.0%	319.474 μs	6	53.245 μs	53.128 μs	49.224 μs	57.203 μs	3.061 μs	PushPop	:{'Module': 'LlamaForCausalLM.model.layers.3.self_attn.qkv_proj', 'TrainableParams': {'weight': [3072, 2048]}, 'Inputs': [[8192, 2048]]}
0.0%	318.787 μs	1	318.787 μs	318.787 μs	318.787 μs	318.787 μs	0 ns	PushPop	:{'Module': 'LlamaForCausalLM.model.layers.0.self_attn.o_proj', 'TrainableParams': {'weight': [2048, 2048]}, 'Inputs': [[512, 2048]]}
0.0%	318.382 μs	6	53.063 μs	52.915 μs	49.902 μs	55.757 μs	1.936 μs	PushPop	:{'Module': 'LlamaForCausalLM.model.layers.4.self_attn.qkv_proj', 'TrainableParams': {'weight': [3072, 2048]}, 'Inputs': [[8192, 2048]]}
0.0%	317.789 μs	6	52.964 μs	52.157 μs	49.935 μs	56.940 μs	2.473 μs	PushPop	:{'Module': 'LlamaForCausalLM.model.layers.10.mlp.down_proj', 'TrainableParams': {'weight': [2048, 8192]}, 'Inputs': [[8192, 8192]]}
0.0%	316.066 μs	6	52.677 μs	52.747 μs	49.259 μs	56.570 μs	2.427 μs	PushPop	:{'Module': 'LlamaForCausalLM.model.layers.15.self_attn.qkv_proj', 'TrainableParams': {'weight': [3072, 2048]}, 'Inputs': [[8192, 2048]]}
0.0%	315.689 μs	1	315.689 μs	315.689 μs	315.689 μs	315.689 μs	0 ns	PushPop	:{'Module': 'LlamaForCausalLM.model.layers.13.mlp', 'Inputs': [[512, 2048]]}
0.0%	315.336 μs	6	52.556 μs	52.898 μs	49.815 μs	54.070 μs	1.524 μs	PushPop	:{'Module': 'LlamaForCausalLM.model.layers.8.self_attn.qkv_proj', 'TrainableParams': {'weight': [3072, 2048]}, 'Inputs': [[8192, 2048]]}
0.0%	315.235 μs	1	315.235 μs	315.235 μs	315.235 μs	315.235 μs	0 ns	PushPop	:{'Module': 'LlamaForCausalLM.model.layers.2.mlp', 'Inputs': [[16, 2048]]}
0.0%	312.246 μs	6	52.041 μs	51.283 μs	49.733 μs	55.971 μs	2.254 μs	PushPop	:{'Module': 'LlamaForCausalLM.model.layers.7.self_attn.qkv_proj', 'TrainableParams': {'weight': [3072, 2048]}, 'Inputs': [[8192, 2048]]}
0.0%	311.515 μs	6	51.919 μs	51.912 μs	49.439 μs	55.421 μs	2.087 μs	PushPop	:{'Module': 'LlamaForCausalLM.model.layers.10.self_attn.qkv_proj', 'TrainableParams': {'weight': [3072, 2048]}, 'Inputs': [[8192, 2048]]}
0.0%	311.411 μs	1	311.411 μs	311.411 μs	311.411 μs	311.411 μs	0 ns	PushPop	:{'Module': 'LlamaForCausalLM.model.layers.12.mlp', 'Inputs': [[256, 2048]]}
0.0%	311.397 μs	6	51.899 μs	50.820 μs	49.605 μs	55.859 μs	2.749 μs	PushPop	:{'Module': 'LlamaForCausalLM.model.layers.9.mlp.down_proj', 'TrainableParams': {'weight': [2048, 8192]}, 'Inputs': [[8192, 8192]]}
0.0%	308.717 μs	6	51.452 μs	48.017 μs	43.107 μs	64.885 μs	9.205 μs	PushPop	:{'Module': 'LlamaForCausalLM.model.layers.15.mlp.act_fn', 'Inputs': [[8192, 16384]]}
0.0%	308.307 μs	1	308.307 μs	308.307 μs	308.307 μs	308.307 μs	0 ns	PushPop	:{'Module': 'LlamaForCausalLM.model.layers.5.mlp', 'Inputs': [[512, 2048]]}
0.0%	307.570 μs	1	307.570 μs	307.570 μs	307.570 μs	307.570 μs	0 ns	PushPop	:{'Module': 'LlamaForCausalLM.model.layers.5.mlp', 'Inputs': [[99, 2048]]}
0.0%	307.388 μs	1	307.388 μs	307.388 μs	307.388 μs	307.388 μs	0 ns	PushPop	:{'Module': 'LlamaForCausalLM.model.layers.1.mlp', 'Inputs': [[512, 2048]]}
0.0%	304.785 μs	1	304.785 μs	304.785 μs	304.785 μs	304.785 μs	0 ns	PushPop	:{'Module': 'LlamaForCausalLM.model.layers.13.mlp', 'Inputs': [[16, 2048]]}
0.0%	304.311 μs	6	50.718 μs	45.956 μs	43.295 μs	62.388 μs	8.660 μs	PushPop	:{'Module': 'LlamaForCausalLM.model.layers.1.mlp.act_fn', 'Inputs': [[8192, 16384]]}
0.0%	303.817 μs	1	303.817 μs	303.817 μs	303.817 μs	303.817 μs	0 ns	PushPop	:{'Module': 'LlamaForCausalLM.model.layers.4.mlp', 'Inputs': [[256, 2048]]}
0.0%	303.763 μs	1	303.763 μs	303.763 μs	303.763 μs	303.763 μs	0 ns	PushPop	:{'Module': 'LlamaForCausalLM.model.layers.2.mlp', 'Inputs': [[68, 2048]]}
0.0%	302.705 μs	1	302.705 μs	302.705 μs	302.705 μs	302.705 μs	0 ns	PushPop	:{'Module': 'LlamaForCausalLM.model.layers.7.mlp', 'Inputs': [[36, 2048]]}
0.0%	302.445 μs	1	302.445 μs	302.445 μs	302.445 μs	302.445 μs	0 ns	PushPop	:{'Module': 'LlamaForCausalLM.model.layers.11.mlp', 'Inputs': [[16, 2048]]}
0.0%	302.316 μs	6	50.386 μs	45.555 μs	42.965 μs	72.024 μs	10.987 μs	PushPop	:{'Module': 'LlamaForCausalLM.model.layers.12.mlp.act_fn', 'Inputs': [[8192, 16384]]}
0.0%	301.822 μs	1	301.822 μs	301.822 μs	301.822 μs	301.822 μs	0 ns	PushPop	:{'Module': 'LlamaForCausalLM.model.layers.15.mlp', 'Inputs': [[512, 2048]]}
0.0%	300.758 μs	1	300.758 μs	300.758 μs	300.758 μs	300.758 μs	0 ns	PushPop	:{'Module': 'LlamaForCausalLM.model.layers.2.mlp', 'Inputs': [[256, 2048]]}
0.0%	300.638 μs	1	300.638 μs	300.638 μs	300.638 μs	300.638 μs	0 ns	PushPop	:{'Module': 'LlamaForCausalLM.model.layers.1.self_attn.attn', 'Inputs': [[16, 2048], [16, 512], [16, 512]]}
0.0%	300.636 μs	1	300.636 μs	300.636 μs	300.636 μs	300.636 μs	0 ns	PushPop	:{'Module': 'LlamaForCausalLM.model.layers.3.mlp', 'Inputs': [[256, 2048]]}
0.0%	299.301 μs	1	299.301 μs	299.301 μs	299.301 μs	299.301 μs	0 ns	PushPop	:{'Module': 'LlamaForCausalLM.model.layers.1.mlp', 'Inputs': [[256, 2048]]}
0.0%	299.164 μs	1	299.164 μs	299.164 μs	299.164 μs	299.164 μs	0 ns	PushPop	:{'Module': 'LlamaForCausalLM.model.layers.7.mlp', 'Inputs': [[512, 2048]]}
0.0%	294.795 μs	1	294.795 μs	294.795 μs	294.795 μs	294.795 μs	0 ns	PushPop	:{'Module': 'LlamaForCausalLM.model.layers.15.mlp', 'Inputs': [[99, 2048]]}
0.0%	293.870 μs	1	293.870 μs	293.870 μs	293.870 μs	293.870 μs	0 ns	PushPop	:{'Module': 'LlamaForCausalLM.model.layers.8.mlp', 'Inputs': [[99, 2048]]}
0.0%	293.503 μs	1	293.503 μs	293.503 μs	293.503 μs	293.503 μs	0 ns	PushPop	:{'Module': 'LlamaForCausalLM.model.layers.10.mlp', 'Inputs': [[256, 2048]]}
0.0%	293.435 μs	1	293.435 μs	293.435 μs	293.435 μs	293.435 μs	0 ns	PushPop	:{'Module': 'LlamaForCausalLM.model.layers.2.mlp', 'Inputs': [[512, 2048]]}
0.0%	292.250 μs	1	292.250 μs	292.250 μs	292.250 μs	292.250 μs	0 ns	PushPop	:{'Module': 'LlamaForCausalLM.model.layers.8.mlp', 'Inputs': [[36, 2048]]}
0.0%	292.191 μs	1	292.191 μs	292.191 μs	292.191 μs	292.191 μs	0 ns	PushPop	:{'Module': 'LlamaForCausalLM.model.layers.5.mlp', 'Inputs': [[16, 2048]]}
0.0%	291.192 μs	1	291.192 μs	291.192 μs	291.192 μs	291.192 μs	0 ns	PushPop	:{'Module': 'LlamaForCausalLM.model.layers.13.mlp', 'Inputs': [[99, 2048]]}
0.0%	290.345 μs	1	290.345 μs	290.345 μs	290.345 μs	290.345 μs	0 ns	PushPop	:{'Module': 'LlamaForCausalLM.model.layers.12.mlp', 'Inputs': [[52, 2048]]}
0.0%	288.973 μs	1	288.973 μs	288.973 μs	288.973 μs	288.973 μs	0 ns	PushPop	:{'Module': 'LlamaForCausalLM.model.layers.12.mlp', 'Inputs': [[1873, 2048]]}
0.0%	288.727 μs	1	288.727 μs	288.727 μs	288.727 μs	288.727 μs	0 ns	PushPop	:{'Module': 'LlamaForCausalLM.model.layers.14.mlp', 'Inputs': [[52, 2048]]}
0.0%	288.634 μs	1	288.634 μs	288.634 μs	288.634 μs	288.634 μs	0 ns	PushPop	:{'Module': 'LlamaForCausalLM.model.layers.4.mlp', 'Inputs': [[16, 2048]]}
0.0%	287.995 μs	1	287.995 μs	287.995 μs	287.995 μs	287.995 μs	0 ns	PushPop	:{'Module': 'LlamaForCausalLM.model.layers.12.mlp', 'Inputs': [[16, 2048]]}
0.0%	287.991 μs	1	287.991 μs	287.991 μs	287.991 μs	287.991 μs	0 ns	PushPop	:{'Module': 'LlamaForCausalLM.model.layers.6.mlp', 'Inputs': [[256, 2048]]}
0.0%	287.972 μs	1	287.972 μs	287.972 μs	287.972 μs	287.972 μs	0 ns	PushPop	:{'Module': 'LlamaForCausalLM.model.layers.4.mlp', 'Inputs': [[99, 2048]]}
0.0%	287.650 μs	1	287.650 μs	287.650 μs	287.650 μs	287.650 μs	0 ns	PushPop	:{'Module': 'LlamaForCausalLM.model.layers.8.mlp', 'Inputs': [[512, 2048]]}
0.0%	287.454 μs	1	287.454 μs	287.454 μs	287.454 μs	287.454 μs	0 ns	PushPop	:{'Module': 'LlamaForCausalLM.model.layers.5.mlp', 'Inputs': [[256, 2048]]}
0.0%	287.441 μs	1	287.441 μs	287.441 μs	287.441 μs	287.441 μs	0 ns	PushPop	:{'Module': 'LlamaForCausalLM.model.layers.13.mlp', 'Inputs': [[84, 2048]]}
0.0%	286.770 μs	1	286.770 μs	286.770 μs	286.770 μs	286.770 μs	0 ns	PushPop	:{'Module': 'LlamaForCausalLM.model.layers.5.mlp', 'Inputs': [[1873, 2048]]}
0.0%	286.483 μs	1	286.483 μs	286.483 μs	286.483 μs	286.483 μs	0 ns	PushPop	:{'Module': 'LlamaForCausalLM.model.layers.11.mlp', 'Inputs': [[1873, 2048]]}
0.0%	285.640 μs	1	285.640 μs	285.640 μs	285.640 μs	285.640 μs	0 ns	PushPop	:{'Module': 'LlamaForCausalLM.model.layers.3.mlp', 'Inputs': [[99, 2048]]}
0.0%	284.814 μs	1	284.814 μs	284.814 μs	284.814 μs	284.814 μs	0 ns	PushPop	:{'Module': 'LlamaForCausalLM.model.layers.4.mlp', 'Inputs': [[1873, 2048]]}
0.0%	284.457 μs	1	284.457 μs	284.457 μs	284.457 μs	284.457 μs	0 ns	PushPop	:{'Module': 'LlamaForCausalLM.model.layers.11.mlp', 'Inputs': [[256, 2048]]}
0.0%	284.448 μs	1	284.448 μs	284.448 μs	284.448 μs	284.448 μs	0 ns	PushPop	:{'Module': 'LlamaForCausalLM.model.layers.11.mlp', 'Inputs': [[52, 2048]]}
0.0%	284.230 μs	1	284.230 μs	284.230 μs	284.230 μs	284.230 μs	0 ns	PushPop	:{'Module': 'LlamaForCausalLM.model.layers.9.mlp', 'Inputs': [[68, 2048]]}
0.0%	283.953 μs	1	283.953 μs	283.953 μs	283.953 μs	283.953 μs	0 ns	PushPop	:{'Module': 'LlamaForCausalLM.model.layers.7.mlp', 'Inputs': [[256, 2048]]}
0.0%	283.702 μs	1	283.702 μs	283.702 μs	283.702 μs	283.702 μs	0 ns	PushPop	:{'Module': 'LlamaForCausalLM.model.layers.4.mlp', 'Inputs': [[68, 2048]]}
0.0%	283.455 μs	1	283.455 μs	283.455 μs	283.455 μs	283.455 μs	0 ns	PushPop	:{'Module': 'LlamaForCausalLM.model.layers.8.mlp', 'Inputs': [[52, 2048]]}
0.0%	283.239 μs	1	283.239 μs	283.239 μs	283.239 μs	283.239 μs	0 ns	PushPop	:{'Module': 'LlamaForCausalLM.model.layers.1.mlp', 'Inputs': [[52, 2048]]}
0.0%	282.667 μs	1	282.667 μs	282.667 μs	282.667 μs	282.667 μs	0 ns	PushPop	:{'Module': 'LlamaForCausalLM.model.layers.3.mlp', 'Inputs': [[1873, 2048]]}
0.0%	282.461 μs	1	282.461 μs	282.461 μs	282.461 μs	282.461 μs	0 ns	PushPop	:{'Module': 'LlamaForCausalLM.model.layers.4.mlp', 'Inputs': [[84, 2048]]}
0.0%	282.357 μs	1	282.357 μs	282.357 μs	282.357 μs	282.357 μs	0 ns	PushPop	:{'Module': 'LlamaForCausalLM.model.layers.11.mlp', 'Inputs': [[68, 2048]]}
0.0%	282.006 μs	1	282.006 μs	282.006 μs	282.006 μs	282.006 μs	0 ns	PushPop	:{'Module': 'LlamaForCausalLM.model.layers.3.mlp', 'Inputs': [[84, 2048]]}
0.0%	281.960 μs	1	281.960 μs	281.960 μs	281.960 μs	281.960 μs	0 ns	PushPop	:{'Module': 'LlamaForCausalLM.model.layers.6.mlp', 'Inputs': [[512, 2048]]}
0.0%	281.735 μs	1	281.735 μs	281.735 μs	281.735 μs	281.735 μs	0 ns	PushPop	:{'Module': 'LlamaForCausalLM.model.layers.9.mlp', 'Inputs': [[1873, 2048]]}
0.0%	281.651 μs	1	281.651 μs	281.651 μs	281.651 μs	281.651 μs	0 ns	PushPop	:{'Module': 'LlamaForCausalLM.model.layers.10.mlp', 'Inputs': [[68, 2048]]}
0.0%	281.613 μs	1	281.613 μs	281.613 μs	281.613 μs	281.613 μs	0 ns	PushPop	:{'Module': 'LlamaForCausalLM.model.layers.11.mlp', 'Inputs': [[512, 2048]]}
0.0%	281.602 μs	6	46.933 μs	45.033 μs	43.586 μs	55.870 μs	4.631 μs	PushPop	:{'Module': 'LlamaForCausalLM.model.layers.14.mlp.act_fn', 'Inputs': [[8192, 16384]]}
0.0%	280.950 μs	1	280.950 μs	280.950 μs	280.950 μs	280.950 μs	0 ns	PushPop	:{'Module': 'LlamaForCausalLM.model.layers.9.mlp', 'Inputs': [[84, 2048]]}
0.0%	280.743 μs	1	280.743 μs	280.743 μs	280.743 μs	280.743 μs	0 ns	PushPop	:{'Module': 'LlamaForCausalLM.model.layers.14.mlp', 'Inputs': [[99, 2048]]}
0.0%	280.733 μs	1	280.733 μs	280.733 μs	280.733 μs	280.733 μs	0 ns	PushPop	:{'Module': 'LlamaForCausalLM.model.layers.11.mlp', 'Inputs': [[84, 2048]]}
0.0%	280.609 μs	1	280.609 μs	280.609 μs	280.609 μs	280.609 μs	0 ns	PushPop	:{'Module': 'LlamaForCausalLM.model.layers.12.mlp', 'Inputs': [[99, 2048]]}
0.0%	280.067 μs	6	46.677 μs	44.902 μs	43.536 μs	54.585 μs	4.117 μs	PushPop	:{'Module': 'LlamaForCausalLM.model.layers.13.mlp.act_fn', 'Inputs': [[8192, 16384]]}
0.0%	280.052 μs	1	280.052 μs	280.052 μs	280.052 μs	280.052 μs	0 ns	PushPop	:{'Module': 'LlamaForCausalLM.model.layers.13.mlp', 'Inputs': [[256, 2048]]}
0.0%	279.334 μs	1	279.334 μs	279.334 μs	279.334 μs	279.334 μs	0 ns	PushPop	:{'Module': 'LlamaForCausalLM.model.layers.6.mlp', 'Inputs': [[99, 2048]]}
0.0%	279.143 μs	6	46.523 μs	44.916 μs	42.816 μs	57.701 μs	5.628 μs	PushPop	:{'Module': 'LlamaForCausalLM.model.layers.2.mlp.act_fn', 'Inputs': [[8192, 16384]]}
0.0%	278.917 μs	1	278.917 μs	278.917 μs	278.917 μs	278.917 μs	0 ns	PushPop	:{'Module': 'LlamaForCausalLM.model.layers.10.mlp', 'Inputs': [[20, 2048]]}
0.0%	278.658 μs	1	278.658 μs	278.658 μs	278.658 μs	278.658 μs	0 ns	PushPop	:{'Module': 'LlamaForCausalLM.model.layers.8.mlp', 'Inputs': [[256, 2048]]}
0.0%	278.457 μs	1	278.457 μs	278.457 μs	278.457 μs	278.457 μs	0 ns	PushPop	:{'Module': 'LlamaForCausalLM.model.layers.13.mlp', 'Inputs': [[52, 2048]]}
0.0%	277.883 μs	1	277.883 μs	277.883 μs	277.883 μs	277.883 μs	0 ns	PushPop	:{'Module': 'LlamaForCausalLM.model.layers.9.mlp', 'Inputs': [[99, 2048]]}
0.0%	277.582 μs	1	277.582 μs	277.582 μs	277.582 μs	277.582 μs	0 ns	PushPop	:{'Module': 'LlamaForCausalLM.model.layers.9.mlp', 'Inputs': [[256, 2048]]}
0.0%	277.457 μs	1	277.457 μs	277.457 μs	277.457 μs	277.457 μs	0 ns	PushPop	:{'Module': 'LlamaForCausalLM.model.layers.6.mlp', 'Inputs': [[84, 2048]]}
0.0%	277.244 μs	1	277.244 μs	277.244 μs	277.244 μs	277.244 μs	0 ns	PushPop	:{'Module': 'LlamaForCausalLM.model.layers.14.mlp', 'Inputs': [[84, 2048]]}
0.0%	277.018 μs	1	277.018 μs	277.018 μs	277.018 μs	277.018 μs	0 ns	PushPop	:{'Module': 'LlamaForCausalLM.model.layers.6.mlp', 'Inputs': [[16, 2048]]}
0.0%	276.897 μs	1	276.897 μs	276.897 μs	276.897 μs	276.897 μs	0 ns	PushPop	:{'Module': 'LlamaForCausalLM.model.layers.12.mlp', 'Inputs': [[512, 2048]]}
0.0%	276.871 μs	1	276.871 μs	276.871 μs	276.871 μs	276.871 μs	0 ns	PushPop	:{'Module': 'LlamaForCausalLM.model.layers.10.mlp', 'Inputs': [[52, 2048]]}
0.0%	276.778 μs	6	46.129 μs	44.917 μs	42.901 μs	53.700 μs	3.896 μs	PushPop	:{'Module': 'LlamaForCausalLM.model.layers.5.mlp.act_fn', 'Inputs': [[8192, 16384]]}
0.0%	276.573 μs	1	276.573 μs	276.573 μs	276.573 μs	276.573 μs	0 ns	PushPop	:{'Module': 'LlamaForCausalLM.model.layers.6.mlp', 'Inputs': [[36, 2048]]}
0.0%	276.324 μs	1	276.324 μs	276.324 μs	276.324 μs	276.324 μs	0 ns	PushPop	:{'Module': 'LlamaForCausalLM.model.layers.7.mlp', 'Inputs': [[99, 2048]]}
0.0%	275.699 μs	1	275.699 μs	275.699 μs	275.699 μs	275.699 μs	0 ns	PushPop	:{'Module': 'LlamaForCausalLM.model.layers.8.mlp', 'Inputs': [[20, 2048]]}
0.0%	275.620 μs	6	45.936 μs	45.466 μs	42.682 μs	52.314 μs	3.336 μs	PushPop	:{'Module': 'LlamaForCausalLM.model.layers.8.mlp.act_fn', 'Inputs': [[8192, 16384]]}
0.0%	275.404 μs	6	45.900 μs	44.950 μs	42.900 μs	53.206 μs	3.687 μs	PushPop	:{'Module': 'LlamaForCausalLM.model.layers.3.mlp.act_fn', 'Inputs': [[8192, 16384]]}
0.0%	275.061 μs	6	45.843 μs	45.157 μs	42.626 μs	52.585 μs	3.576 μs	PushPop	:{'Module': 'LlamaForCausalLM.model.layers.9.mlp.act_fn', 'Inputs': [[8192, 16384]]}
0.0%	274.958 μs	6	45.826 μs	44.144 μs	42.379 μs	53.804 μs	4.317 μs	PushPop	:{'Module': 'LlamaForCausalLM.model.layers.6.mlp.act_fn', 'Inputs': [[8192, 16384]]}
0.0%	274.692 μs	1	274.692 μs	274.692 μs	274.692 μs	274.692 μs	0 ns	PushPop	:{'Module': 'LlamaForCausalLM.model.layers.13.mlp', 'Inputs': [[1873, 2048]]}
0.0%	274.630 μs	1	274.630 μs	274.630 μs	274.630 μs	274.630 μs	0 ns	PushPop	:{'Module': 'LlamaForCausalLM.model.layers.14.mlp', 'Inputs': [[1873, 2048]]}
0.0%	274.254 μs	1	274.254 μs	274.254 μs	274.254 μs	274.254 μs	0 ns	PushPop	:{'Module': 'LlamaForCausalLM.model.layers.9.mlp', 'Inputs': [[36, 2048]]}
0.0%	274.000 μs	6	45.666 μs	43.885 μs	42.935 μs	55.790 μs	4.997 μs	PushPop	:{'Module': 'LlamaForCausalLM.model.layers.4.mlp.act_fn', 'Inputs': [[8192, 16384]]}
0.0%	273.183 μs	1	273.183 μs	273.183 μs	273.183 μs	273.183 μs	0 ns	PushPop	:{'Module': 'LlamaForCausalLM.model.layers.15.mlp', 'Inputs': [[1873, 2048]]}
0.0%	272.857 μs	1	272.857 μs	272.857 μs	272.857 μs	272.857 μs	0 ns	PushPop	:{'Module': 'LlamaForCausalLM.model.layers.13.mlp', 'Inputs': [[20, 2048]]}
0.0%	272.321 μs	1	272.321 μs	272.321 μs	272.321 μs	272.321 μs	0 ns	PushPop	:{'Module': 'LlamaForCausalLM.model.layers.1.mlp', 'Inputs': [[99, 2048]]}
0.0%	272.187 μs	1	272.187 μs	272.187 μs	272.187 μs	272.187 μs	0 ns	PushPop	:{'Module': 'LlamaForCausalLM.model.layers.12.mlp', 'Inputs': [[68, 2048]]}
0.0%	272.087 μs	1	272.087 μs	272.087 μs	272.087 μs	272.087 μs	0 ns	PushPop	:{'Module': 'LlamaForCausalLM.model.layers.10.mlp', 'Inputs': [[1873, 2048]]}
0.0%	271.989 μs	1	271.989 μs	271.989 μs	271.989 μs	271.989 μs	0 ns	PushPop	:{'Module': 'LlamaForCausalLM.model.layers.5.mlp', 'Inputs': [[68, 2048]]}
0.0%	271.939 μs	1	271.939 μs	271.939 μs	271.939 μs	271.939 μs	0 ns	PushPop	:{'Module': 'LlamaForCausalLM.model.layers.7.mlp', 'Inputs': [[84, 2048]]}
0.0%	271.732 μs	1	271.732 μs	271.732 μs	271.732 μs	271.732 μs	0 ns	PushPop	:{'Module': 'LlamaForCausalLM.model.layers.1.mlp', 'Inputs': [[84, 2048]]}
0.0%	271.403 μs	1	271.403 μs	271.403 μs	271.403 μs	271.403 μs	0 ns	PushPop	:{'Module': 'LlamaForCausalLM.model.layers.2.self_attn.attn', 'Inputs': [[16, 2048], [16, 512], [16, 512]]}
0.0%	271.315 μs	1	271.315 μs	271.315 μs	271.315 μs	271.315 μs	0 ns	PushPop	:{'Module': 'LlamaForCausalLM.model.layers.13.mlp', 'Inputs': [[4, 2048]]}
0.0%	271.283 μs	1	271.283 μs	271.283 μs	271.283 μs	271.283 μs	0 ns	PushPop	:{'Module': 'LlamaForCausalLM.model.layers.2.mlp', 'Inputs': [[99, 2048]]}
0.0%	271.016 μs	1	271.016 μs	271.016 μs	271.016 μs	271.016 μs	0 ns	PushPop	:{'Module': 'LlamaForCausalLM.model.layers.1.mlp', 'Inputs': [[1873, 2048]]}
0.0%	270.775 μs	1	270.775 μs	270.775 μs	270.775 μs	270.775 μs	0 ns	PushPop	:{'Module': 'LlamaForCausalLM.model.layers.7.mlp', 'Inputs': [[20, 2048]]}
0.0%	270.613 μs	1	270.613 μs	270.613 μs	270.613 μs	270.613 μs	0 ns	PushPop	:{'Module': 'LlamaForCausalLM.model.layers.3.mlp', 'Inputs': [[52, 2048]]}
0.0%	270.119 μs	1	270.119 μs	270.119 μs	270.119 μs	270.119 μs	0 ns	PushPop	:{'Module': 'LlamaForCausalLM.model.layers.6.mlp', 'Inputs': [[1873, 2048]]}
0.0%	270.057 μs	6	45.009 μs	45.028 μs	42.989 μs	47.617 μs	1.569 μs	PushPop	:{'Module': 'LlamaForCausalLM.model.layers.7.mlp.act_fn', 'Inputs': [[8192, 16384]]}
0.0%	269.745 μs	1	269.745 μs	269.745 μs	269.745 μs	269.745 μs	0 ns	PushPop	:{'Module': 'LlamaForCausalLM.model.layers.3.mlp', 'Inputs': [[16, 2048]]}
0.0%	269.530 μs	1	269.530 μs	269.530 μs	269.530 μs	269.530 μs	0 ns	PushPop	:{'Module': 'LlamaForCausalLM.model.layers.10.mlp', 'Inputs': [[16, 2048]]}
0.0%	269.486 μs	1	269.486 μs	269.486 μs	269.486 μs	269.486 μs	0 ns	PushPop	:{'Module': 'LlamaForCausalLM.model.layers.3.mlp', 'Inputs': [[68, 2048]]}
0.0%	269.476 μs	1	269.476 μs	269.476 μs	269.476 μs	269.476 μs	0 ns	PushPop	:{'Module': 'LlamaForCausalLM.model.layers.9.mlp', 'Inputs': [[52, 2048]]}
0.0%	269.374 μs	1	269.374 μs	269.374 μs	269.374 μs	269.374 μs	0 ns	PushPop	:{'Module': 'LlamaForCausalLM.model.layers.6.mlp', 'Inputs': [[68, 2048]]}
0.0%	269.248 μs	1	269.248 μs	269.248 μs	269.248 μs	269.248 μs	0 ns	PushPop	:{'Module': 'LlamaForCausalLM.model.layers.12.mlp', 'Inputs': [[4, 2048]]}
0.0%	269.023 μs	1	269.023 μs	269.023 μs	269.023 μs	269.023 μs	0 ns	PushPop	:{'Module': 'LlamaForCausalLM.model.layers.15.mlp', 'Inputs': [[4, 2048]]}
0.0%	268.951 μs	1	268.951 μs	268.951 μs	268.951 μs	268.951 μs	0 ns	PushPop	:{'Module': 'LlamaForCausalLM.model.layers.14.mlp', 'Inputs': [[16, 2048]]}
0.0%	268.931 μs	1	268.931 μs	268.931 μs	268.931 μs	268.931 μs	0 ns	PushPop	:{'Module': 'LlamaForCausalLM.model.layers.2.mlp', 'Inputs': [[52, 2048]]}
0.0%	268.922 μs	1	268.922 μs	268.922 μs	268.922 μs	268.922 μs	0 ns	PushPop	:{'Module': 'LlamaForCausalLM.model.layers.1.mlp', 'Inputs': [[68, 2048]]}
0.0%	268.574 μs	1	268.574 μs	268.574 μs	268.574 μs	268.574 μs	0 ns	PushPop	:{'Module': 'LlamaForCausalLM.model.layers.5.mlp', 'Inputs': [[36, 2048]]}
0.0%	268.428 μs	1	268.428 μs	268.428 μs	268.428 μs	268.428 μs	0 ns	PushPop	:{'Module': 'LlamaForCausalLM.model.layers.8.mlp', 'Inputs': [[84, 2048]]}
0.0%	268.088 μs	1	268.088 μs	268.088 μs	268.088 μs	268.088 μs	0 ns	PushPop	:{'Module': 'LlamaForCausalLM.model.layers.5.mlp', 'Inputs': [[52, 2048]]}
0.0%	268.052 μs	1	268.052 μs	268.052 μs	268.052 μs	268.052 μs	0 ns	PushPop	:{'Module': 'LlamaForCausalLM.model.layers.6.mlp', 'Inputs': [[52, 2048]]}
0.0%	268.043 μs	1	268.043 μs	268.043 μs	268.043 μs	268.043 μs	0 ns	PushPop	:{'Module': 'LlamaForCausalLM.model.layers.14.mlp', 'Inputs': [[256, 2048]]}
0.0%	267.884 μs	1	267.884 μs	267.884 μs	267.884 μs	267.884 μs	0 ns	PushPop	:{'Module': 'LlamaForCausalLM.model.layers.11.mlp', 'Inputs': [[99, 2048]]}
0.0%	267.815 μs	1	267.815 μs	267.815 μs	267.815 μs	267.815 μs	0 ns	PushPop	:{'Module': 'LlamaForCausalLM.model.layers.2.mlp', 'Inputs': [[1873, 2048]]}
0.0%	267.757 μs	1	267.757 μs	267.757 μs	267.757 μs	267.757 μs	0 ns	PushPop	:{'Module': 'LlamaForCausalLM.model.layers.10.mlp', 'Inputs': [[36, 2048]]}
0.0%	267.299 μs	1	267.299 μs	267.299 μs	267.299 μs	267.299 μs	0 ns	PushPop	:{'Module': 'LlamaForCausalLM.model.layers.7.mlp', 'Inputs': [[52, 2048]]}
0.0%	267.199 μs	1	267.199 μs	267.199 μs	267.199 μs	267.199 μs	0 ns	PushPop	:{'Module': 'LlamaForCausalLM.model.layers.10.mlp', 'Inputs': [[84, 2048]]}
0.0%	266.161 μs	1	266.161 μs	266.161 μs	266.161 μs	266.161 μs	0 ns	PushPop	:{'Module': 'LlamaForCausalLM.model.layers.9.mlp', 'Inputs': [[16, 2048]]}
0.0%	265.917 μs	1	265.917 μs	265.917 μs	265.917 μs	265.917 μs	0 ns	PushPop	:{'Module': 'LlamaForCausalLM.model.layers.15.mlp', 'Inputs': [[256, 2048]]}
0.0%	265.678 μs	1	265.678 μs	265.678 μs	265.678 μs	265.678 μs	0 ns	PushPop	:{'Module': 'LlamaForCausalLM.model.layers.4.mlp', 'Inputs': [[36, 2048]]}
0.0%	265.425 μs	1	265.425 μs	265.425 μs	265.425 μs	265.425 μs	0 ns	PushPop	:{'Module': 'LlamaForCausalLM.model.layers.2.mlp', 'Inputs': [[4, 2048]]}
0.0%	265.357 μs	1	265.357 μs	265.357 μs	265.357 μs	265.357 μs	0 ns	PushPop	:{'Module': 'LlamaForCausalLM.model.layers.14.mlp', 'Inputs': [[68, 2048]]}
0.0%	265.308 μs	1	265.308 μs	265.308 μs	265.308 μs	265.308 μs	0 ns	PushPop	:{'Module': 'LlamaForCausalLM.model.layers.7.mlp', 'Inputs': [[1873, 2048]]}
0.0%	265.145 μs	1	265.145 μs	265.145 μs	265.145 μs	265.145 μs	0 ns	PushPop	:{'Module': 'LlamaForCausalLM.model.layers.2.mlp', 'Inputs': [[20, 2048]]}
0.0%	265.116 μs	1	265.116 μs	265.116 μs	265.116 μs	265.116 μs	0 ns	PushPop	:{'Module': 'LlamaForCausalLM.model.layers.8.mlp', 'Inputs': [[16, 2048]]}
0.0%	264.644 μs	1	264.644 μs	264.644 μs	264.644 μs	264.644 μs	0 ns	PushPop	:{'Module': 'LlamaForCausalLM.model.layers.10.mlp', 'Inputs': [[99, 2048]]}
0.0%	264.626 μs	1	264.626 μs	264.626 μs	264.626 μs	264.626 μs	0 ns	PushPop	:{'Module': 'LlamaForCausalLM.model.layers.8.mlp', 'Inputs': [[68, 2048]]}
0.0%	264.596 μs	6	44.099 μs	44.190 μs	42.516 μs	45.487 μs	1.042 μs	PushPop	:{'Module': 'LlamaForCausalLM.model.layers.10.mlp.act_fn', 'Inputs': [[8192, 16384]]}
0.0%	264.066 μs	1	264.066 μs	264.066 μs	264.066 μs	264.066 μs	0 ns	PushPop	:{'Module': 'LlamaForCausalLM.model.layers.12.mlp', 'Inputs': [[20, 2048]]}
0.0%	263.926 μs	1	263.926 μs	263.926 μs	263.926 μs	263.926 μs	0 ns	PushPop	:{'Module': 'LlamaForCausalLM.model.layers.15.mlp', 'Inputs': [[20, 2048]]}
0.0%	263.906 μs	1	263.906 μs	263.906 μs	263.906 μs	263.906 μs	0 ns	PushPop	:{'Module': 'LlamaForCausalLM.model.layers.7.mlp', 'Inputs': [[16, 2048]]}
0.0%	262.697 μs	1	262.697 μs	262.697 μs	262.697 μs	262.697 μs	0 ns	PushPop	:{'Module': 'LlamaForCausalLM.model.layers.8.mlp', 'Inputs': [[1873, 2048]]}
0.0%	262.526 μs	1	262.526 μs	262.526 μs	262.526 μs	262.526 μs	0 ns	PushPop	:{'Module': 'LlamaForCausalLM.model.layers.11.mlp', 'Inputs': [[20, 2048]]}
0.0%	262.303 μs	1	262.303 μs	262.303 μs	262.303 μs	262.303 μs	0 ns	PushPop	:{'Module': 'LlamaForCausalLM.model.layers.15.mlp', 'Inputs': [[68, 2048]]}
0.0%	262.096 μs	1	262.096 μs	262.096 μs	262.096 μs	262.096 μs	0 ns	PushPop	:{'Module': 'LlamaForCausalLM.model.layers.0.self_attn.attn', 'Inputs': [[1873, 2048], [1873, 512], [1873, 512]]}
0.0%	261.986 μs	1	261.986 μs	261.986 μs	261.986 μs	261.986 μs	0 ns	PushPop	:{'Module': 'LlamaForCausalLM.model.layers.1.mlp', 'Inputs': [[4, 2048]]}
0.0%	261.621 μs	6	43.603 μs	43.143 μs	42.128 μs	45.606 μs	1.543 μs	PushPop	:{'Module': 'LlamaForCausalLM.model.layers.11.mlp.act_fn', 'Inputs': [[8192, 16384]]}
0.0%	261.551 μs	1	261.551 μs	261.551 μs	261.551 μs	261.551 μs	0 ns	PushPop	:{'Module': 'LlamaForCausalLM.model.layers.1.self_attn.attn', 'Inputs': [[1873, 2048], [1873, 512], [1873, 512]]}
0.0%	261.463 μs	1	261.463 μs	261.463 μs	261.463 μs	261.463 μs	0 ns	PushPop	:{'Module': 'LlamaForCausalLM.model.layers.14.mlp', 'Inputs': [[20, 2048]]}
0.0%	261.316 μs	1	261.316 μs	261.316 μs	261.316 μs	261.316 μs	0 ns	PushPop	:{'Module': 'LlamaForCausalLM.model.layers.8.mlp', 'Inputs': [[4, 2048]]}
0.0%	260.885 μs	1	260.885 μs	260.885 μs	260.885 μs	260.885 μs	0 ns	PushPop	:{'Module': 'LlamaForCausalLM.model.layers.12.mlp', 'Inputs': [[84, 2048]]}
0.0%	260.115 μs	1	260.115 μs	260.115 μs	260.115 μs	260.115 μs	0 ns	PushPop	:{'Module': 'LlamaForCausalLM.model.layers.10.mlp', 'Inputs': [[4, 2048]]}
0.0%	259.870 μs	1	259.870 μs	259.870 μs	259.870 μs	259.870 μs	0 ns	PushPop	:{'Module': 'LlamaForCausalLM.model.layers.2.mlp', 'Inputs': [[84, 2048]]}
0.0%	259.788 μs	1	259.788 μs	259.788 μs	259.788 μs	259.788 μs	0 ns	PushPop	:{'Module': 'LlamaForCausalLM.model.layers.9.mlp', 'Inputs': [[20, 2048]]}
0.0%	259.570 μs	1	259.570 μs	259.570 μs	259.570 μs	259.570 μs	0 ns	PushPop	:{'Module': 'LlamaForCausalLM.model.layers.5.mlp', 'Inputs': [[84, 2048]]}
0.0%	259.443 μs	1	259.443 μs	259.443 μs	259.443 μs	259.443 μs	0 ns	PushPop	:{'Module': 'LlamaForCausalLM.model.layers.15.self_attn.attn', 'Inputs': [[1873, 2048], [1873, 512], [1873, 512]]}
0.0%	257.980 μs	1	257.980 μs	257.980 μs	257.980 μs	257.980 μs	0 ns	PushPop	:{'Module': 'LlamaForCausalLM.model.layers.14.mlp', 'Inputs': [[36, 2048]]}
0.0%	257.956 μs	1	257.956 μs	257.956 μs	257.956 μs	257.956 μs	0 ns	PushPop	:{'Module': 'LlamaForCausalLM.model.layers.4.mlp', 'Inputs': [[52, 2048]]}
0.0%	257.675 μs	1	257.675 μs	257.675 μs	257.675 μs	257.675 μs	0 ns	PushPop	:{'Module': 'LlamaForCausalLM.model.layers.14.mlp.act_fn', 'Inputs': [[512, 16384]]}
0.0%	257.512 μs	1	257.512 μs	257.512 μs	257.512 μs	257.512 μs	0 ns	PushPop	:{'Module': 'LlamaForCausalLM.model.layers.13.mlp', 'Inputs': [[36, 2048]]}
0.0%	256.280 μs	1	256.280 μs	256.280 μs	256.280 μs	256.280 μs	0 ns	PushPop	:{'Module': 'LlamaForCausalLM.model.layers.15.mlp', 'Inputs': [[84, 2048]]}
0.0%	256.227 μs	1	256.227 μs	256.227 μs	256.227 μs	256.227 μs	0 ns	PushPop	:{'Module': 'LlamaForCausalLM.model.layers.1.mlp', 'Inputs': [[36, 2048]]}
0.0%	256.144 μs	1	256.144 μs	256.144 μs	256.144 μs	256.144 μs	0 ns	PushPop	:{'Module': 'LlamaForCausalLM.model.layers.3.mlp', 'Inputs': [[36, 2048]]}
0.0%	255.936 μs	1	255.936 μs	255.936 μs	255.936 μs	255.936 μs	0 ns	PushPop	:{'Module': 'LlamaForCausalLM.model.layers.2.mlp', 'Inputs': [[36, 2048]]}
0.0%	255.716 μs	1	255.716 μs	255.716 μs	255.716 μs	255.716 μs	0 ns	PushPop	:{'Module': 'LlamaForCausalLM.model.layers.13.post_attention_layernorm', 'TrainableParams': {'weight': [2048]}, 'Inputs': [[512, 2048], [512, 2048]]}
0.0%	255.645 μs	1	255.645 μs	255.645 μs	255.645 μs	255.645 μs	0 ns	PushPop	:{'Module': 'LlamaForCausalLM.model.layers.12.mlp', 'Inputs': [[36, 2048]]}
0.0%	255.432 μs	1	255.432 μs	255.432 μs	255.432 μs	255.432 μs	0 ns	PushPop	:{'Module': 'LlamaForCausalLM.model.layers.11.mlp', 'Inputs': [[36, 2048]]}
0.0%	254.973 μs	1	254.973 μs	254.973 μs	254.973 μs	254.973 μs	0 ns	PushPop	:{'Module': 'LlamaForCausalLM.model.layers.15.mlp', 'Inputs': [[36, 2048]]}
0.0%	254.857 μs	1	254.857 μs	254.857 μs	254.857 μs	254.857 μs	0 ns	PushPop	:{'Module': 'LlamaForCausalLM.model.layers.7.mlp', 'Inputs': [[68, 2048]]}
0.0%	254.624 μs	1	254.624 μs	254.624 μs	254.624 μs	254.624 μs	0 ns	PushPop	:{'Module': 'LlamaForCausalLM.model.layers.5.self_attn.attn', 'Inputs': [[16, 2048], [16, 512], [16, 512]]}
0.0%	254.519 μs	1	254.519 μs	254.519 μs	254.519 μs	254.519 μs	0 ns	PushPop	:{'Module': 'LlamaForCausalLM.model.layers.11.mlp', 'Inputs': [[4, 2048]]}
0.0%	254.423 μs	1	254.423 μs	254.423 μs	254.423 μs	254.423 μs	0 ns	PushPop	:{'Module': 'LlamaForCausalLM.model.layers.13.mlp', 'Inputs': [[68, 2048]]}
0.0%	254.331 μs	1	254.331 μs	254.331 μs	254.331 μs	254.331 μs	0 ns	PushPop	:{'Module': 'LlamaForCausalLM.model.layers.15.mlp', 'Inputs': [[52, 2048]]}
0.0%	253.795 μs	1	253.795 μs	253.795 μs	253.795 μs	253.795 μs	0 ns	PushPop	:{'Module': 'LlamaForCausalLM.model.layers.1.mlp', 'Inputs': [[20, 2048]]}
0.0%	253.148 μs	1	253.148 μs	253.148 μs	253.148 μs	253.148 μs	0 ns	PushPop	:{'Module': 'LlamaForCausalLM.model.layers.9.self_attn.attn', 'Inputs': [[1873, 2048], [1873, 512], [1873, 512]]}
0.0%	252.751 μs	1	252.751 μs	252.751 μs	252.751 μs	252.751 μs	0 ns	PushPop	:{'Module': 'LlamaForCausalLM.model.layers.1.self_attn.attn', 'Inputs': [[4, 2048], [4, 512], [4, 512]]}
0.0%	251.262 μs	1	251.262 μs	251.262 μs	251.262 μs	251.262 μs	0 ns	PushPop	:{'Module': 'LlamaForCausalLM.model.layers.14.mlp', 'Inputs': [[4, 2048]]}
0.0%	251.253 μs	1	251.253 μs	251.253 μs	251.253 μs	251.253 μs	0 ns	PushPop	:{'Module': 'LlamaForCausalLM.model.layers.3.mlp', 'Inputs': [[4, 2048]]}
0.0%	250.932 μs	1	250.932 μs	250.932 μs	250.932 μs	250.932 μs	0 ns	PushPop	:{'Module': 'LlamaForCausalLM.model.layers.6.self_attn.attn', 'Inputs': [[16, 2048], [16, 512], [16, 512]]}
0.0%	250.749 μs	1	250.749 μs	250.749 μs	250.749 μs	250.749 μs	0 ns	PushPop	:{'Module': 'LlamaForCausalLM.model.layers.6.input_layernorm', 'TrainableParams': {'weight': [2048]}, 'Inputs': [[512, 2048], [512, 2048]]}
0.0%	250.621 μs	1	250.621 μs	250.621 μs	250.621 μs	250.621 μs	0 ns	PushPop	:{'Module': 'LlamaForCausalLM.model.layers.6.mlp', 'Inputs': [[4, 2048]]}
0.0%	250.530 μs	1	250.530 μs	250.530 μs	250.530 μs	250.530 μs	0 ns	PushPop	:{'Module': 'LlamaForCausalLM.model.layers.3.mlp.down_proj', 'TrainableParams': {'weight': [2048, 8192]}, 'Inputs': [[512, 8192]]}
0.0%	250.522 μs	1	250.522 μs	250.522 μs	250.522 μs	250.522 μs	0 ns	PushPop	:{'Module': 'LlamaForCausalLM.model.layers.7.mlp', 'Inputs': [[4, 2048]]}
0.0%	250.518 μs	1	250.518 μs	250.518 μs	250.518 μs	250.518 μs	0 ns	PushPop	:{'Module': 'LlamaForCausalLM.model.layers.5.mlp', 'Inputs': [[20, 2048]]}
0.0%	250.162 μs	1	250.162 μs	250.162 μs	250.162 μs	250.162 μs	0 ns	PushPop	:{'Module': 'LlamaForCausalLM.model.layers.4.mlp', 'Inputs': [[4, 2048]]}
0.0%	249.825 μs	1	249.825 μs	249.825 μs	249.825 μs	249.825 μs	0 ns	PushPop	:{'Module': 'LlamaForCausalLM.model.layers.3.mlp', 'Inputs': [[20, 2048]]}
0.0%	249.823 μs	1	249.823 μs	249.823 μs	249.823 μs	249.823 μs	0 ns	PushPop	:{'Module': 'LlamaForCausalLM.model.layers.9.mlp', 'Inputs': [[4, 2048]]}
0.0%	249.797 μs	1	249.797 μs	249.797 μs	249.797 μs	249.797 μs	0 ns	PushPop	:{'Module': 'LlamaForCausalLM.model.layers.13.self_attn.attn', 'Inputs': [[16, 2048], [16, 512], [16, 512]]}
0.0%	249.695 μs	1	249.695 μs	249.695 μs	249.695 μs	249.695 μs	0 ns	PushPop	:{'Module': 'LlamaForCausalLM.model.norm', 'TrainableParams': {'weight': [2048]}, 'Inputs': [[512, 2048], [512, 2048]]}
0.0%	249.202 μs	1	249.202 μs	249.202 μs	249.202 μs	249.202 μs	0 ns	PushPop	:{'Module': 'LlamaForCausalLM.model.layers.6.mlp', 'Inputs': [[20, 2048]]}
0.0%	249.193 μs	1	249.193 μs	249.193 μs	249.193 μs	249.193 μs	0 ns	PushPop	:{'Module': 'LlamaForCausalLM.model.layers.5.mlp', 'Inputs': [[4, 2048]]}
0.0%	249.101 μs	1	249.101 μs	249.101 μs	249.101 μs	249.101 μs	0 ns	PushPop	:{'Module': 'LlamaForCausalLM.model.layers.4.mlp', 'Inputs': [[20, 2048]]}
0.0%	247.626 μs	1	247.626 μs	247.626 μs	247.626 μs	247.626 μs	0 ns	PushPop	:{'Module': 'LlamaForCausalLM.model.layers.6.self_attn.attn', 'Inputs': [[1873, 2048], [1873, 512], [1873, 512]]}
0.0%	245.206 μs	1	245.206 μs	245.206 μs	245.206 μs	245.206 μs	0 ns	PushPop	:{'Module': 'LlamaForCausalLM.model.layers.8.self_attn.attn', 'Inputs': [[1873, 2048], [1873, 512], [1873, 512]]}
0.0%	244.020 μs	1	244.020 μs	244.020 μs	244.020 μs	244.020 μs	0 ns	PushPop	:{'Module': 'LlamaForCausalLM.model.layers.13.self_attn.attn', 'Inputs': [[1873, 2048], [1873, 512], [1873, 512]]}
0.0%	243.645 μs	1	243.645 μs	243.645 μs	243.645 μs	243.645 μs	0 ns	PushPop	:{'Module': 'LlamaForCausalLM.model.layers.0.self_attn.attn', 'Inputs': [[99, 2048], [99, 512], [99, 512]]}
0.0%	243.399 μs	1	243.399 μs	243.399 μs	243.399 μs	243.399 μs	0 ns	PushPop	:{'Module': 'LlamaForCausalLM.model.layers.7.self_attn.attn', 'Inputs': [[1873, 2048], [1873, 512], [1873, 512]]}
0.0%	243.348 μs	1	243.348 μs	243.348 μs	243.348 μs	243.348 μs	0 ns	PushPop	:{'Module': 'LlamaForCausalLM.model.layers.11.self_attn.attn', 'Inputs': [[16, 2048], [16, 512], [16, 512]]}
0.0%	243.154 μs	1	243.154 μs	243.154 μs	243.154 μs	243.154 μs	0 ns	PushPop	:{'Module': 'LlamaForCausalLM.model.layers.1.self_attn.o_proj', 'TrainableParams': {'weight': [2048, 2048]}, 'Inputs': [[512, 2048]]}
0.0%	240.240 μs	1	240.240 μs	240.240 μs	240.240 μs	240.240 μs	0 ns	PushPop	:{'Module': 'LlamaForCausalLM.model.layers.5.self_attn.attn', 'Inputs': [[1873, 2048], [1873, 512], [1873, 512]]}
0.0%	239.822 μs	1	239.822 μs	239.822 μs	239.822 μs	239.822 μs	0 ns	PushPop	:{'Module': 'LlamaForCausalLM.model.layers.9.post_attention_layernorm', 'TrainableParams': {'weight': [2048]}, 'Inputs': [[512, 2048], [512, 2048]]}
0.0%	239.531 μs	1	239.531 μs	239.531 μs	239.531 μs	239.531 μs	0 ns	PushPop	:{'Module': 'LlamaForCausalLM.model.layers.9.self_attn.attn', 'Inputs': [[16, 2048], [16, 512], [16, 512]]}
0.0%	239.388 μs	1	239.388 μs	239.388 μs	239.388 μs	239.388 μs	0 ns	PushPop	:{'Module': 'LlamaForCausalLM.model.layers.7.self_attn.attn', 'Inputs': [[16, 2048], [16, 512], [16, 512]]}
0.0%	238.829 μs	1	238.829 μs	238.829 μs	238.829 μs	238.829 μs	0 ns	PushPop	:{'Module': 'LlamaForCausalLM.model.layers.14.self_attn.attn', 'Inputs': [[16, 2048], [16, 512], [16, 512]]}
0.0%	238.727 μs	1	238.727 μs	238.727 μs	238.727 μs	238.727 μs	0 ns	PushPop	:{'Module': 'LlamaForCausalLM.model.layers.1.self_attn.attn', 'Inputs': [[52, 2048], [52, 512], [52, 512]]}
0.0%	238.725 μs	1	238.725 μs	238.725 μs	238.725 μs	238.725 μs	0 ns	PushPop	:{'Module': 'LlamaForCausalLM.model.layers.4.self_attn.attn', 'Inputs': [[1873, 2048], [1873, 512], [1873, 512]]}
0.0%	238.453 μs	1	238.453 μs	238.453 μs	238.453 μs	238.453 μs	0 ns	PushPop	:{'Module': 'LlamaForCausalLM.model.layers.10.self_attn.attn', 'Inputs': [[1873, 2048], [1873, 512], [1873, 512]]}
0.0%	237.904 μs	1	237.904 μs	237.904 μs	237.904 μs	237.904 μs	0 ns	PushPop	:{'Module': 'LlamaForCausalLM.model.layers.10.self_attn.attn', 'Inputs': [[16, 2048], [16, 512], [16, 512]]}
0.0%	237.767 μs	1	237.767 μs	237.767 μs	237.767 μs	237.767 μs	0 ns	PushPop	:{'Module': 'LlamaForCausalLM.model.layers.15.self_attn.attn', 'Inputs': [[16, 2048], [16, 512], [16, 512]]}
0.0%	236.846 μs	1	236.846 μs	236.846 μs	236.846 μs	236.846 μs	0 ns	PushPop	:{'Module': 'LlamaForCausalLM.model.layers.4.self_attn.attn', 'Inputs': [[16, 2048], [16, 512], [16, 512]]}
0.0%	236.815 μs	1	236.815 μs	236.815 μs	236.815 μs	236.815 μs	0 ns	PushPop	:{'Module': 'LlamaForCausalLM.model.layers.10.mlp.down_proj', 'TrainableParams': {'weight': [2048, 8192]}, 'Inputs': [[512, 8192]]}
0.0%	235.462 μs	1	235.462 μs	235.462 μs	235.462 μs	235.462 μs	0 ns	PushPop	:{'Module': 'LlamaForCausalLM.model.layers.2.self_attn.attn', 'Inputs': [[1873, 2048], [1873, 512], [1873, 512]]}
0.0%	234.982 μs	6	39.163 μs	39.911 μs	32.964 μs	44.673 μs	4.885 μs	PushPop	:{'Module': 'LlamaForCausalLM.model.layers.9.post_attention_layernorm', 'TrainableParams': {'weight': [2048]}, 'Inputs': [[8192, 2048], [8192, 2048]]}
0.0%	234.644 μs	6	39.107 μs	33.955 μs	31.788 μs	62.572 μs	11.755 μs	PushPop	:{'Module': 'LlamaForCausalLM.model.layers.14.post_attention_layernorm', 'TrainableParams': {'weight': [2048]}, 'Inputs': [[8192, 2048], [8192, 2048]]}
0.0%	234.491 μs	1	234.491 μs	234.491 μs	234.491 μs	234.491 μs	0 ns	PushPop	:{'Module': 'LlamaForCausalLM.model.layers.3.self_attn.attn', 'Inputs': [[1873, 2048], [1873, 512], [1873, 512]]}
0.0%	233.734 μs	1	233.734 μs	233.734 μs	233.734 μs	233.734 μs	0 ns	PushPop	:{'Module': 'LlamaForCausalLM.model.layers.3.self_attn.attn', 'Inputs': [[16, 2048], [16, 512], [16, 512]]}
0.0%	232.506 μs	1	232.506 μs	232.506 μs	232.506 μs	232.506 μs	0 ns	PushPop	:{'Module': 'LlamaForCausalLM.model.layers.11.self_attn.attn', 'Inputs': [[1873, 2048], [1873, 512], [1873, 512]]}
0.0%	232.297 μs	1	232.297 μs	232.297 μs	232.297 μs	232.297 μs	0 ns	PushPop	:{'Module': 'LlamaForCausalLM.model.layers.12.self_attn.attn', 'Inputs': [[1873, 2048], [1873, 512], [1873, 512]]}
0.0%	231.863 μs	1	231.863 μs	231.863 μs	231.863 μs	231.863 μs	0 ns	PushPop	:{'Module': 'LlamaForCausalLM.model.layers.14.self_attn.attn', 'Inputs': [[1873, 2048], [1873, 512], [1873, 512]]}
0.0%	231.603 μs	1	231.603 μs	231.603 μs	231.603 μs	231.603 μs	0 ns	PushPop	:{'Module': 'LlamaForCausalLM.model.layers.4.mlp.act_fn', 'Inputs': [[512, 16384]]}
0.0%	230.177 μs	6	38.362 μs	35.560 μs	33.997 μs	45.775 μs	5.608 μs	PushPop	:{'Module': 'LlamaForCausalLM.model.layers.8.post_attention_layernorm', 'TrainableParams': {'weight': [2048]}, 'Inputs': [[8192, 2048], [8192, 2048]]}
0.0%	227.466 μs	1	227.466 μs	227.466 μs	227.466 μs	227.466 μs	0 ns	PushPop	:{'Module': 'LlamaForCausalLM.model.layers.10.self_attn.attn', 'Inputs': [[512, 2048], [512, 512], [512, 512]]}
0.0%	227.465 μs	1	227.465 μs	227.465 μs	227.465 μs	227.465 μs	0 ns	PushPop	:{'Module': 'LlamaForCausalLM.model.layers.10.self_attn.attn', 'Inputs': [[52, 2048], [52, 512], [52, 512]]}
0.0%	226.797 μs	1	226.797 μs	226.797 μs	226.797 μs	226.797 μs	0 ns	PushPop	:{'Module': 'LlamaForCausalLM.model.layers.12.self_attn.attn', 'Inputs': [[16, 2048], [16, 512], [16, 512]]}
0.0%	225.835 μs	1	225.835 μs	225.835 μs	225.835 μs	225.835 μs	0 ns	PushPop	:{'Module': 'LlamaForCausalLM.model.layers.0.self_attn.attn', 'Inputs': [[4, 2048], [4, 512], [4, 512]]}
0.0%	225.180 μs	1	225.180 μs	225.180 μs	225.180 μs	225.180 μs	0 ns	PushPop	:{'Module': 'LlamaForCausalLM.model.layers.8.self_attn.attn', 'Inputs': [[16, 2048], [16, 512], [16, 512]]}
0.0%	223.936 μs	1	223.936 μs	223.936 μs	223.936 μs	223.936 μs	0 ns	PushPop	:{'Module': 'LlamaForCausalLM.model.layers.1.self_attn.attn', 'Inputs': [[512, 2048], [512, 512], [512, 512]]}
0.0%	223.154 μs	1	223.154 μs	223.154 μs	223.154 μs	223.154 μs	0 ns	PushPop	:{'Module': 'LlamaForCausalLM.model.layers.4.self_attn.attn', 'Inputs': [[99, 2048], [99, 512], [99, 512]]}
0.0%	222.638 μs	6	37.106 μs	33.830 μs	32.198 μs	48.068 μs	6.248 μs	PushPop	:{'Module': 'LlamaForCausalLM.model.layers.1.input_layernorm', 'TrainableParams': {'weight': [2048]}, 'Inputs': [[8192, 2048], [8192, 2048]]}
0.0%	222.353 μs	1	222.353 μs	222.353 μs	222.353 μs	222.353 μs	0 ns	PushPop	:{'Module': 'LlamaForCausalLM.model.layers.1.self_attn.attn', 'Inputs': [[84, 2048], [84, 512], [84, 512]]}
0.0%	221.027 μs	6	36.837 μs	32.806 μs	31.931 μs	55.769 μs	9.331 μs	PushPop	:{'Module': 'LlamaForCausalLM.model.layers.10.post_attention_layernorm', 'TrainableParams': {'weight': [2048]}, 'Inputs': [[8192, 2048], [8192, 2048]]}
0.0%	220.759 μs	1	220.759 μs	220.759 μs	220.759 μs	220.759 μs	0 ns	PushPop	:{'Module': 'LlamaForCausalLM.model.layers.0.self_attn.o_proj', 'TrainableParams': {'weight': [2048, 2048]}, 'Inputs': [[20, 2048]]}
0.0%	219.960 μs	1	219.960 μs	219.960 μs	219.960 μs	219.960 μs	0 ns	PushPop	:{'Module': 'LlamaForCausalLM.model.layers.5.self_attn.attn', 'Inputs': [[512, 2048], [512, 512], [512, 512]]}
0.0%	217.536 μs	1	217.536 μs	217.536 μs	217.536 μs	217.536 μs	0 ns	PushPop	:{'Module': 'LlamaForCausalLM.model.layers.0.self_attn.attn', 'Inputs': [[20, 2048], [20, 512], [20, 512]]}
0.0%	217.428 μs	6	36.238 μs	34.103 μs	32.946 μs	47.453 μs	5.550 μs	PushPop	:{'Module': 'LlamaForCausalLM.model.layers.15.post_attention_layernorm', 'TrainableParams': {'weight': [2048]}, 'Inputs': [[8192, 2048], [8192, 2048]]}
0.0%	216.714 μs	6	36.119 μs	35.555 μs	34.641 μs	39.826 μs	1.856 μs	PushPop	:{'Module': 'LlamaForCausalLM.model.layers.0.post_attention_layernorm', 'TrainableParams': {'weight': [2048]}, 'Inputs': [[8192, 2048], [8192, 2048]]}
0.0%	216.575 μs	1	216.575 μs	216.575 μs	216.575 μs	216.575 μs	0 ns	PushPop	:{'Module': 'LlamaForCausalLM.model.layers.15.self_attn.attn', 'Inputs': [[4, 2048], [4, 512], [4, 512]]}
0.0%	215.211 μs	1	215.211 μs	215.211 μs	215.211 μs	215.211 μs	0 ns	PushPop	:{'Module': 'LlamaForCausalLM.model.layers.0.self_attn.attn', 'Inputs': [[36, 2048], [36, 512], [36, 512]]}
0.0%	213.691 μs	6	35.615 μs	35.511 μs	32.220 μs	39.244 μs	2.464 μs	PushPop	:{'Module': 'LlamaForCausalLM.model.layers.1.post_attention_layernorm', 'TrainableParams': {'weight': [2048]}, 'Inputs': [[8192, 2048], [8192, 2048]]}
0.0%	213.292 μs	1	213.292 μs	213.292 μs	213.292 μs	213.292 μs	0 ns	PushPop	:{'Module': 'LlamaForCausalLM.model.layers.12.self_attn.attn', 'Inputs': [[512, 2048], [512, 512], [512, 512]]}
0.0%	213.249 μs	1	213.249 μs	213.249 μs	213.249 μs	213.249 μs	0 ns	PushPop	:{'Module': 'LlamaForCausalLM.model.layers.4.self_attn.attn', 'Inputs': [[512, 2048], [512, 512], [512, 512]]}
0.0%	212.604 μs	6	35.434 μs	33.329 μs	32.707 μs	41.848 μs	3.822 μs	PushPop	:{'Module': 'LlamaForCausalLM.model.layers.5.post_attention_layernorm', 'TrainableParams': {'weight': [2048]}, 'Inputs': [[8192, 2048], [8192, 2048]]}
0.0%	212.426 μs	1	212.426 μs	212.426 μs	212.426 μs	212.426 μs	0 ns	PushPop	:{'Module': 'LlamaForCausalLM.model.layers.10.self_attn.attn', 'Inputs': [[20, 2048], [20, 512], [20, 512]]}
0.0%	211.610 μs	1	211.610 μs	211.610 μs	211.610 μs	211.610 μs	0 ns	PushPop	:{'Module': 'LlamaForCausalLM.model.layers.2.self_attn.attn', 'Inputs': [[84, 2048], [84, 512], [84, 512]]}
0.0%	210.909 μs	6	35.151 μs	33.309 μs	32.598 μs	44.886 μs	4.779 μs	PushPop	:{'Module': 'LlamaForCausalLM.model.layers.7.post_attention_layernorm', 'TrainableParams': {'weight': [2048]}, 'Inputs': [[8192, 2048], [8192, 2048]]}
0.0%	210.907 μs	1	210.907 μs	210.907 μs	210.907 μs	210.907 μs	0 ns	PushPop	:{'Module': 'LlamaForCausalLM.model.layers.9.self_attn.attn', 'Inputs': [[52, 2048], [52, 512], [52, 512]]}
0.0%	210.479 μs	1	210.479 μs	210.479 μs	210.479 μs	210.479 μs	0 ns	PushPop	:{'Module': 'LlamaForCausalLM.model.layers.9.self_attn.attn', 'Inputs': [[4, 2048], [4, 512], [4, 512]]}
0.0%	210.407 μs	6	35.067 μs	32.330 μs	30.845 μs	50.166 μs	7.431 μs	PushPop	:{'Module': 'LlamaForCausalLM.model.layers.13.input_layernorm', 'TrainableParams': {'weight': [2048]}, 'Inputs': [[8192, 2048], [8192, 2048]]}
0.0%	209.735 μs	1	209.735 μs	209.735 μs	209.735 μs	209.735 μs	0 ns	PushPop	:{'Module': 'LlamaForCausalLM.model.layers.13.self_attn.attn', 'Inputs': [[512, 2048], [512, 512], [512, 512]]}
0.0%	209.002 μs	6	34.833 μs	33.388 μs	30.632 μs	45.955 μs	5.595 μs	PushPop	:{'Module': 'LlamaForCausalLM.model.layers.4.input_layernorm', 'TrainableParams': {'weight': [2048]}, 'Inputs': [[8192, 2048], [8192, 2048]]}
0.0%	207.587 μs	1	207.587 μs	207.587 μs	207.587 μs	207.587 μs	0 ns	PushPop	:{'Module': 'LlamaForCausalLM.model.layers.14.self_attn.attn', 'Inputs': [[512, 2048], [512, 512], [512, 512]]}
0.0%	207.289 μs	6	34.548 μs	33.202 μs	31.457 μs	42.902 μs	4.193 μs	PushPop	:{'Module': 'LlamaForCausalLM.model.layers.2.input_layernorm', 'TrainableParams': {'weight': [2048]}, 'Inputs': [[8192, 2048], [8192, 2048]]}
0.0%	207.094 μs	1	207.094 μs	207.094 μs	207.094 μs	207.094 μs	0 ns	PushPop	:{'Module': 'LlamaForCausalLM.model.layers.11.self_attn.attn', 'Inputs': [[4, 2048], [4, 512], [4, 512]]}
0.0%	206.850 μs	1	206.850 μs	206.850 μs	206.850 μs	206.850 μs	0 ns	PushPop	:{'Module': 'LlamaForCausalLM.model.layers.3.self_attn.attn', 'Inputs': [[512, 2048], [512, 512], [512, 512]]}
0.0%	206.428 μs	6	34.404 μs	33.948 μs	31.843 μs	39.245 μs	2.605 μs	PushPop	:{'Module': 'LlamaForCausalLM.model.layers.11.post_attention_layernorm', 'TrainableParams': {'weight': [2048]}, 'Inputs': [[8192, 2048], [8192, 2048]]}
0.0%	206.426 μs	1	206.426 μs	206.426 μs	206.426 μs	206.426 μs	0 ns	PushPop	:{'Module': 'LlamaForCausalLM.model.layers.14.self_attn.attn', 'Inputs': [[52, 2048], [52, 512], [52, 512]]}
0.0%	206.225 μs	1	206.225 μs	206.225 μs	206.225 μs	206.225 μs	0 ns	PushPop	:{'Module': 'LlamaForCausalLM.model.layers.6.self_attn.attn', 'Inputs': [[512, 2048], [512, 512], [512, 512]]}
0.0%	206.086 μs	1	206.086 μs	206.086 μs	206.086 μs	206.086 μs	0 ns	PushPop	:{'Module': 'LlamaForCausalLM.model.layers.0.self_attn.attn', 'Inputs': [[84, 2048], [84, 512], [84, 512]]}
0.0%	205.921 μs	1	205.921 μs	205.921 μs	205.921 μs	205.921 μs	0 ns	PushPop	:{'Module': 'LlamaForCausalLM.model.layers.13.self_attn.attn', 'Inputs': [[20, 2048], [20, 512], [20, 512]]}
0.0%	205.742 μs	1	205.742 μs	205.742 μs	205.742 μs	205.742 μs	0 ns	PushPop	:{'Module': 'LlamaForCausalLM.model.layers.1.self_attn.attn', 'Inputs': [[36, 2048], [36, 512], [36, 512]]}
0.0%	205.134 μs	1	205.134 μs	205.134 μs	205.134 μs	205.134 μs	0 ns	PushPop	:{'Module': 'LlamaForCausalLM.model.layers.0.self_attn.attn', 'Inputs': [[52, 2048], [52, 512], [52, 512]]}
0.0%	204.943 μs	1	204.943 μs	204.943 μs	204.943 μs	204.943 μs	0 ns	PushPop	:{'Module': 'LlamaForCausalLM.model.layers.13.self_attn.attn', 'Inputs': [[4, 2048], [4, 512], [4, 512]]}
0.0%	204.350 μs	1	204.350 μs	204.350 μs	204.350 μs	204.350 μs	0 ns	PushPop	:{'Module': 'LlamaForCausalLM.model.layers.2.self_attn.attn', 'Inputs': [[512, 2048], [512, 512], [512, 512]]}
0.0%	203.928 μs	1	203.928 μs	203.928 μs	203.928 μs	203.928 μs	0 ns	PushPop	:{'Module': 'LlamaForCausalLM.model.layers.0.self_attn.attn', 'Inputs': [[68, 2048], [68, 512], [68, 512]]}
0.0%	203.457 μs	6	33.909 μs	33.735 μs	33.313 μs	35.063 μs	681 ns	PushPop	:{'Module': 'LlamaForCausalLM.model.layers.2.post_attention_layernorm', 'TrainableParams': {'weight': [2048]}, 'Inputs': [[8192, 2048], [8192, 2048]]}
0.0%	202.880 μs	1	202.880 μs	202.880 μs	202.880 μs	202.880 μs	0 ns	PushPop	:{'Module': 'LlamaForCausalLM.model.layers.2.self_attn.attn', 'Inputs': [[36, 2048], [36, 512], [36, 512]]}
0.0%	202.759 μs	6	33.793 μs	31.966 μs	30.905 μs	43.779 μs	4.931 μs	PushPop	:{'Module': 'LlamaForCausalLM.model.layers.5.input_layernorm', 'TrainableParams': {'weight': [2048]}, 'Inputs': [[8192, 2048], [8192, 2048]]}
0.0%	202.563 μs	6	33.760 μs	32.031 μs	30.581 μs	43.773 μs	4.946 μs	PushPop	:{'Module': 'LlamaForCausalLM.model.layers.12.input_layernorm', 'TrainableParams': {'weight': [2048]}, 'Inputs': [[8192, 2048], [8192, 2048]]}
0.0%	202.487 μs	1	202.487 μs	202.487 μs	202.487 μs	202.487 μs	0 ns	PushPop	:{'Module': 'LlamaForCausalLM.model.layers.2.self_attn.attn', 'Inputs': [[20, 2048], [20, 512], [20, 512]]}
0.0%	202.022 μs	6	33.670 μs	33.547 μs	33.224 μs	34.232 μs	381 ns	PushPop	:{'Module': 'LlamaForCausalLM.model.layers.13.post_attention_layernorm', 'TrainableParams': {'weight': [2048]}, 'Inputs': [[8192, 2048], [8192, 2048]]}
0.0%	201.888 μs	6	33.648 μs	33.800 μs	32.727 μs	34.350 μs	579 ns	PushPop	:{'Module': 'LlamaForCausalLM.model.layers.3.post_attention_layernorm', 'TrainableParams': {'weight': [2048]}, 'Inputs': [[8192, 2048], [8192, 2048]]}
0.0%	201.255 μs	1	201.255 μs	201.255 μs	201.255 μs	201.255 μs	0 ns	PushPop	:{'Module': 'LlamaForCausalLM.model.layers.7.self_attn.attn', 'Inputs': [[99, 2048], [99, 512], [99, 512]]}
0.0%	201.163 μs	6	33.527 μs	32.335 μs	29.574 μs	42.453 μs	4.519 μs	PushPop	:{'Module': 'LlamaForCausalLM.model.layers.3.input_layernorm', 'TrainableParams': {'weight': [2048]}, 'Inputs': [[8192, 2048], [8192, 2048]]}
0.0%	200.928 μs	1	200.928 μs	200.928 μs	200.928 μs	200.928 μs	0 ns	PushPop	:{'Module': 'LlamaForCausalLM.model.layers.3.self_attn.attn', 'Inputs': [[4, 2048], [4, 512], [4, 512]]}
0.0%	200.873 μs	1	200.873 μs	200.873 μs	200.873 μs	200.873 μs	0 ns	PushPop	:{'Module': 'LlamaForCausalLM.model.layers.2.self_attn.attn', 'Inputs': [[68, 2048], [68, 512], [68, 512]]}
0.0%	200.552 μs	1	200.552 μs	200.552 μs	200.552 μs	200.552 μs	0 ns	PushPop	:{'Module': 'LlamaForCausalLM.model.layers.11.self_attn.attn', 'Inputs': [[20, 2048], [20, 512], [20, 512]]}
0.0%	200.551 μs	1	200.551 μs	200.551 μs	200.551 μs	200.551 μs	0 ns	PushPop	:{'Module': 'LlamaForCausalLM.model.layers.6.self_attn.attn', 'Inputs': [[68, 2048], [68, 512], [68, 512]]}
0.0%	200.367 μs	1	200.367 μs	200.367 μs	200.367 μs	200.367 μs	0 ns	PushPop	:{'Module': 'LlamaForCausalLM.model.layers.5.self_attn.attn', 'Inputs': [[99, 2048], [99, 512], [99, 512]]}
0.0%	200.316 μs	1	200.316 μs	200.316 μs	200.316 μs	200.316 μs	0 ns	PushPop	:{'Module': 'LlamaForCausalLM.model.layers.12.self_attn.attn', 'Inputs': [[4, 2048], [4, 512], [4, 512]]}
0.0%	200.303 μs	1	200.303 μs	200.303 μs	200.303 μs	200.303 μs	0 ns	PushPop	:{'Module': 'LlamaForCausalLM.model.layers.10.self_attn.attn', 'Inputs': [[4, 2048], [4, 512], [4, 512]]}
0.0%	200.262 μs	1	200.262 μs	200.262 μs	200.262 μs	200.262 μs	0 ns	PushPop	:{'Module': 'LlamaForCausalLM.model.layers.15.self_attn.attn', 'Inputs': [[512, 2048], [512, 512], [512, 512]]}
0.0%	200.146 μs	1	200.146 μs	200.146 μs	200.146 μs	200.146 μs	0 ns	PushPop	:{'Module': 'LlamaForCausalLM.model.layers.11.self_attn.attn', 'Inputs': [[512, 2048], [512, 512], [512, 512]]}
0.0%	200.086 μs	1	200.086 μs	200.086 μs	200.086 μs	200.086 μs	0 ns	PushPop	:{'Module': 'LlamaForCausalLM.model.layers.8.self_attn.attn', 'Inputs': [[36, 2048], [36, 512], [36, 512]]}
0.0%	199.724 μs	1	199.724 μs	199.724 μs	199.724 μs	199.724 μs	0 ns	PushPop	:{'Module': 'LlamaForCausalLM.model.layers.7.self_attn.attn', 'Inputs': [[52, 2048], [52, 512], [52, 512]]}
0.0%	199.340 μs	1	199.340 μs	199.340 μs	199.340 μs	199.340 μs	0 ns	PushPop	:{'Module': 'LlamaForCausalLM.model.layers.6.self_attn.attn', 'Inputs': [[99, 2048], [99, 512], [99, 512]]}
0.0%	198.957 μs	1	198.957 μs	198.957 μs	198.957 μs	198.957 μs	0 ns	PushPop	:{'Module': 'LlamaForCausalLM.model.layers.14.self_attn.attn', 'Inputs': [[68, 2048], [68, 512], [68, 512]]}
0.0%	198.794 μs	6	33.132 μs	32.902 μs	32.206 μs	34.788 μs	963 ns	PushPop	:{'Module': 'LlamaForCausalLM.model.layers.6.post_attention_layernorm', 'TrainableParams': {'weight': [2048]}, 'Inputs': [[8192, 2048], [8192, 2048]]}
0.0%	198.443 μs	1	198.443 μs	198.443 μs	198.443 μs	198.443 μs	0 ns	PushPop	:{'Module': 'LlamaForCausalLM.model.layers.6.self_attn.attn', 'Inputs': [[4, 2048], [4, 512], [4, 512]]}
0.0%	198.433 μs	1	198.433 μs	198.433 μs	198.433 μs	198.433 μs	0 ns	PushPop	:{'Module': 'LlamaForCausalLM.model.layers.10.self_attn.attn', 'Inputs': [[68, 2048], [68, 512], [68, 512]]}
0.0%	198.345 μs	6	33.057 μs	33.129 μs	32.043 μs	33.951 μs	626 ns	PushPop	:{'Module': 'LlamaForCausalLM.model.layers.4.post_attention_layernorm', 'TrainableParams': {'weight': [2048]}, 'Inputs': [[8192, 2048], [8192, 2048]]}
0.0%	198.106 μs	6	33.017 μs	33.100 μs	31.393 μs	34.294 μs	1.097 μs	PushPop	:{'Module': 'LlamaForCausalLM.model.layers.12.post_attention_layernorm', 'TrainableParams': {'weight': [2048]}, 'Inputs': [[8192, 2048], [8192, 2048]]}
0.0%	198.007 μs	1	198.007 μs	198.007 μs	198.007 μs	198.007 μs	0 ns	PushPop	:{'Module': 'LlamaForCausalLM.model.layers.3.self_attn.attn', 'Inputs': [[68, 2048], [68, 512], [68, 512]]}
0.0%	197.807 μs	1	197.807 μs	197.807 μs	197.807 μs	197.807 μs	0 ns	PushPop	:{'Module': 'LlamaForCausalLM.model.layers.3.self_attn.attn', 'Inputs': [[52, 2048], [52, 512], [52, 512]]}
0.0%	197.640 μs	1	197.640 μs	197.640 μs	197.640 μs	197.640 μs	0 ns	PushPop	:{'Module': 'LlamaForCausalLM.model.layers.15.self_attn.attn', 'Inputs': [[99, 2048], [99, 512], [99, 512]]}
0.0%	197.553 μs	6	32.925 μs	32.860 μs	31.560 μs	34.525 μs	1.063 μs	PushPop	:{'Module': 'LlamaForCausalLM.model.layers.6.input_layernorm', 'TrainableParams': {'weight': [2048]}, 'Inputs': [[8192, 2048], [8192, 2048]]}
0.0%	197.455 μs	6	32.909 μs	32.525 μs	31.792 μs	35.563 μs	1.337 μs	PushPop	:{'Module': 'LlamaForCausalLM.model.layers.15.input_layernorm', 'TrainableParams': {'weight': [2048]}, 'Inputs': [[8192, 2048], [8192, 2048]]}
0.0%	197.043 μs	1	197.043 μs	197.043 μs	197.043 μs	197.043 μs	0 ns	PushPop	:{'Module': 'LlamaForCausalLM.model.layers.2.self_attn.attn', 'Inputs': [[4, 2048], [4, 512], [4, 512]]}
0.0%	196.970 μs	1	196.970 μs	196.970 μs	196.970 μs	196.970 μs	0 ns	PushPop	:{'Module': 'LlamaForCausalLM.model.layers.9.self_attn.attn', 'Inputs': [[68, 2048], [68, 512], [68, 512]]}
0.0%	196.905 μs	1	196.905 μs	196.905 μs	196.905 μs	196.905 μs	0 ns	PushPop	:{'Module': 'LlamaForCausalLM.model.layers.3.self_attn.attn', 'Inputs': [[20, 2048], [20, 512], [20, 512]]}
0.0%	196.667 μs	1	196.667 μs	196.667 μs	196.667 μs	196.667 μs	0 ns	PushPop	:{'Module': 'LlamaForCausalLM.model.layers.8.self_attn.attn', 'Inputs': [[4, 2048], [4, 512], [4, 512]]}
0.0%	196.574 μs	1	196.574 μs	196.574 μs	196.574 μs	196.574 μs	0 ns	PushPop	:{'Module': 'LlamaForCausalLM.model.layers.9.self_attn.attn', 'Inputs': [[512, 2048], [512, 512], [512, 512]]}
0.0%	196.404 μs	1	196.404 μs	196.404 μs	196.404 μs	196.404 μs	0 ns	PushPop	:{'Module': 'LlamaForCausalLM.model.layers.3.self_attn.attn', 'Inputs': [[99, 2048], [99, 512], [99, 512]]}
0.0%	196.164 μs	1	196.164 μs	196.164 μs	196.164 μs	196.164 μs	0 ns	PushPop	:{'Module': 'LlamaForCausalLM.model.layers.13.self_attn.attn', 'Inputs': [[68, 2048], [68, 512], [68, 512]]}
0.0%	195.762 μs	6	32.627 μs	31.866 μs	31.062 μs	36.510 μs	2.047 μs	PushPop	:{'Module': 'LlamaForCausalLM.model.layers.7.input_layernorm', 'TrainableParams': {'weight': [2048]}, 'Inputs': [[8192, 2048], [8192, 2048]]}
0.0%	195.651 μs	1	195.651 μs	195.651 μs	195.651 μs	195.651 μs	0 ns	PushPop	:{'Module': 'LlamaForCausalLM.model.layers.1.self_attn.attn', 'Inputs': [[20, 2048], [20, 512], [20, 512]]}
0.0%	195.105 μs	1	195.105 μs	195.105 μs	195.105 μs	195.105 μs	0 ns	PushPop	:{'Module': 'LlamaForCausalLM.model.layers.6.self_attn.attn', 'Inputs': [[52, 2048], [52, 512], [52, 512]]}
0.0%	194.713 μs	1	194.713 μs	194.713 μs	194.713 μs	194.713 μs	0 ns	PushPop	:{'Module': 'LlamaForCausalLM.model.layers.4.self_attn.attn', 'Inputs': [[4, 2048], [4, 512], [4, 512]]}
0.0%	194.525 μs	6	32.420 μs	32.778 μs	30.588 μs	33.354 μs	1.027 μs	PushPop	:{'Module': 'LlamaForCausalLM.model.layers.8.input_layernorm', 'TrainableParams': {'weight': [2048]}, 'Inputs': [[8192, 2048], [8192, 2048]]}
0.0%	194.454 μs	6	32.409 μs	32.736 μs	30.844 μs	33.258 μs	887 ns	PushPop	:{'Module': 'LlamaForCausalLM.model.layers.9.input_layernorm', 'TrainableParams': {'weight': [2048]}, 'Inputs': [[8192, 2048], [8192, 2048]]}
0.0%	194.439 μs	1	194.439 μs	194.439 μs	194.439 μs	194.439 μs	0 ns	PushPop	:{'Module': 'LlamaForCausalLM.model.layers.8.self_attn.attn', 'Inputs': [[52, 2048], [52, 512], [52, 512]]}
0.0%	194.267 μs	1	194.267 μs	194.267 μs	194.267 μs	194.267 μs	0 ns	PushPop	:{'Module': 'LlamaForCausalLM.model.layers.11.self_attn.attn', 'Inputs': [[84, 2048], [84, 512], [84, 512]]}
0.0%	194.163 μs	1	194.163 μs	194.163 μs	194.163 μs	194.163 μs	0 ns	PushPop	:{'Module': 'LlamaForCausalLM.model.layers.15.self_attn.attn', 'Inputs': [[52, 2048], [52, 512], [52, 512]]}
0.0%	193.973 μs	1	193.973 μs	193.973 μs	193.973 μs	193.973 μs	0 ns	PushPop	:{'Module': 'LlamaForCausalLM.model.layers.11.self_attn.attn', 'Inputs': [[52, 2048], [52, 512], [52, 512]]}
0.0%	193.419 μs	6	32.236 μs	32.139 μs	30.323 μs	34.525 μs	1.402 μs	PushPop	:{'Module': 'LlamaForCausalLM.model.layers.11.input_layernorm', 'TrainableParams': {'weight': [2048]}, 'Inputs': [[8192, 2048], [8192, 2048]]}
0.0%	193.265 μs	1	193.265 μs	193.265 μs	193.265 μs	193.265 μs	0 ns	PushPop	:{'Module': 'LlamaForCausalLM.model.layers.8.self_attn.attn', 'Inputs': [[20, 2048], [20, 512], [20, 512]]}
0.0%	193.141 μs	1	193.141 μs	193.141 μs	193.141 μs	193.141 μs	0 ns	PushPop	:{'Module': 'LlamaForCausalLM.model.layers.1.self_attn.attn', 'Inputs': [[68, 2048], [68, 512], [68, 512]]}
0.0%	192.671 μs	6	32.111 μs	31.940 μs	31.327 μs	33.032 μs	742 ns	PushPop	:{'Module': 'LlamaForCausalLM.model.layers.14.input_layernorm', 'TrainableParams': {'weight': [2048]}, 'Inputs': [[8192, 2048], [8192, 2048]]}
0.0%	192.640 μs	1	192.640 μs	192.640 μs	192.640 μs	192.640 μs	0 ns	PushPop	:{'Module': 'LlamaForCausalLM.model.layers.5.self_attn.attn', 'Inputs': [[68, 2048], [68, 512], [68, 512]]}
0.0%	192.482 μs	1	192.482 μs	192.482 μs	192.482 μs	192.482 μs	0 ns	PushPop	:{'Module': 'LlamaForCausalLM.model.layers.5.self_attn.attn', 'Inputs': [[4, 2048], [4, 512], [4, 512]]}
0.0%	191.377 μs	6	31.896 μs	31.695 μs	30.685 μs	33.355 μs	983 ns	PushPop	:{'Module': 'LlamaForCausalLM.model.norm', 'TrainableParams': {'weight': [2048]}, 'Inputs': [[8192, 2048], [8192, 2048]]}
0.0%	191.164 μs	6	31.860 μs	31.579 μs	30.526 μs	33.470 μs	1.321 μs	PushPop	:{'Module': 'LlamaForCausalLM.model.layers.10.input_layernorm', 'TrainableParams': {'weight': [2048]}, 'Inputs': [[8192, 2048], [8192, 2048]]}
0.0%	190.084 μs	1	190.084 μs	190.084 μs	190.084 μs	190.084 μs	0 ns	PushPop	:{'Module': 'LlamaForCausalLM.model.layers.14.self_attn.attn', 'Inputs': [[4, 2048], [4, 512], [4, 512]]}
0.0%	189.950 μs	1	189.950 μs	189.950 μs	189.950 μs	189.950 μs	0 ns	PushPop	:{'Module': 'LlamaForCausalLM.model.layers.2.self_attn.o_proj', 'TrainableParams': {'weight': [2048, 2048]}, 'Inputs': [[512, 2048]]}
0.0%	189.647 μs	1	189.647 μs	189.647 μs	189.647 μs	189.647 μs	0 ns	PushPop	:{'Module': 'LlamaForCausalLM.model.layers.6.self_attn.attn', 'Inputs': [[84, 2048], [84, 512], [84, 512]]}
0.0%	189.202 μs	1	189.202 μs	189.202 μs	189.202 μs	189.202 μs	0 ns	PushPop	:{'Module': 'LlamaForCausalLM.model.layers.6.self_attn.attn', 'Inputs': [[20, 2048], [20, 512], [20, 512]]}
0.0%	189.057 μs	1	189.057 μs	189.057 μs	189.057 μs	189.057 μs	0 ns	PushPop	:{'Module': 'LlamaForCausalLM.model.layers.8.self_attn.attn', 'Inputs': [[99, 2048], [99, 512], [99, 512]]}
0.0%	189.030 μs	1	189.030 μs	189.030 μs	189.030 μs	189.030 μs	0 ns	PushPop	:{'Module': 'LlamaForCausalLM.model.layers.5.self_attn.attn', 'Inputs': [[52, 2048], [52, 512], [52, 512]]}
0.0%	188.680 μs	1	188.680 μs	188.680 μs	188.680 μs	188.680 μs	0 ns	PushPop	:{'Module': 'LlamaForCausalLM.model.layers.12.self_attn.attn', 'Inputs': [[68, 2048], [68, 512], [68, 512]]}
0.0%	188.544 μs	1	188.544 μs	188.544 μs	188.544 μs	188.544 μs	0 ns	PushPop	:{'Module': 'LlamaForCausalLM.model.layers.15.self_attn.attn', 'Inputs': [[68, 2048], [68, 512], [68, 512]]}
0.0%	188.492 μs	1	188.492 μs	188.492 μs	188.492 μs	188.492 μs	0 ns	PushPop	:{'Module': 'LlamaForCausalLM.model.layers.10.self_attn.attn', 'Inputs': [[84, 2048], [84, 512], [84, 512]]}
0.0%	188.298 μs	1	188.298 μs	188.298 μs	188.298 μs	188.298 μs	0 ns	PushPop	:{'Module': 'LlamaForCausalLM.model.layers.1.self_attn.attn', 'Inputs': [[99, 2048], [99, 512], [99, 512]]}
0.0%	187.964 μs	1	187.964 μs	187.964 μs	187.964 μs	187.964 μs	0 ns	PushPop	:{'Module': 'LlamaForCausalLM.model.layers.0.self_attn.o_proj', 'TrainableParams': {'weight': [2048, 2048]}, 'Inputs': [[16, 2048]]}
0.0%	187.648 μs	1	187.648 μs	187.648 μs	187.648 μs	187.648 μs	0 ns	PushPop	:{'Module': 'LlamaForCausalLM.model.layers.9.self_attn.attn', 'Inputs': [[36, 2048], [36, 512], [36, 512]]}
0.0%	187.484 μs	1	187.484 μs	187.484 μs	187.484 μs	187.484 μs	0 ns	PushPop	:{'Module': 'LlamaForCausalLM.model.layers.0.self_attn.qkv_proj', 'TrainableParams': {'weight': [3072, 2048]}, 'Inputs': [[1873, 2048]]}
0.0%	187.339 μs	1	187.339 μs	187.339 μs	187.339 μs	187.339 μs	0 ns	PushPop	:{'Module': 'LlamaForCausalLM.model.layers.9.self_attn.attn', 'Inputs': [[20, 2048], [20, 512], [20, 512]]}
0.0%	187.128 μs	1	187.128 μs	187.128 μs	187.128 μs	187.128 μs	0 ns	PushPop	:{'Module': 'LlamaForCausalLM.model.layers.2.self_attn.attn', 'Inputs': [[52, 2048], [52, 512], [52, 512]]}
0.0%	186.863 μs	1	186.863 μs	186.863 μs	186.863 μs	186.863 μs	0 ns	PushPop	:{'Module': 'LlamaForCausalLM.model.layers.4.self_attn.attn', 'Inputs': [[52, 2048], [52, 512], [52, 512]]}
0.0%	186.434 μs	1	186.434 μs	186.434 μs	186.434 μs	186.434 μs	0 ns	PushPop	:{'Module': 'LlamaForCausalLM.model.layers.12.self_attn.attn', 'Inputs': [[20, 2048], [20, 512], [20, 512]]}
0.0%	186.039 μs	1	186.039 μs	186.039 μs	186.039 μs	186.039 μs	0 ns	PushPop	:{'Module': 'LlamaForCausalLM.model.layers.9.self_attn.attn', 'Inputs': [[99, 2048], [99, 512], [99, 512]]}
0.0%	185.473 μs	1	185.473 μs	185.473 μs	185.473 μs	185.473 μs	0 ns	PushPop	:{'Module': 'LlamaForCausalLM.model.layers.11.self_attn.attn', 'Inputs': [[68, 2048], [68, 512], [68, 512]]}
0.0%	185.434 μs	1	185.434 μs	185.434 μs	185.434 μs	185.434 μs	0 ns	PushPop	:{'Module': 'LlamaForCausalLM.model.layers.4.self_attn.attn', 'Inputs': [[84, 2048], [84, 512], [84, 512]]}
0.0%	185.402 μs	1	185.402 μs	185.402 μs	185.402 μs	185.402 μs	0 ns	PushPop	:{'Module': 'LlamaForCausalLM.model.layers.7.self_attn.attn', 'Inputs': [[68, 2048], [68, 512], [68, 512]]}
0.0%	185.278 μs	1	185.278 μs	185.278 μs	185.278 μs	185.278 μs	0 ns	PushPop	:{'Module': 'LlamaForCausalLM.model.layers.7.self_attn.attn', 'Inputs': [[20, 2048], [20, 512], [20, 512]]}
0.0%	185.275 μs	1	185.275 μs	185.275 μs	185.275 μs	185.275 μs	0 ns	PushPop	:{'Module': 'LlamaForCausalLM.model.layers.5.self_attn.attn', 'Inputs': [[20, 2048], [20, 512], [20, 512]]}
0.0%	185.037 μs	1	185.037 μs	185.037 μs	185.037 μs	185.037 μs	0 ns	PushPop	:{'Module': 'LlamaForCausalLM.model.layers.13.self_attn.attn', 'Inputs': [[52, 2048], [52, 512], [52, 512]]}
0.0%	185.019 μs	1	185.019 μs	185.019 μs	185.019 μs	185.019 μs	0 ns	PushPop	:{'Module': 'LlamaForCausalLM.model.layers.8.self_attn.attn', 'Inputs': [[68, 2048], [68, 512], [68, 512]]}
0.0%	184.933 μs	1	184.933 μs	184.933 μs	184.933 μs	184.933 μs	0 ns	PushPop	:{'Module': 'LlamaForCausalLM.model.layers.13.self_attn.attn', 'Inputs': [[99, 2048], [99, 512], [99, 512]]}
0.0%	184.870 μs	1	184.870 μs	184.870 μs	184.870 μs	184.870 μs	0 ns	PushPop	:{'Module': 'LlamaForCausalLM.model.layers.4.self_attn.attn', 'Inputs': [[68, 2048], [68, 512], [68, 512]]}
0.0%	183.912 μs	1	183.912 μs	183.912 μs	183.912 μs	183.912 μs	0 ns	PushPop	:{'Module': 'LlamaForCausalLM.model.layers.12.self_attn.attn', 'Inputs': [[84, 2048], [84, 512], [84, 512]]}
0.0%	183.834 μs	1	183.834 μs	183.834 μs	183.834 μs	183.834 μs	0 ns	PushPop	:{'Module': 'LlamaForCausalLM.model.layers.10.self_attn.attn', 'Inputs': [[36, 2048], [36, 512], [36, 512]]}
0.0%	183.742 μs	1	183.742 μs	183.742 μs	183.742 μs	183.742 μs	0 ns	PushPop	:{'Module': 'LlamaForCausalLM.model.layers.7.self_attn.attn', 'Inputs': [[4, 2048], [4, 512], [4, 512]]}
0.0%	183.252 μs	1	183.252 μs	183.252 μs	183.252 μs	183.252 μs	0 ns	PushPop	:{'Module': 'LlamaForCausalLM.model.layers.14.self_attn.attn', 'Inputs': [[84, 2048], [84, 512], [84, 512]]}
0.0%	183.237 μs	1	183.237 μs	183.237 μs	183.237 μs	183.237 μs	0 ns	PushPop	:{'Module': 'LlamaForCausalLM.model.layers.14.self_attn.attn', 'Inputs': [[20, 2048], [20, 512], [20, 512]]}
0.0%	183.035 μs	1	183.035 μs	183.035 μs	183.035 μs	183.035 μs	0 ns	PushPop	:{'Module': 'LlamaForCausalLM.model.layers.6.self_attn.attn', 'Inputs': [[36, 2048], [36, 512], [36, 512]]}
0.0%	182.595 μs	1	182.595 μs	182.595 μs	182.595 μs	182.595 μs	0 ns	PushPop	:{'Module': 'LlamaForCausalLM.model.layers.3.self_attn.attn', 'Inputs': [[84, 2048], [84, 512], [84, 512]]}
0.0%	182.332 μs	1	182.332 μs	182.332 μs	182.332 μs	182.332 μs	0 ns	PushPop	:{'Module': 'LlamaForCausalLM.model.layers.15.self_attn.attn', 'Inputs': [[84, 2048], [84, 512], [84, 512]]}
0.0%	182.177 μs	1	182.177 μs	182.177 μs	182.177 μs	182.177 μs	0 ns	PushPop	:{'Module': 'LlamaForCausalLM.model.layers.4.self_attn.attn', 'Inputs': [[20, 2048], [20, 512], [20, 512]]}
0.0%	181.762 μs	1	181.762 μs	181.762 μs	181.762 μs	181.762 μs	0 ns	PushPop	:{'Module': 'LlamaForCausalLM.model.layers.13.self_attn.attn', 'Inputs': [[36, 2048], [36, 512], [36, 512]]}
0.0%	180.980 μs	1	180.980 μs	180.980 μs	180.980 μs	180.980 μs	0 ns	PushPop	:{'Module': 'LlamaForCausalLM.model.layers.0.self_attn.qkv_proj', 'TrainableParams': {'weight': [3072, 2048]}, 'Inputs': [[52, 2048]]}
0.0%	180.829 μs	1	180.829 μs	180.829 μs	180.829 μs	180.829 μs	0 ns	PushPop	:{'Module': 'LlamaForCausalLM.model.layers.12.self_attn.attn', 'Inputs': [[52, 2048], [52, 512], [52, 512]]}
0.0%	180.594 μs	1	180.594 μs	180.594 μs	180.594 μs	180.594 μs	0 ns	PushPop	:{'Module': 'LlamaForCausalLM.model.layers.3.self_attn.attn', 'Inputs': [[36, 2048], [36, 512], [36, 512]]}
0.0%	179.998 μs	1	179.998 μs	179.998 μs	179.998 μs	179.998 μs	0 ns	PushPop	:{'Module': 'LlamaForCausalLM.model.layers.4.self_attn.attn', 'Inputs': [[36, 2048], [36, 512], [36, 512]]}
0.0%	179.835 μs	1	179.835 μs	179.835 μs	179.835 μs	179.835 μs	0 ns	PushPop	:{'Module': 'LlamaForCausalLM.model.layers.15.self_attn.attn', 'Inputs': [[36, 2048], [36, 512], [36, 512]]}
0.0%	179.746 μs	1	179.746 μs	179.746 μs	179.746 μs	179.746 μs	0 ns	PushPop	:{'Module': 'LlamaForCausalLM.model.layers.5.self_attn.attn', 'Inputs': [[36, 2048], [36, 512], [36, 512]]}
0.0%	179.502 μs	1	179.502 μs	179.502 μs	179.502 μs	179.502 μs	0 ns	PushPop	:{'Module': 'LlamaForCausalLM.model.layers.12.self_attn.attn', 'Inputs': [[99, 2048], [99, 512], [99, 512]]}
0.0%	179.220 μs	1	179.220 μs	179.220 μs	179.220 μs	179.220 μs	0 ns	PushPop	:{'Module': 'LlamaForCausalLM.model.layers.11.self_attn.attn', 'Inputs': [[36, 2048], [36, 512], [36, 512]]}
0.0%	179.056 μs	1	179.056 μs	179.056 μs	179.056 μs	179.056 μs	0 ns	PushPop	:{'Module': 'LlamaForCausalLM.model.layers.12.self_attn.attn', 'Inputs': [[36, 2048], [36, 512], [36, 512]]}
0.0%	178.642 μs	1	178.642 μs	178.642 μs	178.642 μs	178.642 μs	0 ns	PushPop	:{'Module': 'LlamaForCausalLM.model.layers.7.self_attn.attn', 'Inputs': [[84, 2048], [84, 512], [84, 512]]}
0.0%	178.178 μs	1	178.178 μs	178.178 μs	178.178 μs	178.178 μs	0 ns	PushPop	:{'Module': 'LlamaForCausalLM.model.layers.10.self_attn.attn', 'Inputs': [[99, 2048], [99, 512], [99, 512]]}
0.0%	177.998 μs	1	177.998 μs	177.998 μs	177.998 μs	177.998 μs	0 ns	PushPop	:{'Module': 'LlamaForCausalLM.model.layers.2.self_attn.attn', 'Inputs': [[99, 2048], [99, 512], [99, 512]]}
0.0%	177.998 μs	1	177.998 μs	177.998 μs	177.998 μs	177.998 μs	0 ns	PushPop	:{'Module': 'LlamaForCausalLM.model.layers.5.self_attn.attn', 'Inputs': [[84, 2048], [84, 512], [84, 512]]}
0.0%	177.372 μs	1	177.372 μs	177.372 μs	177.372 μs	177.372 μs	0 ns	PushPop	:{'Module': 'LlamaForCausalLM.model.layers.8.self_attn.attn', 'Inputs': [[84, 2048], [84, 512], [84, 512]]}
0.0%	177.133 μs	1	177.133 μs	177.133 μs	177.133 μs	177.133 μs	0 ns	PushPop	:{'Module': 'LlamaForCausalLM.model.layers.11.self_attn.attn', 'Inputs': [[99, 2048], [99, 512], [99, 512]]}
0.0%	177.042 μs	1	177.042 μs	177.042 μs	177.042 μs	177.042 μs	0 ns	PushPop	:{'Module': 'LlamaForCausalLM.model.layers.14.self_attn.attn', 'Inputs': [[99, 2048], [99, 512], [99, 512]]}
0.0%	176.194 μs	1	176.194 μs	176.194 μs	176.194 μs	176.194 μs	0 ns	PushPop	:{'Module': 'LlamaForCausalLM.model.layers.7.self_attn.attn', 'Inputs': [[36, 2048], [36, 512], [36, 512]]}
0.0%	175.991 μs	1	175.991 μs	175.991 μs	175.991 μs	175.991 μs	0 ns	PushPop	:{'Module': 'LlamaForCausalLM.model.layers.13.self_attn.attn', 'Inputs': [[84, 2048], [84, 512], [84, 512]]}
0.0%	175.785 μs	1	175.785 μs	175.785 μs	175.785 μs	175.785 μs	0 ns	PushPop	:{'Module': 'LlamaForCausalLM.model.layers.9.self_attn.attn', 'Inputs': [[84, 2048], [84, 512], [84, 512]]}
0.0%	175.563 μs	1	175.563 μs	175.563 μs	175.563 μs	175.563 μs	0 ns	PushPop	:{'Module': 'LlamaForCausalLM.model.layers.15.self_attn.attn', 'Inputs': [[20, 2048], [20, 512], [20, 512]]}
0.0%	174.033 μs	1	174.033 μs	174.033 μs	174.033 μs	174.033 μs	0 ns	PushPop	:{'Module': 'LlamaForCausalLM.model.layers.14.self_attn.attn', 'Inputs': [[36, 2048], [36, 512], [36, 512]]}
0.0%	169.338 μs	1	169.338 μs	169.338 μs	169.338 μs	169.338 μs	0 ns	PushPop	:{'Module': 'LlamaForCausalLM.model.layers.0.self_attn.qkv_proj', 'TrainableParams': {'weight': [3072, 2048]}, 'Inputs': [[99, 2048]]}
0.0%	168.705 μs	1	168.705 μs	168.705 μs	168.705 μs	168.705 μs	0 ns	PushPop	:{'Module': 'LlamaForCausalLM.model.embed_tokens', 'TrainableParams': {'weight': [128256, 2048]}, 'Inputs': [[512]]}
0.0%	162.033 μs	1	162.033 μs	162.033 μs	162.033 μs	162.033 μs	0 ns	PushPop	:{'Module': 'LlamaForCausalLM.model.layers.0.self_attn.attn', 'Inputs': [[256, 2048], [256, 512], [256, 512]]}
0.0%	158.443 μs	1	158.443 μs	158.443 μs	158.443 μs	158.443 μs	0 ns	PushPop	:{'Module': 'LlamaForCausalLM.model.layers.0.mlp.gate_up_proj', 'TrainableParams': {'weight': [16384, 2048]}, 'Inputs': [[36, 2048]]}
0.0%	144.592 μs	1	144.592 μs	144.592 μs	144.592 μs	144.592 μs	0 ns	PushPop	:{'Module': 'LlamaForCausalLM.model.layers.0.mlp.gate_up_proj', 'TrainableParams': {'weight': [16384, 2048]}, 'Inputs': [[16, 2048]]}
0.0%	141.857 μs	2	70.928 μs	70.928 μs	198 ns	141.659 μs	100.028 μs	PushPop	NCCL:ncclGroupStart
0.0%	138.463 μs	1	138.463 μs	138.463 μs	138.463 μs	138.463 μs	0 ns	PushPop	:{'Module': 'LlamaForCausalLM.model.layers.8.self_attn.qkv_proj', 'TrainableParams': {'weight': [3072, 2048]}, 'Inputs': [[99, 2048]]}
0.0%	127.261 μs	1	127.261 μs	127.261 μs	127.261 μs	127.261 μs	0 ns	PushPop	:{'Module': 'LlamaForCausalLM.model.layers.1.self_attn.attn', 'Inputs': [[256, 2048], [256, 512], [256, 512]]}
0.0%	125.099 μs	1	125.099 μs	125.099 μs	125.099 μs	125.099 μs	0 ns	PushPop	:{'Module': 'LlamaForCausalLM.model.layers.11.self_attn.attn', 'Inputs': [[256, 2048], [256, 512], [256, 512]]}
0.0%	124.000 μs	1	124.000 μs	124.000 μs	124.000 μs	124.000 μs	0 ns	PushPop	:{'Module': 'LlamaForCausalLM.model.embed_tokens', 'TrainableParams': {'weight': [128256, 2048]}, 'Inputs': [[84]]}
0.0%	123.288 μs	1	123.288 μs	123.288 μs	123.288 μs	123.288 μs	0 ns	PushPop	:{'Module': 'LlamaForCausalLM.model.layers.10.self_attn.attn', 'Inputs': [[256, 2048], [256, 512], [256, 512]]}
0.0%	122.856 μs	1	122.856 μs	122.856 μs	122.856 μs	122.856 μs	0 ns	PushPop	:{'Module': 'LlamaForCausalLM.model.layers.7.self_attn.attn', 'Inputs': [[256, 2048], [256, 512], [256, 512]]}
0.0%	122.793 μs	1	122.793 μs	122.793 μs	122.793 μs	122.793 μs	0 ns	PushPop	:{'Module': 'LlamaForCausalLM.model.layers.12.self_attn.attn', 'Inputs': [[256, 2048], [256, 512], [256, 512]]}
0.0%	122.450 μs	1	122.450 μs	122.450 μs	122.450 μs	122.450 μs	0 ns	PushPop	:{'Module': 'LlamaForCausalLM.model.embed_tokens', 'TrainableParams': {'weight': [128256, 2048]}, 'Inputs': [[99]]}
0.0%	122.149 μs	1	122.149 μs	122.149 μs	122.149 μs	122.149 μs	0 ns	PushPop	:{'Module': 'LlamaForCausalLM.model.layers.15.self_attn.attn', 'Inputs': [[256, 2048], [256, 512], [256, 512]]}
0.0%	122.058 μs	1	122.058 μs	122.058 μs	122.058 μs	122.058 μs	0 ns	PushPop	:{'Module': 'LlamaForCausalLM.model.layers.13.self_attn.attn', 'Inputs': [[256, 2048], [256, 512], [256, 512]]}
0.0%	121.969 μs	1	121.969 μs	121.969 μs	121.969 μs	121.969 μs	0 ns	PushPop	:{'Module': 'LlamaForCausalLM.model.layers.4.self_attn.attn', 'Inputs': [[256, 2048], [256, 512], [256, 512]]}
0.0%	120.542 μs	1	120.542 μs	120.542 μs	120.542 μs	120.542 μs	0 ns	PushPop	:{'Module': 'LlamaForCausalLM.model.embed_tokens', 'TrainableParams': {'weight': [128256, 2048]}, 'Inputs': [[256]]}
0.0%	119.949 μs	1	119.949 μs	119.949 μs	119.949 μs	119.949 μs	0 ns	PushPop	:{'Module': 'LlamaForCausalLM.model.layers.2.self_attn.attn', 'Inputs': [[256, 2048], [256, 512], [256, 512]]}
0.0%	119.820 μs	1	119.820 μs	119.820 μs	119.820 μs	119.820 μs	0 ns	PushPop	:{'Module': 'LlamaForCausalLM.model.layers.3.self_attn.attn', 'Inputs': [[256, 2048], [256, 512], [256, 512]]}
0.0%	118.762 μs	1	118.762 μs	118.762 μs	118.762 μs	118.762 μs	0 ns	PushPop	:{'Module': 'LlamaForCausalLM.logits_processor', 'Inputs': [[17, 2048]]}
0.0%	117.311 μs	96	1.222 μs	1.150 μs	1.020 μs	3.780 μs	375 ns	PushPop	:{'Module': 'LlamaForCausalLM.model.layers.0.self_attn.rotary_emb', 'Outputs': [[8192, 2048], [8192, 512]]}
0.0%	117.111 μs	1	117.111 μs	117.111 μs	117.111 μs	117.111 μs	0 ns	PushPop	:{'Module': 'LlamaForCausalLM.model.layers.6.self_attn.attn', 'Inputs': [[256, 2048], [256, 512], [256, 512]]}
0.0%	116.483 μs	1	116.483 μs	116.483 μs	116.483 μs	116.483 μs	0 ns	PushPop	:{'Module': 'LlamaForCausalLM.model.layers.8.self_attn.attn', 'Inputs': [[256, 2048], [256, 512], [256, 512]]}
0.0%	116.055 μs	1	116.055 μs	116.055 μs	116.055 μs	116.055 μs	0 ns	PushPop	:{'Module': 'LlamaForCausalLM.model.layers.5.self_attn.attn', 'Inputs': [[256, 2048], [256, 512], [256, 512]]}
0.0%	115.606 μs	1	115.606 μs	115.606 μs	115.606 μs	115.606 μs	0 ns	PushPop	:{'Module': 'LlamaForCausalLM.model.layers.9.self_attn.attn', 'Inputs': [[256, 2048], [256, 512], [256, 512]]}
0.0%	115.520 μs	1	115.520 μs	115.520 μs	115.520 μs	115.520 μs	0 ns	PushPop	:{'Module': 'LlamaForCausalLM.model.layers.0.self_attn.qkv_proj', 'TrainableParams': {'weight': [3072, 2048]}, 'Inputs': [[68, 2048]]}
0.0%	115.275 μs	1	115.275 μs	115.275 μs	115.275 μs	115.275 μs	0 ns	PushPop	:{'Module': 'LlamaForCausalLM.model.layers.14.self_attn.attn', 'Inputs': [[256, 2048], [256, 512], [256, 512]]}
0.0%	114.219 μs	1	114.219 μs	114.219 μs	114.219 μs	114.219 μs	0 ns	PushPop	:{'Module': 'LlamaForCausalLM.model.layers.0.self_attn.o_proj', 'TrainableParams': {'weight': [2048, 2048]}, 'Inputs': [[52, 2048]]}
0.0%	113.470 μs	1	113.470 μs	113.470 μs	113.470 μs	113.470 μs	0 ns	PushPop	:{'Module': 'LlamaForCausalLM.model.layers.0.self_attn.o_proj', 'TrainableParams': {'weight': [2048, 2048]}, 'Inputs': [[1873, 2048]]}
0.0%	112.616 μs	1	112.616 μs	112.616 μs	112.616 μs	112.616 μs	0 ns	PushPop	:{'Module': 'LlamaForCausalLM.model.layers.0.self_attn.o_proj', 'TrainableParams': {'weight': [2048, 2048]}, 'Inputs': [[84, 2048]]}
0.0%	110.637 μs	1	110.637 μs	110.637 μs	110.637 μs	110.637 μs	0 ns	PushPop	:{'Module': 'LlamaForCausalLM.model.layers.0.self_attn.qkv_proj', 'TrainableParams': {'weight': [3072, 2048]}, 'Inputs': [[256, 2048]]}
0.0%	109.943 μs	1	109.943 μs	109.943 μs	109.943 μs	109.943 μs	0 ns	PushPop	:{'Module': 'LlamaForCausalLM.model.layers.0.input_layernorm', 'TrainableParams': {'weight': [2048]}, 'Inputs': [[16, 2048]]}
0.0%	109.536 μs	1	109.536 μs	109.536 μs	109.536 μs	109.536 μs	0 ns	PushPop	:{'Module': 'LlamaForCausalLM.model.layers.0.self_attn.o_proj', 'TrainableParams': {'weight': [2048, 2048]}, 'Inputs': [[99, 2048]]}
0.0%	106.530 μs	1	106.530 μs	106.530 μs	106.530 μs	106.530 μs	0 ns	PushPop	:{'Module': 'LlamaForCausalLM.model.layers.0.self_attn.qkv_proj', 'TrainableParams': {'weight': [3072, 2048]}, 'Inputs': [[4, 2048]]}
0.0%	103.009 μs	1	103.009 μs	103.009 μs	103.009 μs	103.009 μs	0 ns	PushPop	:{'Module': 'LlamaForCausalLM.model.layers.0.self_attn.o_proj', 'TrainableParams': {'weight': [2048, 2048]}, 'Inputs': [[36, 2048]]}
0.0%	102.527 μs	1	102.527 μs	102.527 μs	102.527 μs	102.527 μs	0 ns	PushPop	:{'Module': 'LlamaForCausalLM.model.embed_tokens', 'TrainableParams': {'weight': [128256, 2048]}, 'Inputs': [[20]]}
0.0%	102.133 μs	1	102.133 μs	102.133 μs	102.133 μs	102.133 μs	0 ns	PushPop	:{'Module': 'LlamaForCausalLM.model.layers.0.self_attn.qkv_proj', 'TrainableParams': {'weight': [3072, 2048]}, 'Inputs': [[84, 2048]]}
0.0%	101.933 μs	1	101.933 μs	101.933 μs	101.933 μs	101.933 μs	0 ns	PushPop	:{'Module': 'LlamaForCausalLM.model.embed_tokens', 'TrainableParams': {'weight': [128256, 2048]}, 'Inputs': [[36]]}
0.0%	101.854 μs	1	101.854 μs	101.854 μs	101.854 μs	101.854 μs	0 ns	PushPop	:{'Module': 'LlamaForCausalLM.model.layers.0.self_attn.o_proj', 'TrainableParams': {'weight': [2048, 2048]}, 'Inputs': [[68, 2048]]}
0.0%	101.026 μs	1	101.026 μs	101.026 μs	101.026 μs	101.026 μs	0 ns	PushPop	:{'Module': 'LlamaForCausalLM.logits_processor', 'Inputs': [[36, 2048]]}
0.0%	100.841 μs	1	100.841 μs	100.841 μs	100.841 μs	100.841 μs	0 ns	PushPop	:{'Module': 'LlamaForCausalLM.model.layers.0.mlp.gate_up_proj', 'TrainableParams': {'weight': [16384, 2048]}, 'Inputs': [[512, 2048]]}
0.0%	99.992 μs	1	99.992 μs	99.992 μs	99.992 μs	99.992 μs	0 ns	PushPop	:{'Module': 'LlamaForCausalLM.logits_processor', 'Inputs': [[81, 2048]]}
0.0%	98.057 μs	1	98.057 μs	98.057 μs	98.057 μs	98.057 μs	0 ns	PushPop	:{'Module': 'LlamaForCausalLM.model.layers.0.mlp.down_proj', 'TrainableParams': {'weight': [2048, 8192]}, 'Inputs': [[256, 8192]]}
0.0%	97.197 μs	1	97.197 μs	97.197 μs	97.197 μs	97.197 μs	0 ns	PushPop	:{'Module': 'LlamaForCausalLM.model.layers.0.mlp.down_proj', 'TrainableParams': {'weight': [2048, 8192]}, 'Inputs': [[4, 8192]]}
0.0%	96.826 μs	1	96.826 μs	96.826 μs	96.826 μs	96.826 μs	0 ns	PushPop	:{'Module': 'LlamaForCausalLM.logits_processor', 'Inputs': [[65, 2048]]}
0.0%	95.818 μs	1	95.818 μs	95.818 μs	95.818 μs	95.818 μs	0 ns	PushPop	:{'Module': 'LlamaForCausalLM.logits_processor', 'Inputs': [[33, 2048]]}
0.0%	95.422 μs	1	95.422 μs	95.422 μs	95.422 μs	95.422 μs	0 ns	PushPop	:{'Module': 'LlamaForCausalLM.model.embed_tokens', 'TrainableParams': {'weight': [128256, 2048]}, 'Inputs': [[1873]]}
0.0%	95.125 μs	1	95.125 μs	95.125 μs	95.125 μs	95.125 μs	0 ns	PushPop	:{'Module': 'LlamaForCausalLM.model.layers.0.mlp.down_proj', 'TrainableParams': {'weight': [2048, 8192]}, 'Inputs': [[52, 8192]]}
0.0%	95.105 μs	1	95.105 μs	95.105 μs	95.105 μs	95.105 μs	0 ns	PushPop	:{'Module': 'LlamaForCausalLM.model.layers.0.input_layernorm', 'TrainableParams': {'weight': [2048]}, 'Inputs': [[512, 2048]]}
0.0%	94.798 μs	1	94.798 μs	94.798 μs	94.798 μs	94.798 μs	0 ns	PushPop	:{'Module': 'LlamaForCausalLM.model.embed_tokens', 'TrainableParams': {'weight': [128256, 2048]}, 'Inputs': [[4]]}
0.0%	94.318 μs	1	94.318 μs	94.318 μs	94.318 μs	94.318 μs	0 ns	PushPop	:{'Module': 'LlamaForCausalLM.logits_processor', 'Inputs': [[99, 2048]]}
0.0%	94.315 μs	1	94.315 μs	94.315 μs	94.315 μs	94.315 μs	0 ns	PushPop	:{'Module': 'LlamaForCausalLM.model.layers.0.mlp.gate_up_proj', 'TrainableParams': {'weight': [16384, 2048]}, 'Inputs': [[4, 2048]]}
0.0%	94.202 μs	1	94.202 μs	94.202 μs	94.202 μs	94.202 μs	0 ns	PushPop	:{'Module': 'LlamaForCausalLM.model.layers.0.self_attn.o_proj', 'TrainableParams': {'weight': [2048, 2048]}, 'Inputs': [[4, 2048]]}
0.0%	93.467 μs	1	93.467 μs	93.467 μs	93.467 μs	93.467 μs	0 ns	PushPop	:{'Module': 'LlamaForCausalLM.model.layers.0.mlp.down_proj', 'TrainableParams': {'weight': [2048, 8192]}, 'Inputs': [[36, 8192]]}
0.0%	91.803 μs	1	91.803 μs	91.803 μs	91.803 μs	91.803 μs	0 ns	PushPop	:{'Module': 'LlamaForCausalLM.model.embed_tokens', 'TrainableParams': {'weight': [128256, 2048]}, 'Inputs': [[68]]}
0.0%	91.422 μs	1	91.422 μs	91.422 μs	91.422 μs	91.422 μs	0 ns	PushPop	:{'Module': 'LlamaForCausalLM.model.layers.0.mlp.gate_up_proj', 'TrainableParams': {'weight': [16384, 2048]}, 'Inputs': [[84, 2048]]}
0.0%	89.836 μs	1	89.836 μs	89.836 μs	89.836 μs	89.836 μs	0 ns	PushPop	:{'Module': 'LlamaForCausalLM.model.embed_tokens', 'TrainableParams': {'weight': [128256, 2048]}, 'Inputs': [[52]]}
0.0%	89.779 μs	1	89.779 μs	89.779 μs	89.779 μs	89.779 μs	0 ns	PushPop	:{'Module': 'LlamaForCausalLM.logits_processor', 'Inputs': [[49, 2048]]}
0.0%	89.516 μs	1	89.516 μs	89.516 μs	89.516 μs	89.516 μs	0 ns	PushPop	:{'Module': 'LlamaForCausalLM.model.layers.0.mlp.gate_up_proj', 'TrainableParams': {'weight': [16384, 2048]}, 'Inputs': [[20, 2048]]}
0.0%	89.041 μs	1	89.041 μs	89.041 μs	89.041 μs	89.041 μs	0 ns	PushPop	:{'Module': 'LlamaForCausalLM.model.layers.2.self_attn.o_proj', 'TrainableParams': {'weight': [2048, 2048]}, 'Inputs': [[52, 2048]]}
0.0%	87.865 μs	1	87.865 μs	87.865 μs	87.865 μs	87.865 μs	0 ns	PushPop	:{'Module': 'LlamaForCausalLM.logits_processor', 'Inputs': [[84, 2048]]}
0.0%	87.706 μs	1	87.706 μs	87.706 μs	87.706 μs	87.706 μs	0 ns	PushPop	:{'Module': 'LlamaForCausalLM.model.layers.0.mlp.down_proj', 'TrainableParams': {'weight': [2048, 8192]}, 'Inputs': [[512, 8192]]}
0.0%	86.622 μs	1	86.622 μs	86.622 μs	86.622 μs	86.622 μs	0 ns	PushPop	:{'Module': 'LlamaForCausalLM.model.layers.0.mlp.down_proj', 'TrainableParams': {'weight': [2048, 8192]}, 'Inputs': [[68, 8192]]}
0.0%	85.893 μs	1	85.893 μs	85.893 μs	85.893 μs	85.893 μs	0 ns	PushPop	:{'Module': 'LlamaForCausalLM.model.layers.0.self_attn.qkv_proj', 'TrainableParams': {'weight': [3072, 2048]}, 'Inputs': [[36, 2048]]}
0.0%	85.606 μs	1	85.606 μs	85.606 μs	85.606 μs	85.606 μs	0 ns	PushPop	:{'Module': 'LlamaForCausalLM.logits_processor', 'Inputs': [[97, 2048]]}
0.0%	84.999 μs	1	84.999 μs	84.999 μs	84.999 μs	84.999 μs	0 ns	PushPop	:{'Module': 'LlamaForCausalLM.model.layers.0.mlp.gate_up_proj', 'TrainableParams': {'weight': [16384, 2048]}, 'Inputs': [[68, 2048]]}
0.0%	84.945 μs	1	84.945 μs	84.945 μs	84.945 μs	84.945 μs	0 ns	PushPop	:{'Module': 'LlamaForCausalLM.model.layers.9.self_attn.o_proj', 'TrainableParams': {'weight': [2048, 2048]}, 'Inputs': [[36, 2048]]}
0.0%	84.365 μs	1	84.365 μs	84.365 μs	84.365 μs	84.365 μs	0 ns	PushPop	:{'Module': 'LlamaForCausalLM.model.layers.12.self_attn.o_proj', 'TrainableParams': {'weight': [2048, 2048]}, 'Inputs': [[36, 2048]]}
0.0%	84.355 μs	1	84.355 μs	84.355 μs	84.355 μs	84.355 μs	0 ns	PushPop	:{'Module': 'LlamaForCausalLM.logits_processor', 'Inputs': [[52, 2048]]}
0.0%	84.225 μs	1	84.225 μs	84.225 μs	84.225 μs	84.225 μs	0 ns	PushPop	:{'Module': 'LlamaForCausalLM.logits_processor', 'Inputs': [[20, 2048]]}
0.0%	83.953 μs	1	83.953 μs	83.953 μs	83.953 μs	83.953 μs	0 ns	PushPop	:{'Module': 'LlamaForCausalLM.model.layers.13.self_attn.o_proj', 'TrainableParams': {'weight': [2048, 2048]}, 'Inputs': [[36, 2048]]}
0.0%	83.689 μs	1	83.689 μs	83.689 μs	83.689 μs	83.689 μs	0 ns	PushPop	:{'Module': 'LlamaForCausalLM.logits_processor', 'Inputs': [[4, 2048]]}
0.0%	82.869 μs	1	82.869 μs	82.869 μs	82.869 μs	82.869 μs	0 ns	PushPop	:{'Module': 'LlamaForCausalLM.logits_processor', 'Inputs': [[68, 2048]]}
0.0%	82.734 μs	1	82.734 μs	82.734 μs	82.734 μs	82.734 μs	0 ns	PushPop	:{'Module': 'LlamaForCausalLM.model.layers.15.mlp.gate_up_proj', 'TrainableParams': {'weight': [16384, 2048]}, 'Inputs': [[16, 2048]]}
0.0%	82.590 μs	1	82.590 μs	82.590 μs	82.590 μs	82.590 μs	0 ns	PushPop	:{'Module': 'LlamaForCausalLM.model.layers.0.self_attn.qkv_proj', 'TrainableParams': {'weight': [3072, 2048]}, 'Inputs': [[20, 2048]]}
0.0%	82.429 μs	1	82.429 μs	82.429 μs	82.429 μs	82.429 μs	0 ns	PushPop	:{'Module': 'LlamaForCausalLM.model.layers.0.mlp.gate_up_proj', 'TrainableParams': {'weight': [16384, 2048]}, 'Inputs': [[52, 2048]]}
0.0%	81.992 μs	1	81.992 μs	81.992 μs	81.992 μs	81.992 μs	0 ns	PushPop	:{'Module': 'LlamaForCausalLM.model.layers.0.mlp.act_fn', 'Inputs': [[512, 16384]]}
0.0%	79.503 μs	1	79.503 μs	79.503 μs	79.503 μs	79.503 μs	0 ns	PushPop	:{'Module': 'LlamaForCausalLM.model.layers.0.mlp.act_fn', 'Inputs': [[52, 16384]]}
0.0%	79.455 μs	1	79.455 μs	79.455 μs	79.455 μs	79.455 μs	0 ns	PushPop	:{'Module': 'LlamaForCausalLM.model.layers.0.mlp.down_proj', 'TrainableParams': {'weight': [2048, 8192]}, 'Inputs': [[16, 8192]]}
0.0%	79.217 μs	1	79.217 μs	79.217 μs	79.217 μs	79.217 μs	0 ns	PushPop	:{'Module': 'LlamaForCausalLM.model.layers.4.self_attn.o_proj', 'TrainableParams': {'weight': [2048, 2048]}, 'Inputs': [[68, 2048]]}
0.0%	79.115 μs	1	79.115 μs	79.115 μs	79.115 μs	79.115 μs	0 ns	PushPop	:{'Module': 'LlamaForCausalLM.model.layers.1.self_attn.o_proj', 'TrainableParams': {'weight': [2048, 2048]}, 'Inputs': [[84, 2048]]}
0.0%	79.091 μs	1	79.091 μs	79.091 μs	79.091 μs	79.091 μs	0 ns	PushPop	:{'Module': 'LlamaForCausalLM.model.layers.8.self_attn.o_proj', 'TrainableParams': {'weight': [2048, 2048]}, 'Inputs': [[20, 2048]]}
0.0%	77.600 μs	1	77.600 μs	77.600 μs	77.600 μs	77.600 μs	0 ns	PushPop	:{'Module': 'LlamaForCausalLM.model.layers.0.mlp.down_proj', 'TrainableParams': {'weight': [2048, 8192]}, 'Inputs': [[84, 8192]]}
0.0%	77.359 μs	1	77.359 μs	77.359 μs	77.359 μs	77.359 μs	0 ns	PushPop	:{'Module': 'LlamaForCausalLM.model.layers.1.self_attn.o_proj', 'TrainableParams': {'weight': [2048, 2048]}, 'Inputs': [[16, 2048]]}
0.0%	77.184 μs	1	77.184 μs	77.184 μs	77.184 μs	77.184 μs	0 ns	PushPop	:{'Module': 'LlamaForCausalLM.model.layers.0.mlp.act_fn', 'Inputs': [[256, 16384]]}
0.0%	76.973 μs	1	76.973 μs	76.973 μs	76.973 μs	76.973 μs	0 ns	PushPop	:{'Module': 'LlamaForCausalLM.model.layers.1.self_attn.o_proj', 'TrainableParams': {'weight': [2048, 2048]}, 'Inputs': [[52, 2048]]}
0.0%	76.864 μs	1	76.864 μs	76.864 μs	76.864 μs	76.864 μs	0 ns	PushPop	:{'Module': 'LlamaForCausalLM.model.layers.8.mlp.gate_up_proj', 'TrainableParams': {'weight': [16384, 2048]}, 'Inputs': [[36, 2048]]}
0.0%	76.725 μs	1	76.725 μs	76.725 μs	76.725 μs	76.725 μs	0 ns	PushPop	:{'Module': 'LlamaForCausalLM.model.layers.7.self_attn.o_proj', 'TrainableParams': {'weight': [2048, 2048]}, 'Inputs': [[512, 2048]]}
0.0%	76.419 μs	1	76.419 μs	76.419 μs	76.419 μs	76.419 μs	0 ns	PushPop	:{'Module': 'LlamaForCausalLM.model.layers.8.self_attn.o_proj', 'TrainableParams': {'weight': [2048, 2048]}, 'Inputs': [[36, 2048]]}
0.0%	76.052 μs	1	76.052 μs	76.052 μs	76.052 μs	76.052 μs	0 ns	PushPop	:{'Module': 'LlamaForCausalLM.model.layers.6.self_attn.o_proj', 'TrainableParams': {'weight': [2048, 2048]}, 'Inputs': [[1873, 2048]]}
0.0%	75.954 μs	1	75.954 μs	75.954 μs	75.954 μs	75.954 μs	0 ns	PushPop	:{'Module': 'LlamaForCausalLM.model.layers.14.self_attn.o_proj', 'TrainableParams': {'weight': [2048, 2048]}, 'Inputs': [[36, 2048]]}
0.0%	75.791 μs	1	75.791 μs	75.791 μs	75.791 μs	75.791 μs	0 ns	PushPop	:{'Module': 'LlamaForCausalLM.model.layers.0.mlp.down_proj', 'TrainableParams': {'weight': [2048, 8192]}, 'Inputs': [[1873, 8192]]}
0.0%	75.632 μs	1	75.632 μs	75.632 μs	75.632 μs	75.632 μs	0 ns	PushPop	:{'Module': 'LlamaForCausalLM.model.layers.0.mlp.down_proj', 'TrainableParams': {'weight': [2048, 8192]}, 'Inputs': [[99, 8192]]}
0.0%	75.547 μs	1	75.547 μs	75.547 μs	75.547 μs	75.547 μs	0 ns	PushPop	:{'Module': 'LlamaForCausalLM.model.layers.11.self_attn.qkv_proj', 'TrainableParams': {'weight': [3072, 2048]}, 'Inputs': [[16, 2048]]}
0.0%	75.531 μs	1	75.531 μs	75.531 μs	75.531 μs	75.531 μs	0 ns	PushPop	:{'Module': 'LlamaForCausalLM.model.layers.14.self_attn.o_proj', 'TrainableParams': {'weight': [2048, 2048]}, 'Inputs': [[84, 2048]]}
0.0%	75.503 μs	1	75.503 μs	75.503 μs	75.503 μs	75.503 μs	0 ns	PushPop	:{'Module': 'LlamaForCausalLM.model.layers.2.self_attn.o_proj', 'TrainableParams': {'weight': [2048, 2048]}, 'Inputs': [[36, 2048]]}
0.0%	75.114 μs	1	75.114 μs	75.114 μs	75.114 μs	75.114 μs	0 ns	PushPop	:{'Module': 'LlamaForCausalLM.model.layers.1.self_attn.o_proj', 'TrainableParams': {'weight': [2048, 2048]}, 'Inputs': [[99, 2048]]}
0.0%	74.864 μs	1	74.864 μs	74.864 μs	74.864 μs	74.864 μs	0 ns	PushPop	:{'Module': 'LlamaForCausalLM.model.layers.8.self_attn.qkv_proj', 'TrainableParams': {'weight': [3072, 2048]}, 'Inputs': [[68, 2048]]}
0.0%	74.633 μs	1	74.633 μs	74.633 μs	74.633 μs	74.633 μs	0 ns	PushPop	:{'Module': 'LlamaForCausalLM.model.layers.7.mlp.gate_up_proj', 'TrainableParams': {'weight': [16384, 2048]}, 'Inputs': [[36, 2048]]}
0.0%	74.549 μs	1	74.549 μs	74.549 μs	74.549 μs	74.549 μs	0 ns	PushPop	:{'Module': 'LlamaForCausalLM.model.layers.15.self_attn.o_proj', 'TrainableParams': {'weight': [2048, 2048]}, 'Inputs': [[68, 2048]]}
0.0%	74.339 μs	1	74.339 μs	74.339 μs	74.339 μs	74.339 μs	0 ns	PushPop	:{'Module': 'LlamaForCausalLM.model.layers.0.mlp.down_proj', 'TrainableParams': {'weight': [2048, 8192]}, 'Inputs': [[20, 8192]]}
0.0%	74.049 μs	1	74.049 μs	74.049 μs	74.049 μs	74.049 μs	0 ns	PushPop	:{'Module': 'LlamaForCausalLM.model.layers.12.self_attn.o_proj', 'TrainableParams': {'weight': [2048, 2048]}, 'Inputs': [[84, 2048]]}
0.0%	74.049 μs	1	74.049 μs	74.049 μs	74.049 μs	74.049 μs	0 ns	PushPop	:{'Module': 'LlamaForCausalLM.model.layers.4.mlp.gate_up_proj', 'TrainableParams': {'weight': [16384, 2048]}, 'Inputs': [[512, 2048]]}
0.0%	73.859 μs	1	73.859 μs	73.859 μs	73.859 μs	73.859 μs	0 ns	PushPop	:{'Module': 'LlamaForCausalLM.model.layers.14.self_attn.o_proj', 'TrainableParams': {'weight': [2048, 2048]}, 'Inputs': [[1873, 2048]]}
0.0%	73.846 μs	1	73.846 μs	73.846 μs	73.846 μs	73.846 μs	0 ns	PushPop	:{'Module': 'LlamaForCausalLM.model.layers.4.self_attn.o_proj', 'TrainableParams': {'weight': [2048, 2048]}, 'Inputs': [[512, 2048]]}
0.0%	73.823 μs	1	73.823 μs	73.823 μs	73.823 μs	73.823 μs	0 ns	PushPop	:{'Module': 'LlamaForCausalLM.model.layers.10.self_attn.o_proj', 'TrainableParams': {'weight': [2048, 2048]}, 'Inputs': [[256, 2048]]}
0.0%	73.822 μs	1	73.822 μs	73.822 μs	73.822 μs	73.822 μs	0 ns	PushPop	:{'Module': 'LlamaForCausalLM.model.layers.5.mlp.gate_up_proj', 'TrainableParams': {'weight': [16384, 2048]}, 'Inputs': [[1873, 2048]]}
0.0%	73.680 μs	1	73.680 μs	73.680 μs	73.680 μs	73.680 μs	0 ns	PushPop	:{'Module': 'LlamaForCausalLM.model.layers.1.self_attn.o_proj', 'TrainableParams': {'weight': [2048, 2048]}, 'Inputs': [[36, 2048]]}
0.0%	73.620 μs	1	73.620 μs	73.620 μs	73.620 μs	73.620 μs	0 ns	PushPop	:{'Module': 'LlamaForCausalLM.model.layers.1.self_attn.qkv_proj', 'TrainableParams': {'weight': [3072, 2048]}, 'Inputs': [[16, 2048]]}
0.0%	73.604 μs	1	73.604 μs	73.604 μs	73.604 μs	73.604 μs	0 ns	PushPop	:{'Module': 'LlamaForCausalLM.model.layers.0.mlp.gate_up_proj', 'TrainableParams': {'weight': [16384, 2048]}, 'Inputs': [[99, 2048]]}
0.0%	73.373 μs	1	73.373 μs	73.373 μs	73.373 μs	73.373 μs	0 ns	PushPop	:{'Module': 'LlamaForCausalLM.model.layers.7.self_attn.o_proj', 'TrainableParams': {'weight': [2048, 2048]}, 'Inputs': [[68, 2048]]}
0.0%	73.367 μs	1	73.367 μs	73.367 μs	73.367 μs	73.367 μs	0 ns	PushPop	:{'Module': 'LlamaForCausalLM.model.layers.4.self_attn.o_proj', 'TrainableParams': {'weight': [2048, 2048]}, 'Inputs': [[36, 2048]]}
0.0%	73.267 μs	1	73.267 μs	73.267 μs	73.267 μs	73.267 μs	0 ns	PushPop	:{'Module': 'LlamaForCausalLM.model.layers.8.self_attn.o_proj', 'TrainableParams': {'weight': [2048, 2048]}, 'Inputs': [[4, 2048]]}
0.0%	73.027 μs	1	73.027 μs	73.027 μs	73.027 μs	73.027 μs	0 ns	PushPop	:{'Module': 'LlamaForCausalLM.model.layers.3.self_attn.o_proj', 'TrainableParams': {'weight': [2048, 2048]}, 'Inputs': [[36, 2048]]}
0.0%	72.969 μs	1	72.969 μs	72.969 μs	72.969 μs	72.969 μs	0 ns	PushPop	:{'Module': 'LlamaForCausalLM.model.layers.9.self_attn.qkv_proj', 'TrainableParams': {'weight': [3072, 2048]}, 'Inputs': [[99, 2048]]}
0.0%	72.840 μs	1	72.840 μs	72.840 μs	72.840 μs	72.840 μs	0 ns	PushPop	:{'Module': 'LlamaForCausalLM.model.layers.9.self_attn.o_proj', 'TrainableParams': {'weight': [2048, 2048]}, 'Inputs': [[512, 2048]]}
0.0%	72.793 μs	1	72.793 μs	72.793 μs	72.793 μs	72.793 μs	0 ns	PushPop	:{'Module': 'LlamaForCausalLM.model.layers.1.self_attn.o_proj', 'TrainableParams': {'weight': [2048, 2048]}, 'Inputs': [[20, 2048]]}
0.0%	72.643 μs	1	72.643 μs	72.643 μs	72.643 μs	72.643 μs	0 ns	PushPop	:{'Module': 'LlamaForCausalLM.model.layers.13.mlp.gate_up_proj', 'TrainableParams': {'weight': [16384, 2048]}, 'Inputs': [[16, 2048]]}
0.0%	72.466 μs	1	72.466 μs	72.466 μs	72.466 μs	72.466 μs	0 ns	PushPop	:{'Module': 'LlamaForCausalLM.model.layers.7.self_attn.o_proj', 'TrainableParams': {'weight': [2048, 2048]}, 'Inputs': [[4, 2048]]}
0.0%	72.436 μs	1	72.436 μs	72.436 μs	72.436 μs	72.436 μs	0 ns	PushPop	:{'Module': 'LlamaForCausalLM.model.layers.1.self_attn.o_proj', 'TrainableParams': {'weight': [2048, 2048]}, 'Inputs': [[68, 2048]]}
0.0%	72.319 μs	1	72.319 μs	72.319 μs	72.319 μs	72.319 μs	0 ns	PushPop	:{'Module': 'LlamaForCausalLM.model.layers.13.mlp.gate_up_proj', 'TrainableParams': {'weight': [16384, 2048]}, 'Inputs': [[84, 2048]]}
0.0%	72.231 μs	1	72.231 μs	72.231 μs	72.231 μs	72.231 μs	0 ns	PushPop	:{'Module': 'LlamaForCausalLM.model.layers.10.mlp.down_proj', 'TrainableParams': {'weight': [2048, 8192]}, 'Inputs': [[256, 8192]]}
0.0%	72.174 μs	1	72.174 μs	72.174 μs	72.174 μs	72.174 μs	0 ns	PushPop	:{'Module': 'LlamaForCausalLM.model.layers.1.mlp.down_proj', 'TrainableParams': {'weight': [2048, 8192]}, 'Inputs': [[16, 8192]]}
0.0%	71.905 μs	1	71.905 μs	71.905 μs	71.905 μs	71.905 μs	0 ns	PushPop	:{'Module': 'LlamaForCausalLM.model.layers.0.mlp.gate_up_proj', 'TrainableParams': {'weight': [16384, 2048]}, 'Inputs': [[1873, 2048]]}
0.0%	71.817 μs	1	71.817 μs	71.817 μs	71.817 μs	71.817 μs	0 ns	PushPop	:{'Module': 'LlamaForCausalLM.model.layers.10.self_attn.qkv_proj', 'TrainableParams': {'weight': [3072, 2048]}, 'Inputs': [[99, 2048]]}
0.0%	71.776 μs	1	71.776 μs	71.776 μs	71.776 μs	71.776 μs	0 ns	PushPop	:{'Module': 'LlamaForCausalLM.model.layers.2.self_attn.o_proj', 'TrainableParams': {'weight': [2048, 2048]}, 'Inputs': [[256, 2048]]}
0.0%	71.519 μs	1	71.519 μs	71.519 μs	71.519 μs	71.519 μs	0 ns	PushPop	:{'Module': 'LlamaForCausalLM.model.layers.11.self_attn.o_proj', 'TrainableParams': {'weight': [2048, 2048]}, 'Inputs': [[512, 2048]]}
0.0%	71.317 μs	1	71.317 μs	71.317 μs	71.317 μs	71.317 μs	0 ns	PushPop	:{'Module': 'LlamaForCausalLM.model.layers.5.self_attn.qkv_proj', 'TrainableParams': {'weight': [3072, 2048]}, 'Inputs': [[256, 2048]]}
0.0%	71.310 μs	1	71.310 μs	71.310 μs	71.310 μs	71.310 μs	0 ns	PushPop	:{'Module': 'LlamaForCausalLM.model.layers.12.mlp.down_proj', 'TrainableParams': {'weight': [2048, 8192]}, 'Inputs': [[256, 8192]]}
0.0%	71.182 μs	1	71.182 μs	71.182 μs	71.182 μs	71.182 μs	0 ns	PushPop	:{'Module': 'LlamaForCausalLM.model.layers.14.self_attn.qkv_proj', 'TrainableParams': {'weight': [3072, 2048]}, 'Inputs': [[99, 2048]]}
0.0%	70.826 μs	1	70.826 μs	70.826 μs	70.826 μs	70.826 μs	0 ns	PushPop	:{'Module': 'LlamaForCausalLM.model.layers.1.self_attn.qkv_proj', 'TrainableParams': {'weight': [3072, 2048]}, 'Inputs': [[256, 2048]]}
0.0%	70.794 μs	1	70.794 μs	70.794 μs	70.794 μs	70.794 μs	0 ns	PushPop	:{'Module': 'LlamaForCausalLM.model.layers.11.self_attn.qkv_proj', 'TrainableParams': {'weight': [3072, 2048]}, 'Inputs': [[52, 2048]]}
0.0%	70.544 μs	1	70.544 μs	70.544 μs	70.544 μs	70.544 μs	0 ns	PushPop	:{'Module': 'LlamaForCausalLM.model.layers.3.self_attn.o_proj', 'TrainableParams': {'weight': [2048, 2048]}, 'Inputs': [[1873, 2048]]}
0.0%	70.275 μs	1	70.275 μs	70.275 μs	70.275 μs	70.275 μs	0 ns	PushPop	:{'Module': 'LlamaForCausalLM.model.layers.1.self_attn.qkv_proj', 'TrainableParams': {'weight': [3072, 2048]}, 'Inputs': [[4, 2048]]}
0.0%	70.261 μs	1	70.261 μs	70.261 μs	70.261 μs	70.261 μs	0 ns	PushPop	:{'Module': 'LlamaForCausalLM.model.layers.5.self_attn.qkv_proj', 'TrainableParams': {'weight': [3072, 2048]}, 'Inputs': [[84, 2048]]}
0.0%	70.138 μs	1	70.138 μs	70.138 μs	70.138 μs	70.138 μs	0 ns	PushPop	:{'Module': 'LlamaForCausalLM.model.layers.6.self_attn.o_proj', 'TrainableParams': {'weight': [2048, 2048]}, 'Inputs': [[99, 2048]]}
0.0%	70.065 μs	1	70.065 μs	70.065 μs	70.065 μs	70.065 μs	0 ns	PushPop	:{'Module': 'LlamaForCausalLM.model.layers.12.mlp.act_fn', 'Inputs': [[52, 16384]]}
0.0%	70.053 μs	1	70.053 μs	70.053 μs	70.053 μs	70.053 μs	0 ns	PushPop	:{'Module': 'LlamaForCausalLM.model.layers.7.self_attn.qkv_proj', 'TrainableParams': {'weight': [3072, 2048]}, 'Inputs': [[84, 2048]]}
0.0%	69.913 μs	1	69.913 μs	69.913 μs	69.913 μs	69.913 μs	0 ns	PushPop	:{'Module': 'LlamaForCausalLM.model.layers.12.self_attn.qkv_proj', 'TrainableParams': {'weight': [3072, 2048]}, 'Inputs': [[16, 2048]]}
0.0%	69.907 μs	1	69.907 μs	69.907 μs	69.907 μs	69.907 μs	0 ns	PushPop	:{'Module': 'LlamaForCausalLM.model.layers.3.self_attn.o_proj', 'TrainableParams': {'weight': [2048, 2048]}, 'Inputs': [[52, 2048]]}
0.0%	69.767 μs	1	69.767 μs	69.767 μs	69.767 μs	69.767 μs	0 ns	PushPop	:{'Module': 'LlamaForCausalLM.model.layers.0.mlp.act_fn', 'Inputs': [[16, 16384]]}
0.0%	69.522 μs	1	69.522 μs	69.522 μs	69.522 μs	69.522 μs	0 ns	PushPop	:{'Module': 'LlamaForCausalLM.model.layers.1.self_attn.qkv_proj', 'TrainableParams': {'weight': [3072, 2048]}, 'Inputs': [[36, 2048]]}
0.0%	69.495 μs	1	69.495 μs	69.495 μs	69.495 μs	69.495 μs	0 ns	PushPop	:{'Module': 'LlamaForCausalLM.model.layers.10.self_attn.qkv_proj', 'TrainableParams': {'weight': [3072, 2048]}, 'Inputs': [[1873, 2048]]}
0.0%	69.448 μs	1	69.448 μs	69.448 μs	69.448 μs	69.448 μs	0 ns	PushPop	:{'Module': 'LlamaForCausalLM.model.layers.7.self_attn.o_proj', 'TrainableParams': {'weight': [2048, 2048]}, 'Inputs': [[52, 2048]]}
0.0%	69.414 μs	1	69.414 μs	69.414 μs	69.414 μs	69.414 μs	0 ns	PushPop	:{'Module': 'LlamaForCausalLM.model.layers.4.self_attn.qkv_proj', 'TrainableParams': {'weight': [3072, 2048]}, 'Inputs': [[16, 2048]]}
0.0%	69.370 μs	1	69.370 μs	69.370 μs	69.370 μs	69.370 μs	0 ns	PushPop	:{'Module': 'LlamaForCausalLM.model.layers.5.self_attn.o_proj', 'TrainableParams': {'weight': [2048, 2048]}, 'Inputs': [[52, 2048]]}
0.0%	69.299 μs	1	69.299 μs	69.299 μs	69.299 μs	69.299 μs	0 ns	PushPop	:{'Module': 'LlamaForCausalLM.model.layers.12.self_attn.qkv_proj', 'TrainableParams': {'weight': [3072, 2048]}, 'Inputs': [[256, 2048]]}
0.0%	69.219 μs	1	69.219 μs	69.219 μs	69.219 μs	69.219 μs	0 ns	PushPop	:{'Module': 'LlamaForCausalLM.model.layers.13.mlp.gate_up_proj', 'TrainableParams': {'weight': [16384, 2048]}, 'Inputs': [[512, 2048]]}
0.0%	69.193 μs	1	69.193 μs	69.193 μs	69.193 μs	69.193 μs	0 ns	PushPop	:{'Module': 'LlamaForCausalLM.model.layers.0.input_layernorm', 'TrainableParams': {'weight': [2048]}, 'Inputs': [[99, 2048]]}
0.0%	69.061 μs	1	69.061 μs	69.061 μs	69.061 μs	69.061 μs	0 ns	PushPop	:{'Module': 'LlamaForCausalLM.model.layers.11.self_attn.o_proj', 'TrainableParams': {'weight': [2048, 2048]}, 'Inputs': [[52, 2048]]}
0.0%	69.009 μs	1	69.009 μs	69.009 μs	69.009 μs	69.009 μs	0 ns	PushPop	:{'Module': 'LlamaForCausalLM.model.layers.1.mlp.down_proj', 'TrainableParams': {'weight': [2048, 8192]}, 'Inputs': [[256, 8192]]}
0.0%	68.900 μs	1	68.900 μs	68.900 μs	68.900 μs	68.900 μs	0 ns	PushPop	:{'Module': 'LlamaForCausalLM.model.layers.13.mlp.down_proj', 'TrainableParams': {'weight': [2048, 8192]}, 'Inputs': [[512, 8192]]}
0.0%	68.884 μs	1	68.884 μs	68.884 μs	68.884 μs	68.884 μs	0 ns	PushPop	:{'Module': 'LlamaForCausalLM.model.layers.11.mlp.down_proj', 'TrainableParams': {'weight': [2048, 8192]}, 'Inputs': [[256, 8192]]}
0.0%	68.876 μs	1	68.876 μs	68.876 μs	68.876 μs	68.876 μs	0 ns	PushPop	:{'Module': 'LlamaForCausalLM.model.layers.14.self_attn.o_proj', 'TrainableParams': {'weight': [2048, 2048]}, 'Inputs': [[52, 2048]]}
0.0%	68.845 μs	1	68.845 μs	68.845 μs	68.845 μs	68.845 μs	0 ns	PushPop	:{'Module': 'LlamaForCausalLM.model.layers.7.mlp.down_proj', 'TrainableParams': {'weight': [2048, 8192]}, 'Inputs': [[256, 8192]]}
0.0%	68.625 μs	1	68.625 μs	68.625 μs	68.625 μs	68.625 μs	0 ns	PushPop	:{'Module': 'LlamaForCausalLM.model.layers.10.self_attn.o_proj', 'TrainableParams': {'weight': [2048, 2048]}, 'Inputs': [[36, 2048]]}
0.0%	68.338 μs	1	68.338 μs	68.338 μs	68.338 μs	68.338 μs	0 ns	PushPop	:{'Module': 'LlamaForCausalLM.model.layers.4.mlp.down_proj', 'TrainableParams': {'weight': [2048, 8192]}, 'Inputs': [[84, 8192]]}
0.0%	68.303 μs	1	68.303 μs	68.303 μs	68.303 μs	68.303 μs	0 ns	PushPop	:{'Module': 'LlamaForCausalLM.model.layers.1.self_attn.qkv_proj', 'TrainableParams': {'weight': [3072, 2048]}, 'Inputs': [[99, 2048]]}
0.0%	68.217 μs	1	68.217 μs	68.217 μs	68.217 μs	68.217 μs	0 ns	PushPop	:{'Module': 'LlamaForCausalLM.model.layers.2.self_attn.o_proj', 'TrainableParams': {'weight': [2048, 2048]}, 'Inputs': [[16, 2048]]}
0.0%	68.149 μs	1	68.149 μs	68.149 μs	68.149 μs	68.149 μs	0 ns	PushPop	:{'Module': 'LlamaForCausalLM.model.layers.8.self_attn.o_proj', 'TrainableParams': {'weight': [2048, 2048]}, 'Inputs': [[52, 2048]]}
0.0%	68.051 μs	1	68.051 μs	68.051 μs	68.051 μs	68.051 μs	0 ns	PushPop	:{'Module': 'LlamaForCausalLM.model.layers.11.self_attn.qkv_proj', 'TrainableParams': {'weight': [3072, 2048]}, 'Inputs': [[68, 2048]]}
0.0%	67.915 μs	1	67.915 μs	67.915 μs	67.915 μs	67.915 μs	0 ns	PushPop	:{'Module': 'LlamaForCausalLM.model.layers.6.self_attn.o_proj', 'TrainableParams': {'weight': [2048, 2048]}, 'Inputs': [[52, 2048]]}
0.0%	67.886 μs	1	67.886 μs	67.886 μs	67.886 μs	67.886 μs	0 ns	PushPop	:{'Module': 'LlamaForCausalLM.model.layers.6.self_attn.qkv_proj', 'TrainableParams': {'weight': [3072, 2048]}, 'Inputs': [[512, 2048]]}
0.0%	67.870 μs	1	67.870 μs	67.870 μs	67.870 μs	67.870 μs	0 ns	PushPop	:{'Module': 'LlamaForCausalLM.model.layers.8.mlp.down_proj', 'TrainableParams': {'weight': [2048, 8192]}, 'Inputs': [[256, 8192]]}
0.0%	67.828 μs	1	67.828 μs	67.828 μs	67.828 μs	67.828 μs	0 ns	PushPop	:{'Module': 'LlamaForCausalLM.model.layers.13.mlp.down_proj', 'TrainableParams': {'weight': [2048, 8192]}, 'Inputs': [[99, 8192]]}
0.0%	67.661 μs	1	67.661 μs	67.661 μs	67.661 μs	67.661 μs	0 ns	PushPop	:{'Module': 'LlamaForCausalLM.model.layers.6.mlp.down_proj', 'TrainableParams': {'weight': [2048, 8192]}, 'Inputs': [[256, 8192]]}
0.0%	67.657 μs	1	67.657 μs	67.657 μs	67.657 μs	67.657 μs	0 ns	PushPop	:{'Module': 'LlamaForCausalLM.model.layers.1.mlp.gate_up_proj', 'TrainableParams': {'weight': [16384, 2048]}, 'Inputs': [[52, 2048]]}
0.0%	67.640 μs	1	67.640 μs	67.640 μs	67.640 μs	67.640 μs	0 ns	PushPop	:{'Module': 'LlamaForCausalLM.model.layers.1.self_attn.qkv_proj', 'TrainableParams': {'weight': [3072, 2048]}, 'Inputs': [[52, 2048]]}
0.0%	67.523 μs	1	67.523 μs	67.523 μs	67.523 μs	67.523 μs	0 ns	PushPop	:{'Module': 'LlamaForCausalLM.model.layers.6.self_attn.o_proj', 'TrainableParams': {'weight': [2048, 2048]}, 'Inputs': [[84, 2048]]}
0.0%	67.445 μs	1	67.445 μs	67.445 μs	67.445 μs	67.445 μs	0 ns	PushPop	:{'Module': 'LlamaForCausalLM.model.layers.13.self_attn.o_proj', 'TrainableParams': {'weight': [2048, 2048]}, 'Inputs': [[16, 2048]]}
0.0%	67.394 μs	1	67.394 μs	67.394 μs	67.394 μs	67.394 μs	0 ns	PushPop	:{'Module': 'LlamaForCausalLM.model.layers.7.self_attn.o_proj', 'TrainableParams': {'weight': [2048, 2048]}, 'Inputs': [[99, 2048]]}
0.0%	67.376 μs	1	67.376 μs	67.376 μs	67.376 μs	67.376 μs	0 ns	PushPop	:{'Module': 'LlamaForCausalLM.model.layers.9.self_attn.o_proj', 'TrainableParams': {'weight': [2048, 2048]}, 'Inputs': [[52, 2048]]}
0.0%	67.352 μs	1	67.352 μs	67.352 μs	67.352 μs	67.352 μs	0 ns	PushPop	:{'Module': 'LlamaForCausalLM.model.layers.3.self_attn.o_proj', 'TrainableParams': {'weight': [2048, 2048]}, 'Inputs': [[99, 2048]]}
0.0%	67.147 μs	1	67.147 μs	67.147 μs	67.147 μs	67.147 μs	0 ns	PushPop	:{'Module': 'LlamaForCausalLM.model.layers.4.mlp.gate_up_proj', 'TrainableParams': {'weight': [16384, 2048]}, 'Inputs': [[68, 2048]]}
0.0%	67.116 μs	1	67.116 μs	67.116 μs	67.116 μs	67.116 μs	0 ns	PushPop	:{'Module': 'LlamaForCausalLM.model.layers.11.self_attn.o_proj', 'TrainableParams': {'weight': [2048, 2048]}, 'Inputs': [[36, 2048]]}
0.0%	67.100 μs	1	67.100 μs	67.100 μs	67.100 μs	67.100 μs	0 ns	PushPop	:{'Module': 'LlamaForCausalLM.model.layers.11.self_attn.qkv_proj', 'TrainableParams': {'weight': [3072, 2048]}, 'Inputs': [[1873, 2048]]}
0.0%	66.956 μs	1	66.956 μs	66.956 μs	66.956 μs	66.956 μs	0 ns	PushPop	:{'Module': 'LlamaForCausalLM.model.layers.4.self_attn.o_proj', 'TrainableParams': {'weight': [2048, 2048]}, 'Inputs': [[84, 2048]]}
0.0%	66.949 μs	1	66.949 μs	66.949 μs	66.949 μs	66.949 μs	0 ns	PushPop	:{'Module': 'LlamaForCausalLM.model.layers.10.self_attn.o_proj', 'TrainableParams': {'weight': [2048, 2048]}, 'Inputs': [[52, 2048]]}
0.0%	66.936 μs	1	66.936 μs	66.936 μs	66.936 μs	66.936 μs	0 ns	PushPop	:{'Module': 'LlamaForCausalLM.model.layers.4.mlp.gate_up_proj', 'TrainableParams': {'weight': [16384, 2048]}, 'Inputs': [[99, 2048]]}
0.0%	66.872 μs	1	66.872 μs	66.872 μs	66.872 μs	66.872 μs	0 ns	PushPop	:{'Module': 'LlamaForCausalLM.model.layers.2.self_attn.o_proj', 'TrainableParams': {'weight': [2048, 2048]}, 'Inputs': [[84, 2048]]}
0.0%	66.845 μs	1	66.845 μs	66.845 μs	66.845 μs	66.845 μs	0 ns	PushPop	:{'Module': 'LlamaForCausalLM.model.layers.7.mlp.down_proj', 'TrainableParams': {'weight': [2048, 8192]}, 'Inputs': [[84, 8192]]}
0.0%	66.842 μs	1	66.842 μs	66.842 μs	66.842 μs	66.842 μs	0 ns	PushPop	:{'Module': 'LlamaForCausalLM.model.layers.12.mlp.gate_up_proj', 'TrainableParams': {'weight': [16384, 2048]}, 'Inputs': [[1873, 2048]]}
0.0%	66.758 μs	1	66.758 μs	66.758 μs	66.758 μs	66.758 μs	0 ns	PushPop	:{'Module': 'LlamaForCausalLM.model.layers.13.self_attn.o_proj', 'TrainableParams': {'weight': [2048, 2048]}, 'Inputs': [[52, 2048]]}
0.0%	66.652 μs	1	66.652 μs	66.652 μs	66.652 μs	66.652 μs	0 ns	PushPop	:{'Module': 'LlamaForCausalLM.model.layers.5.mlp.gate_up_proj', 'TrainableParams': {'weight': [16384, 2048]}, 'Inputs': [[512, 2048]]}
0.0%	66.520 μs	1	66.520 μs	66.520 μs	66.520 μs	66.520 μs	0 ns	PushPop	:{'Module': 'LlamaForCausalLM.model.layers.8.mlp.down_proj', 'TrainableParams': {'weight': [2048, 8192]}, 'Inputs': [[99, 8192]]}
0.0%	66.507 μs	1	66.507 μs	66.507 μs	66.507 μs	66.507 μs	0 ns	PushPop	:{'Module': 'LlamaForCausalLM.model.layers.15.mlp.gate_up_proj', 'TrainableParams': {'weight': [16384, 2048]}, 'Inputs': [[99, 2048]]}
0.0%	66.495 μs	1	66.495 μs	66.495 μs	66.495 μs	66.495 μs	0 ns	PushPop	:{'Module': 'LlamaForCausalLM.model.layers.10.self_attn.o_proj', 'TrainableParams': {'weight': [2048, 2048]}, 'Inputs': [[16, 2048]]}
0.0%	66.442 μs	1	66.442 μs	66.442 μs	66.442 μs	66.442 μs	0 ns	PushPop	:{'Module': 'LlamaForCausalLM.model.layers.11.self_attn.qkv_proj', 'TrainableParams': {'weight': [3072, 2048]}, 'Inputs': [[256, 2048]]}
0.0%	66.412 μs	1	66.412 μs	66.412 μs	66.412 μs	66.412 μs	0 ns	PushPop	:{'Module': 'LlamaForCausalLM.model.layers.5.mlp.down_proj', 'TrainableParams': {'weight': [2048, 8192]}, 'Inputs': [[36, 8192]]}
0.0%	66.362 μs	1	66.362 μs	66.362 μs	66.362 μs	66.362 μs	0 ns	PushPop	:{'Module': 'LlamaForCausalLM.model.layers.5.self_attn.o_proj', 'TrainableParams': {'weight': [2048, 2048]}, 'Inputs': [[99, 2048]]}
0.0%	66.340 μs	1	66.340 μs	66.340 μs	66.340 μs	66.340 μs	0 ns	PushPop	:{'Module': 'LlamaForCausalLM.model.layers.8.self_attn.o_proj', 'TrainableParams': {'weight': [2048, 2048]}, 'Inputs': [[68, 2048]]}
0.0%	66.334 μs	1	66.334 μs	66.334 μs	66.334 μs	66.334 μs	0 ns	PushPop	:{'Module': 'LlamaForCausalLM.model.layers.12.mlp.down_proj', 'TrainableParams': {'weight': [2048, 8192]}, 'Inputs': [[99, 8192]]}
0.0%	66.316 μs	1	66.316 μs	66.316 μs	66.316 μs	66.316 μs	0 ns	PushPop	:{'Module': 'LlamaForCausalLM.model.layers.9.mlp.down_proj', 'TrainableParams': {'weight': [2048, 8192]}, 'Inputs': [[256, 8192]]}
0.0%	66.300 μs	1	66.300 μs	66.300 μs	66.300 μs	66.300 μs	0 ns	PushPop	:{'Module': 'LlamaForCausalLM.model.layers.4.self_attn.o_proj', 'TrainableParams': {'weight': [2048, 2048]}, 'Inputs': [[52, 2048]]}
0.0%	66.134 μs	1	66.134 μs	66.134 μs	66.134 μs	66.134 μs	0 ns	PushPop	:{'Module': 'LlamaForCausalLM.model.layers.2.mlp.down_proj', 'TrainableParams': {'weight': [2048, 8192]}, 'Inputs': [[99, 8192]]}
0.0%	66.108 μs	1	66.108 μs	66.108 μs	66.108 μs	66.108 μs	0 ns	PushPop	:{'Module': 'LlamaForCausalLM.model.layers.4.self_attn.o_proj', 'TrainableParams': {'weight': [2048, 2048]}, 'Inputs': [[99, 2048]]}
0.0%	66.081 μs	1	66.081 μs	66.081 μs	66.081 μs	66.081 μs	0 ns	PushPop	:{'Module': 'LlamaForCausalLM.model.layers.4.self_attn.o_proj', 'TrainableParams': {'weight': [2048, 2048]}, 'Inputs': [[1873, 2048]]}
0.0%	66.073 μs	1	66.073 μs	66.073 μs	66.073 μs	66.073 μs	0 ns	PushPop	:{'Module': 'LlamaForCausalLM.model.layers.13.self_attn.o_proj', 'TrainableParams': {'weight': [2048, 2048]}, 'Inputs': [[99, 2048]]}
0.0%	66.012 μs	1	66.012 μs	66.012 μs	66.012 μs	66.012 μs	0 ns	PushPop	:{'Module': 'LlamaForCausalLM.model.layers.6.self_attn.o_proj', 'TrainableParams': {'weight': [2048, 2048]}, 'Inputs': [[4, 2048]]}
0.0%	65.982 μs	1	65.982 μs	65.982 μs	65.982 μs	65.982 μs	0 ns	PushPop	:{'Module': 'LlamaForCausalLM.model.layers.12.mlp.down_proj', 'TrainableParams': {'weight': [2048, 8192]}, 'Inputs': [[16, 8192]]}
0.0%	65.979 μs	1	65.979 μs	65.979 μs	65.979 μs	65.979 μs	0 ns	PushPop	:{'Module': 'LlamaForCausalLM.model.layers.3.self_attn.o_proj', 'TrainableParams': {'weight': [2048, 2048]}, 'Inputs': [[68, 2048]]}
0.0%	65.948 μs	1	65.948 μs	65.948 μs	65.948 μs	65.948 μs	0 ns	PushPop	:{'Module': 'LlamaForCausalLM.model.layers.9.mlp.gate_up_proj', 'TrainableParams': {'weight': [16384, 2048]}, 'Inputs': [[512, 2048]]}
0.0%	65.924 μs	1	65.924 μs	65.924 μs	65.924 μs	65.924 μs	0 ns	PushPop	:{'Module': 'LlamaForCausalLM.model.layers.3.self_attn.qkv_proj', 'TrainableParams': {'weight': [3072, 2048]}, 'Inputs': [[20, 2048]]}
0.0%	65.882 μs	1	65.882 μs	65.882 μs	65.882 μs	65.882 μs	0 ns	PushPop	:{'Module': 'LlamaForCausalLM.model.layers.8.self_attn.o_proj', 'TrainableParams': {'weight': [2048, 2048]}, 'Inputs': [[512, 2048]]}
0.0%	65.795 μs	1	65.795 μs	65.795 μs	65.795 μs	65.795 μs	0 ns	PushPop	:{'Module': 'LlamaForCausalLM.model.layers.8.self_attn.o_proj', 'TrainableParams': {'weight': [2048, 2048]}, 'Inputs': [[99, 2048]]}
0.0%	65.788 μs	1	65.788 μs	65.788 μs	65.788 μs	65.788 μs	0 ns	PushPop	:{'Module': 'LlamaForCausalLM.model.layers.12.self_attn.o_proj', 'TrainableParams': {'weight': [2048, 2048]}, 'Inputs': [[512, 2048]]}
0.0%	65.776 μs	1	65.776 μs	65.776 μs	65.776 μs	65.776 μs	0 ns	PushPop	:{'Module': 'LlamaForCausalLM.model.layers.6.self_attn.o_proj', 'TrainableParams': {'weight': [2048, 2048]}, 'Inputs': [[36, 2048]]}
0.0%	65.774 μs	1	65.774 μs	65.774 μs	65.774 μs	65.774 μs	0 ns	PushPop	:{'Module': 'LlamaForCausalLM.model.layers.10.self_attn.o_proj', 'TrainableParams': {'weight': [2048, 2048]}, 'Inputs': [[68, 2048]]}
0.0%	65.770 μs	1	65.770 μs	65.770 μs	65.770 μs	65.770 μs	0 ns	PushPop	:{'Module': 'LlamaForCausalLM.model.layers.15.mlp.down_proj', 'TrainableParams': {'weight': [2048, 8192]}, 'Inputs': [[256, 8192]]}
0.0%	65.712 μs	1	65.712 μs	65.712 μs	65.712 μs	65.712 μs	0 ns	PushPop	:{'Module': 'LlamaForCausalLM.model.layers.5.self_attn.o_proj', 'TrainableParams': {'weight': [2048, 2048]}, 'Inputs': [[16, 2048]]}
0.0%	65.657 μs	1	65.657 μs	65.657 μs	65.657 μs	65.657 μs	0 ns	PushPop	:{'Module': 'LlamaForCausalLM.model.layers.1.mlp.down_proj', 'TrainableParams': {'weight': [2048, 8192]}, 'Inputs': [[68, 8192]]}
0.0%	65.590 μs	1	65.590 μs	65.590 μs	65.590 μs	65.590 μs	0 ns	PushPop	:{'Module': 'LlamaForCausalLM.model.layers.4.self_attn.o_proj', 'TrainableParams': {'weight': [2048, 2048]}, 'Inputs': [[16, 2048]]}
0.0%	65.572 μs	1	65.572 μs	65.572 μs	65.572 μs	65.572 μs	0 ns	PushPop	:{'Module': 'LlamaForCausalLM.model.layers.5.self_attn.qkv_proj', 'TrainableParams': {'weight': [3072, 2048]}, 'Inputs': [[1873, 2048]]}
0.0%	65.554 μs	1	65.554 μs	65.554 μs	65.554 μs	65.554 μs	0 ns	PushPop	:{'Module': 'LlamaForCausalLM.model.layers.12.self_attn.o_proj', 'TrainableParams': {'weight': [2048, 2048]}, 'Inputs': [[68, 2048]]}
0.0%	65.471 μs	1	65.471 μs	65.471 μs	65.471 μs	65.471 μs	0 ns	PushPop	:{'Module': 'LlamaForCausalLM.model.layers.15.self_attn.o_proj', 'TrainableParams': {'weight': [2048, 2048]}, 'Inputs': [[256, 2048]]}
0.0%	65.393 μs	1	65.393 μs	65.393 μs	65.393 μs	65.393 μs	0 ns	PushPop	:{'Module': 'LlamaForCausalLM.model.layers.2.self_attn.o_proj', 'TrainableParams': {'weight': [2048, 2048]}, 'Inputs': [[99, 2048]]}
0.0%	65.380 μs	1	65.380 μs	65.380 μs	65.380 μs	65.380 μs	0 ns	PushPop	:{'Module': 'LlamaForCausalLM.model.layers.0.post_attention_layernorm', 'TrainableParams': {'weight': [2048]}, 'Inputs': [[512, 2048], [512, 2048]]}
0.0%	65.287 μs	1	65.287 μs	65.287 μs	65.287 μs	65.287 μs	0 ns	PushPop	:{'Module': 'LlamaForCausalLM.model.layers.11.self_attn.o_proj', 'TrainableParams': {'weight': [2048, 2048]}, 'Inputs': [[16, 2048]]}
0.0%	65.201 μs	1	65.201 μs	65.201 μs	65.201 μs	65.201 μs	0 ns	PushPop	:{'Module': 'LlamaForCausalLM.model.layers.15.self_attn.o_proj', 'TrainableParams': {'weight': [2048, 2048]}, 'Inputs': [[99, 2048]]}
0.0%	65.195 μs	1	65.195 μs	65.195 μs	65.195 μs	65.195 μs	0 ns	PushPop	:{'Module': 'LlamaForCausalLM.model.layers.5.self_attn.o_proj', 'TrainableParams': {'weight': [2048, 2048]}, 'Inputs': [[36, 2048]]}
0.0%	65.195 μs	1	65.195 μs	65.195 μs	65.195 μs	65.195 μs	0 ns	PushPop	:{'Module': 'LlamaForCausalLM.model.layers.9.self_attn.o_proj', 'TrainableParams': {'weight': [2048, 2048]}, 'Inputs': [[99, 2048]]}
0.0%	65.193 μs	1	65.193 μs	65.193 μs	65.193 μs	65.193 μs	0 ns	PushPop	:{'Module': 'LlamaForCausalLM.model.layers.14.mlp.down_proj', 'TrainableParams': {'weight': [2048, 8192]}, 'Inputs': [[256, 8192]]}
0.0%	65.176 μs	1	65.176 μs	65.176 μs	65.176 μs	65.176 μs	0 ns	PushPop	:{'Module': 'LlamaForCausalLM.model.layers.14.mlp.down_proj', 'TrainableParams': {'weight': [2048, 8192]}, 'Inputs': [[99, 8192]]}
0.0%	65.142 μs	1	65.142 μs	65.142 μs	65.142 μs	65.142 μs	0 ns	PushPop	:{'Module': 'LlamaForCausalLM.model.layers.15.mlp.down_proj', 'TrainableParams': {'weight': [2048, 8192]}, 'Inputs': [[512, 8192]]}
0.0%	65.123 μs	1	65.123 μs	65.123 μs	65.123 μs	65.123 μs	0 ns	PushPop	:{'Module': 'LlamaForCausalLM.model.layers.15.self_attn.o_proj', 'TrainableParams': {'weight': [2048, 2048]}, 'Inputs': [[36, 2048]]}
0.0%	65.117 μs	1	65.117 μs	65.117 μs	65.117 μs	65.117 μs	0 ns	PushPop	:{'Module': 'LlamaForCausalLM.model.layers.14.mlp.gate_up_proj', 'TrainableParams': {'weight': [16384, 2048]}, 'Inputs': [[52, 2048]]}
0.0%	65.066 μs	1	65.066 μs	65.066 μs	65.066 μs	65.066 μs	0 ns	PushPop	:{'Module': 'LlamaForCausalLM.model.layers.2.self_attn.o_proj', 'TrainableParams': {'weight': [2048, 2048]}, 'Inputs': [[68, 2048]]}
0.0%	65.064 μs	1	65.064 μs	65.064 μs	65.064 μs	65.064 μs	0 ns	PushPop	:{'Module': 'LlamaForCausalLM.model.layers.9.mlp.act_fn', 'Inputs': [[512, 16384]]}
0.0%	65.045 μs	1	65.045 μs	65.045 μs	65.045 μs	65.045 μs	0 ns	PushPop	:{'Module': 'LlamaForCausalLM.model.layers.6.self_attn.qkv_proj', 'TrainableParams': {'weight': [3072, 2048]}, 'Inputs': [[256, 2048]]}
0.0%	64.982 μs	1	64.982 μs	64.982 μs	64.982 μs	64.982 μs	0 ns	PushPop	:{'Module': 'LlamaForCausalLM.model.layers.6.self_attn.o_proj', 'TrainableParams': {'weight': [2048, 2048]}, 'Inputs': [[68, 2048]]}
0.0%	64.973 μs	1	64.973 μs	64.973 μs	64.973 μs	64.973 μs	0 ns	PushPop	:{'Module': 'LlamaForCausalLM.model.layers.12.self_attn.o_proj', 'TrainableParams': {'weight': [2048, 2048]}, 'Inputs': [[52, 2048]]}
0.0%	64.859 μs	1	64.859 μs	64.859 μs	64.859 μs	64.859 μs	0 ns	PushPop	:{'Module': 'LlamaForCausalLM.model.layers.14.self_attn.o_proj', 'TrainableParams': {'weight': [2048, 2048]}, 'Inputs': [[68, 2048]]}
0.0%	64.757 μs	1	64.757 μs	64.757 μs	64.757 μs	64.757 μs	0 ns	PushPop	:{'Module': 'LlamaForCausalLM.model.layers.12.mlp.down_proj', 'TrainableParams': {'weight': [2048, 8192]}, 'Inputs': [[4, 8192]]}
0.0%	64.668 μs	1	64.668 μs	64.668 μs	64.668 μs	64.668 μs	0 ns	PushPop	:{'Module': 'LlamaForCausalLM.model.layers.15.self_attn.o_proj', 'TrainableParams': {'weight': [2048, 2048]}, 'Inputs': [[512, 2048]]}
0.0%	64.646 μs	1	64.646 μs	64.646 μs	64.646 μs	64.646 μs	0 ns	PushPop	:{'Module': 'LlamaForCausalLM.model.layers.10.self_attn.qkv_proj', 'TrainableParams': {'weight': [3072, 2048]}, 'Inputs': [[256, 2048]]}
0.0%	64.621 μs	1	64.621 μs	64.621 μs	64.621 μs	64.621 μs	0 ns	PushPop	:{'Module': 'LlamaForCausalLM.model.layers.15.self_attn.o_proj', 'TrainableParams': {'weight': [2048, 2048]}, 'Inputs': [[52, 2048]]}
0.0%	64.603 μs	1	64.603 μs	64.603 μs	64.603 μs	64.603 μs	0 ns	PushPop	:{'Module': 'LlamaForCausalLM.model.layers.5.self_attn.o_proj', 'TrainableParams': {'weight': [2048, 2048]}, 'Inputs': [[68, 2048]]}
0.0%	64.562 μs	1	64.562 μs	64.562 μs	64.562 μs	64.562 μs	0 ns	PushPop	:{'Module': 'LlamaForCausalLM.model.layers.11.self_attn.o_proj', 'TrainableParams': {'weight': [2048, 2048]}, 'Inputs': [[84, 2048]]}
0.0%	64.526 μs	1	64.526 μs	64.526 μs	64.526 μs	64.526 μs	0 ns	PushPop	:{'Module': 'LlamaForCausalLM.model.layers.10.self_attn.o_proj', 'TrainableParams': {'weight': [2048, 2048]}, 'Inputs': [[1873, 2048]]}
0.0%	64.491 μs	1	64.491 μs	64.491 μs	64.491 μs	64.491 μs	0 ns	PushPop	:{'Module': 'LlamaForCausalLM.model.layers.8.self_attn.qkv_proj', 'TrainableParams': {'weight': [3072, 2048]}, 'Inputs': [[256, 2048]]}
0.0%	64.423 μs	1	64.423 μs	64.423 μs	64.423 μs	64.423 μs	0 ns	PushPop	:{'Module': 'LlamaForCausalLM.model.layers.11.self_attn.o_proj', 'TrainableParams': {'weight': [2048, 2048]}, 'Inputs': [[68, 2048]]}
0.0%	64.375 μs	1	64.375 μs	64.375 μs	64.375 μs	64.375 μs	0 ns	PushPop	:{'Module': 'LlamaForCausalLM.model.layers.14.mlp.down_proj', 'TrainableParams': {'weight': [2048, 8192]}, 'Inputs': [[512, 8192]]}
0.0%	64.357 μs	1	64.357 μs	64.357 μs	64.357 μs	64.357 μs	0 ns	PushPop	:{'Module': 'LlamaForCausalLM.model.layers.11.mlp.down_proj', 'TrainableParams': {'weight': [2048, 8192]}, 'Inputs': [[16, 8192]]}
0.0%	64.318 μs	1	64.318 μs	64.318 μs	64.318 μs	64.318 μs	0 ns	PushPop	:{'Module': 'LlamaForCausalLM.model.layers.7.self_attn.o_proj', 'TrainableParams': {'weight': [2048, 2048]}, 'Inputs': [[36, 2048]]}
0.0%	64.314 μs	1	64.314 μs	64.314 μs	64.314 μs	64.314 μs	0 ns	PushPop	:{'Module': 'LlamaForCausalLM.model.layers.15.self_attn.o_proj', 'TrainableParams': {'weight': [2048, 2048]}, 'Inputs': [[1873, 2048]]}
0.0%	64.297 μs	1	64.297 μs	64.297 μs	64.297 μs	64.297 μs	0 ns	PushPop	:{'Module': 'LlamaForCausalLM.model.layers.13.self_attn.qkv_proj', 'TrainableParams': {'weight': [3072, 2048]}, 'Inputs': [[68, 2048]]}
0.0%	64.294 μs	1	64.294 μs	64.294 μs	64.294 μs	64.294 μs	0 ns	PushPop	:{'Module': 'LlamaForCausalLM.model.layers.1.mlp.gate_up_proj', 'TrainableParams': {'weight': [16384, 2048]}, 'Inputs': [[512, 2048]]}
0.0%	64.272 μs	1	64.272 μs	64.272 μs	64.272 μs	64.272 μs	0 ns	PushPop	:{'Module': 'LlamaForCausalLM.model.layers.1.self_attn.o_proj', 'TrainableParams': {'weight': [2048, 2048]}, 'Inputs': [[1873, 2048]]}
0.0%	64.251 μs	1	64.251 μs	64.251 μs	64.251 μs	64.251 μs	0 ns	PushPop	:{'Module': 'LlamaForCausalLM.model.layers.9.self_attn.o_proj', 'TrainableParams': {'weight': [2048, 2048]}, 'Inputs': [[1873, 2048]]}
0.0%	64.194 μs	1	64.194 μs	64.194 μs	64.194 μs	64.194 μs	0 ns	PushPop	:{'Module': 'LlamaForCausalLM.model.layers.1.self_attn.qkv_proj', 'TrainableParams': {'weight': [3072, 2048]}, 'Inputs': [[512, 2048]]}
0.0%	64.181 μs	1	64.181 μs	64.181 μs	64.181 μs	64.181 μs	0 ns	PushPop	:{'Module': 'LlamaForCausalLM.model.layers.10.self_attn.o_proj', 'TrainableParams': {'weight': [2048, 2048]}, 'Inputs': [[512, 2048]]}
0.0%	64.161 μs	1	64.161 μs	64.161 μs	64.161 μs	64.161 μs	0 ns	PushPop	:{'Module': 'LlamaForCausalLM.model.layers.2.mlp.down_proj', 'TrainableParams': {'weight': [2048, 8192]}, 'Inputs': [[16, 8192]]}
0.0%	64.095 μs	1	64.095 μs	64.095 μs	64.095 μs	64.095 μs	0 ns	PushPop	:{'Module': 'LlamaForCausalLM.model.layers.13.self_attn.o_proj', 'TrainableParams': {'weight': [2048, 2048]}, 'Inputs': [[512, 2048]]}
0.0%	64.085 μs	1	64.085 μs	64.085 μs	64.085 μs	64.085 μs	0 ns	PushPop	:{'Module': 'LlamaForCausalLM.model.layers.6.self_attn.o_proj', 'TrainableParams': {'weight': [2048, 2048]}, 'Inputs': [[512, 2048]]}
0.0%	64.074 μs	1	64.074 μs	64.074 μs	64.074 μs	64.074 μs	0 ns	PushPop	:{'Module': 'LlamaForCausalLM.model.layers.9.mlp.down_proj', 'TrainableParams': {'weight': [2048, 8192]}, 'Inputs': [[512, 8192]]}
0.0%	64.036 μs	1	64.036 μs	64.036 μs	64.036 μs	64.036 μs	0 ns	PushPop	:{'Module': 'LlamaForCausalLM.model.layers.6.self_attn.qkv_proj', 'TrainableParams': {'weight': [3072, 2048]}, 'Inputs': [[99, 2048]]}
0.0%	63.813 μs	1	63.813 μs	63.813 μs	63.813 μs	63.813 μs	0 ns	PushPop	:{'Module': 'LlamaForCausalLM.model.layers.12.self_attn.qkv_proj', 'TrainableParams': {'weight': [3072, 2048]}, 'Inputs': [[68, 2048]]}
0.0%	63.778 μs	1	63.778 μs	63.778 μs	63.778 μs	63.778 μs	0 ns	PushPop	:{'Module': 'LlamaForCausalLM.model.layers.5.self_attn.o_proj', 'TrainableParams': {'weight': [2048, 2048]}, 'Inputs': [[512, 2048]]}
0.0%	63.742 μs	1	63.742 μs	63.742 μs	63.742 μs	63.742 μs	0 ns	PushPop	:{'Module': 'LlamaForCausalLM.model.layers.3.self_attn.o_proj', 'TrainableParams': {'weight': [2048, 2048]}, 'Inputs': [[84, 2048]]}
0.0%	63.686 μs	1	63.686 μs	63.686 μs	63.686 μs	63.686 μs	0 ns	PushPop	:{'Module': 'LlamaForCausalLM.model.layers.3.self_attn.qkv_proj', 'TrainableParams': {'weight': [3072, 2048]}, 'Inputs': [[256, 2048]]}
0.0%	63.661 μs	1	63.661 μs	63.661 μs	63.661 μs	63.661 μs	0 ns	PushPop	:{'Module': 'LlamaForCausalLM.model.layers.11.self_attn.o_proj', 'TrainableParams': {'weight': [2048, 2048]}, 'Inputs': [[99, 2048]]}
0.0%	63.661 μs	1	63.661 μs	63.661 μs	63.661 μs	63.661 μs	0 ns	PushPop	:{'Module': 'LlamaForCausalLM.model.layers.15.self_attn.o_proj', 'TrainableParams': {'weight': [2048, 2048]}, 'Inputs': [[84, 2048]]}
0.0%	63.595 μs	1	63.595 μs	63.595 μs	63.595 μs	63.595 μs	0 ns	PushPop	:{'Module': 'LlamaForCausalLM.model.layers.15.self_attn.o_proj', 'TrainableParams': {'weight': [2048, 2048]}, 'Inputs': [[4, 2048]]}
0.0%	63.593 μs	1	63.593 μs	63.593 μs	63.593 μs	63.593 μs	0 ns	PushPop	:{'Module': 'LlamaForCausalLM.model.layers.9.self_attn.qkv_proj', 'TrainableParams': {'weight': [3072, 2048]}, 'Inputs': [[256, 2048]]}
0.0%	63.583 μs	1	63.583 μs	63.583 μs	63.583 μs	63.583 μs	0 ns	PushPop	:{'Module': 'LlamaForCausalLM.model.layers.3.self_attn.o_proj', 'TrainableParams': {'weight': [2048, 2048]}, 'Inputs': [[512, 2048]]}
0.0%	63.567 μs	1	63.567 μs	63.567 μs	63.567 μs	63.567 μs	0 ns	PushPop	:{'Module': 'LlamaForCausalLM.model.layers.11.self_attn.qkv_proj', 'TrainableParams': {'weight': [3072, 2048]}, 'Inputs': [[36, 2048]]}
0.0%	63.544 μs	1	63.544 μs	63.544 μs	63.544 μs	63.544 μs	0 ns	PushPop	:{'Module': 'LlamaForCausalLM.model.layers.2.mlp.down_proj', 'TrainableParams': {'weight': [2048, 8192]}, 'Inputs': [[256, 8192]]}
0.0%	63.537 μs	1	63.537 μs	63.537 μs	63.537 μs	63.537 μs	0 ns	PushPop	:{'Module': 'LlamaForCausalLM.model.layers.6.self_attn.qkv_proj', 'TrainableParams': {'weight': [3072, 2048]}, 'Inputs': [[84, 2048]]}
0.0%	63.523 μs	1	63.523 μs	63.523 μs	63.523 μs	63.523 μs	0 ns	PushPop	:{'Module': 'LlamaForCausalLM.model.layers.12.self_attn.o_proj', 'TrainableParams': {'weight': [2048, 2048]}, 'Inputs': [[99, 2048]]}
0.0%	63.490 μs	1	63.490 μs	63.490 μs	63.490 μs	63.490 μs	0 ns	PushPop	:{'Module': 'LlamaForCausalLM.model.layers.3.self_attn.o_proj', 'TrainableParams': {'weight': [2048, 2048]}, 'Inputs': [[16, 2048]]}
0.0%	63.466 μs	1	63.466 μs	63.466 μs	63.466 μs	63.466 μs	0 ns	PushPop	:{'Module': 'LlamaForCausalLM.model.layers.4.mlp.down_proj', 'TrainableParams': {'weight': [2048, 8192]}, 'Inputs': [[256, 8192]]}
0.0%	63.445 μs	1	63.445 μs	63.445 μs	63.445 μs	63.445 μs	0 ns	PushPop	:{'Module': 'LlamaForCausalLM.model.layers.1.self_attn.qkv_proj', 'TrainableParams': {'weight': [3072, 2048]}, 'Inputs': [[68, 2048]]}
0.0%	63.438 μs	1	63.438 μs	63.438 μs	63.438 μs	63.438 μs	0 ns	PushPop	:{'Module': 'LlamaForCausalLM.model.layers.10.self_attn.o_proj', 'TrainableParams': {'weight': [2048, 2048]}, 'Inputs': [[99, 2048]]}
0.0%	63.411 μs	1	63.411 μs	63.411 μs	63.411 μs	63.411 μs	0 ns	PushPop	:{'Module': 'LlamaForCausalLM.model.layers.13.mlp.gate_up_proj', 'TrainableParams': {'weight': [16384, 2048]}, 'Inputs': [[1873, 2048]]}
0.0%	63.408 μs	1	63.408 μs	63.408 μs	63.408 μs	63.408 μs	0 ns	PushPop	:{'Module': 'LlamaForCausalLM.model.layers.10.self_attn.qkv_proj', 'TrainableParams': {'weight': [3072, 2048]}, 'Inputs': [[84, 2048]]}
0.0%	63.387 μs	1	63.387 μs	63.387 μs	63.387 μs	63.387 μs	0 ns	PushPop	:{'Module': 'LlamaForCausalLM.model.layers.4.self_attn.qkv_proj', 'TrainableParams': {'weight': [3072, 2048]}, 'Inputs': [[256, 2048]]}
0.0%	63.374 μs	1	63.374 μs	63.374 μs	63.374 μs	63.374 μs	0 ns	PushPop	:{'Module': 'LlamaForCausalLM.model.layers.10.self_attn.o_proj', 'TrainableParams': {'weight': [2048, 2048]}, 'Inputs': [[20, 2048]]}
0.0%	63.358 μs	1	63.358 μs	63.358 μs	63.358 μs	63.358 μs	0 ns	PushPop	:{'Module': 'LlamaForCausalLM.model.layers.12.self_attn.qkv_proj', 'TrainableParams': {'weight': [3072, 2048]}, 'Inputs': [[512, 2048]]}
0.0%	63.273 μs	1	63.273 μs	63.273 μs	63.273 μs	63.273 μs	0 ns	PushPop	:{'Module': 'LlamaForCausalLM.model.layers.10.self_attn.o_proj', 'TrainableParams': {'weight': [2048, 2048]}, 'Inputs': [[84, 2048]]}
0.0%	63.264 μs	1	63.264 μs	63.264 μs	63.264 μs	63.264 μs	0 ns	PushPop	:{'Module': 'LlamaForCausalLM.model.layers.7.self_attn.o_proj', 'TrainableParams': {'weight': [2048, 2048]}, 'Inputs': [[16, 2048]]}
0.0%	63.259 μs	1	63.259 μs	63.259 μs	63.259 μs	63.259 μs	0 ns	PushPop	:{'Module': 'LlamaForCausalLM.model.layers.13.self_attn.qkv_proj', 'TrainableParams': {'weight': [3072, 2048]}, 'Inputs': [[256, 2048]]}
0.0%	63.256 μs	1	63.256 μs	63.256 μs	63.256 μs	63.256 μs	0 ns	PushPop	:{'Module': 'LlamaForCausalLM.model.layers.2.mlp.gate_up_proj', 'TrainableParams': {'weight': [16384, 2048]}, 'Inputs': [[512, 2048]]}
0.0%	63.212 μs	1	63.212 μs	63.212 μs	63.212 μs	63.212 μs	0 ns	PushPop	:{'Module': 'LlamaForCausalLM.model.layers.8.self_attn.o_proj', 'TrainableParams': {'weight': [2048, 2048]}, 'Inputs': [[84, 2048]]}
0.0%	63.201 μs	1	63.201 μs	63.201 μs	63.201 μs	63.201 μs	0 ns	PushPop	:{'Module': 'LlamaForCausalLM.model.layers.13.self_attn.qkv_proj', 'TrainableParams': {'weight': [3072, 2048]}, 'Inputs': [[99, 2048]]}
0.0%	63.200 μs	1	63.200 μs	63.200 μs	63.200 μs	63.200 μs	0 ns	PushPop	:{'Module': 'LlamaForCausalLM.model.layers.10.self_attn.o_proj', 'TrainableParams': {'weight': [2048, 2048]}, 'Inputs': [[4, 2048]]}
0.0%	63.196 μs	1	63.196 μs	63.196 μs	63.196 μs	63.196 μs	0 ns	PushPop	:{'Module': 'LlamaForCausalLM.model.layers.9.mlp.down_proj', 'TrainableParams': {'weight': [2048, 8192]}, 'Inputs': [[1873, 8192]]}
0.0%	63.189 μs	1	63.189 μs	63.189 μs	63.189 μs	63.189 μs	0 ns	PushPop	:{'Module': 'LlamaForCausalLM.model.layers.11.mlp.gate_up_proj', 'TrainableParams': {'weight': [16384, 2048]}, 'Inputs': [[256, 2048]]}
0.0%	63.170 μs	1	63.170 μs	63.170 μs	63.170 μs	63.170 μs	0 ns	PushPop	:{'Module': 'LlamaForCausalLM.model.layers.13.self_attn.o_proj', 'TrainableParams': {'weight': [2048, 2048]}, 'Inputs': [[1873, 2048]]}
0.0%	63.167 μs	1	63.167 μs	63.167 μs	63.167 μs	63.167 μs	0 ns	PushPop	:{'Module': 'LlamaForCausalLM.model.layers.5.self_attn.o_proj', 'TrainableParams': {'weight': [2048, 2048]}, 'Inputs': [[84, 2048]]}
0.0%	63.150 μs	1	63.150 μs	63.150 μs	63.150 μs	63.150 μs	0 ns	PushPop	:{'Module': 'LlamaForCausalLM.model.layers.7.self_attn.o_proj', 'TrainableParams': {'weight': [2048, 2048]}, 'Inputs': [[84, 2048]]}
0.0%	63.104 μs	1	63.104 μs	63.104 μs	63.104 μs	63.104 μs	0 ns	PushPop	:{'Module': 'LlamaForCausalLM.model.layers.1.self_attn.qkv_proj', 'TrainableParams': {'weight': [3072, 2048]}, 'Inputs': [[84, 2048]]}
0.0%	63.096 μs	1	63.096 μs	63.096 μs	63.096 μs	63.096 μs	0 ns	PushPop	:{'Module': 'LlamaForCausalLM.model.layers.8.mlp.gate_up_proj', 'TrainableParams': {'weight': [16384, 2048]}, 'Inputs': [[512, 2048]]}
0.0%	63.095 μs	1	63.095 μs	63.095 μs	63.095 μs	63.095 μs	0 ns	PushPop	:{'Module': 'LlamaForCausalLM.model.layers.2.mlp.gate_up_proj', 'TrainableParams': {'weight': [16384, 2048]}, 'Inputs': [[256, 2048]]}
0.0%	63.076 μs	1	63.076 μs	63.076 μs	63.076 μs	63.076 μs	0 ns	PushPop	:{'Module': 'LlamaForCausalLM.model.layers.13.self_attn.o_proj', 'TrainableParams': {'weight': [2048, 2048]}, 'Inputs': [[20, 2048]]}
0.0%	63.044 μs	1	63.044 μs	63.044 μs	63.044 μs	63.044 μs	0 ns	PushPop	:{'Module': 'LlamaForCausalLM.model.layers.5.self_attn.o_proj', 'TrainableParams': {'weight': [2048, 2048]}, 'Inputs': [[1873, 2048]]}
0.0%	63.002 μs	1	63.002 μs	63.002 μs	63.002 μs	63.002 μs	0 ns	PushPop	:{'Module': 'LlamaForCausalLM.model.layers.9.self_attn.o_proj', 'TrainableParams': {'weight': [2048, 2048]}, 'Inputs': [[84, 2048]]}
0.0%	62.990 μs	1	62.990 μs	62.990 μs	62.990 μs	62.990 μs	0 ns	PushPop	:{'Module': 'LlamaForCausalLM.model.layers.2.self_attn.o_proj', 'TrainableParams': {'weight': [2048, 2048]}, 'Inputs': [[1873, 2048]]}
0.0%	62.976 μs	1	62.976 μs	62.976 μs	62.976 μs	62.976 μs	0 ns	PushPop	:{'Module': 'LlamaForCausalLM.model.layers.13.self_attn.o_proj', 'TrainableParams': {'weight': [2048, 2048]}, 'Inputs': [[4, 2048]]}
0.0%	62.974 μs	1	62.974 μs	62.974 μs	62.974 μs	62.974 μs	0 ns	PushPop	:{'Module': 'LlamaForCausalLM.model.layers.9.self_attn.o_proj', 'TrainableParams': {'weight': [2048, 2048]}, 'Inputs': [[68, 2048]]}
0.0%	62.935 μs	1	62.935 μs	62.935 μs	62.935 μs	62.935 μs	0 ns	PushPop	:{'Module': 'LlamaForCausalLM.model.layers.10.mlp.gate_up_proj', 'TrainableParams': {'weight': [16384, 2048]}, 'Inputs': [[512, 2048]]}
0.0%	62.935 μs	1	62.935 μs	62.935 μs	62.935 μs	62.935 μs	0 ns	PushPop	:{'Module': 'LlamaForCausalLM.model.layers.8.self_attn.o_proj', 'TrainableParams': {'weight': [2048, 2048]}, 'Inputs': [[16, 2048]]}
0.0%	62.909 μs	1	62.909 μs	62.909 μs	62.909 μs	62.909 μs	0 ns	PushPop	:{'Module': 'LlamaForCausalLM.model.layers.3.mlp.down_proj', 'TrainableParams': {'weight': [2048, 8192]}, 'Inputs': [[256, 8192]]}
0.0%	62.873 μs	1	62.873 μs	62.873 μs	62.873 μs	62.873 μs	0 ns	PushPop	:{'Module': 'LlamaForCausalLM.model.layers.12.self_attn.qkv_proj', 'TrainableParams': {'weight': [3072, 2048]}, 'Inputs': [[84, 2048]]}
0.0%	62.804 μs	1	62.804 μs	62.804 μs	62.804 μs	62.804 μs	0 ns	PushPop	:{'Module': 'LlamaForCausalLM.model.layers.12.self_attn.o_proj', 'TrainableParams': {'weight': [2048, 2048]}, 'Inputs': [[1873, 2048]]}
0.0%	62.788 μs	1	62.788 μs	62.788 μs	62.788 μs	62.788 μs	0 ns	PushPop	:{'Module': 'LlamaForCausalLM.model.layers.11.self_attn.qkv_proj', 'TrainableParams': {'weight': [3072, 2048]}, 'Inputs': [[99, 2048]]}
0.0%	62.776 μs	1	62.776 μs	62.776 μs	62.776 μs	62.776 μs	0 ns	PushPop	:{'Module': 'LlamaForCausalLM.model.layers.13.self_attn.o_proj', 'TrainableParams': {'weight': [2048, 2048]}, 'Inputs': [[84, 2048]]}
0.0%	62.741 μs	1	62.741 μs	62.741 μs	62.741 μs	62.741 μs	0 ns	PushPop	:{'Module': 'LlamaForCausalLM.model.layers.1.mlp.gate_up_proj', 'TrainableParams': {'weight': [16384, 2048]}, 'Inputs': [[256, 2048]]}
0.0%	62.684 μs	1	62.684 μs	62.684 μs	62.684 μs	62.684 μs	0 ns	PushPop	:{'Module': 'LlamaForCausalLM.model.layers.11.self_attn.o_proj', 'TrainableParams': {'weight': [2048, 2048]}, 'Inputs': [[4, 2048]]}
0.0%	62.678 μs	1	62.678 μs	62.678 μs	62.678 μs	62.678 μs	0 ns	PushPop	:{'Module': 'LlamaForCausalLM.model.layers.10.self_attn.qkv_proj', 'TrainableParams': {'weight': [3072, 2048]}, 'Inputs': [[16, 2048]]}
0.0%	62.674 μs	1	62.674 μs	62.674 μs	62.674 μs	62.674 μs	0 ns	PushPop	:{'Module': 'LlamaForCausalLM.model.layers.4.mlp.gate_up_proj', 'TrainableParams': {'weight': [16384, 2048]}, 'Inputs': [[16, 2048]]}
0.0%	62.604 μs	1	62.604 μs	62.604 μs	62.604 μs	62.604 μs	0 ns	PushPop	:{'Module': 'LlamaForCausalLM.model.layers.11.self_attn.o_proj', 'TrainableParams': {'weight': [2048, 2048]}, 'Inputs': [[1873, 2048]]}
0.0%	62.582 μs	1	62.582 μs	62.582 μs	62.582 μs	62.582 μs	0 ns	PushPop	:{'Module': 'LlamaForCausalLM.model.layers.13.self_attn.qkv_proj', 'TrainableParams': {'weight': [3072, 2048]}, 'Inputs': [[512, 2048]]}
0.0%	62.548 μs	1	62.548 μs	62.548 μs	62.548 μs	62.548 μs	0 ns	PushPop	:{'Module': 'LlamaForCausalLM.model.layers.2.self_attn.o_proj', 'TrainableParams': {'weight': [2048, 2048]}, 'Inputs': [[20, 2048]]}
0.0%	62.512 μs	1	62.512 μs	62.512 μs	62.512 μs	62.512 μs	0 ns	PushPop	:{'Module': 'LlamaForCausalLM.model.layers.14.self_attn.o_proj', 'TrainableParams': {'weight': [2048, 2048]}, 'Inputs': [[99, 2048]]}
0.0%	62.491 μs	1	62.491 μs	62.491 μs	62.491 μs	62.491 μs	0 ns	PushPop	:{'Module': 'LlamaForCausalLM.model.layers.4.mlp.down_proj', 'TrainableParams': {'weight': [2048, 8192]}, 'Inputs': [[512, 8192]]}
0.0%	62.484 μs	1	62.484 μs	62.484 μs	62.484 μs	62.484 μs	0 ns	PushPop	:{'Module': 'LlamaForCausalLM.model.layers.15.self_attn.qkv_proj', 'TrainableParams': {'weight': [3072, 2048]}, 'Inputs': [[68, 2048]]}
0.0%	62.477 μs	1	62.477 μs	62.477 μs	62.477 μs	62.477 μs	0 ns	PushPop	:{'Module': 'LlamaForCausalLM.model.layers.8.self_attn.o_proj', 'TrainableParams': {'weight': [2048, 2048]}, 'Inputs': [[1873, 2048]]}
0.0%	62.471 μs	1	62.471 μs	62.471 μs	62.471 μs	62.471 μs	0 ns	PushPop	:{'Module': 'LlamaForCausalLM.model.layers.13.mlp.gate_up_proj', 'TrainableParams': {'weight': [16384, 2048]}, 'Inputs': [[20, 2048]]}
0.0%	62.469 μs	1	62.469 μs	62.469 μs	62.469 μs	62.469 μs	0 ns	PushPop	:{'Module': 'LlamaForCausalLM.model.layers.11.mlp.down_proj', 'TrainableParams': {'weight': [2048, 8192]}, 'Inputs': [[1873, 8192]]}
0.0%	62.442 μs	1	62.442 μs	62.442 μs	62.442 μs	62.442 μs	0 ns	PushPop	:{'Module': 'LlamaForCausalLM.model.layers.14.self_attn.o_proj', 'TrainableParams': {'weight': [2048, 2048]}, 'Inputs': [[512, 2048]]}
0.0%	62.408 μs	1	62.408 μs	62.408 μs	62.408 μs	62.408 μs	0 ns	PushPop	:{'Module': 'LlamaForCausalLM.model.layers.4.post_attention_layernorm', 'TrainableParams': {'weight': [2048]}, 'Inputs': [[512, 2048], [512, 2048]]}
0.0%	62.396 μs	1	62.396 μs	62.396 μs	62.396 μs	62.396 μs	0 ns	PushPop	:{'Module': 'LlamaForCausalLM.model.layers.7.self_attn.o_proj', 'TrainableParams': {'weight': [2048, 2048]}, 'Inputs': [[1873, 2048]]}
0.0%	62.384 μs	1	62.384 μs	62.384 μs	62.384 μs	62.384 μs	0 ns	PushPop	:{'Module': 'LlamaForCausalLM.model.layers.15.mlp.gate_up_proj', 'TrainableParams': {'weight': [16384, 2048]}, 'Inputs': [[20, 2048]]}
0.0%	62.352 μs	1	62.352 μs	62.352 μs	62.352 μs	62.352 μs	0 ns	PushPop	:{'Module': 'LlamaForCausalLM.model.layers.4.self_attn.qkv_proj', 'TrainableParams': {'weight': [3072, 2048]}, 'Inputs': [[20, 2048]]}
0.0%	62.303 μs	1	62.303 μs	62.303 μs	62.303 μs	62.303 μs	0 ns	PushPop	:{'Module': 'LlamaForCausalLM.model.layers.14.self_attn.qkv_proj', 'TrainableParams': {'weight': [3072, 2048]}, 'Inputs': [[84, 2048]]}
0.0%	62.276 μs	1	62.276 μs	62.276 μs	62.276 μs	62.276 μs	0 ns	PushPop	:{'Module': 'LlamaForCausalLM.model.layers.12.self_attn.o_proj', 'TrainableParams': {'weight': [2048, 2048]}, 'Inputs': [[16, 2048]]}
0.0%	62.086 μs	1	62.086 μs	62.086 μs	62.086 μs	62.086 μs	0 ns	PushPop	:{'Module': 'LlamaForCausalLM.model.layers.8.mlp.down_proj', 'TrainableParams': {'weight': [2048, 8192]}, 'Inputs': [[20, 8192]]}
0.0%	62.027 μs	1	62.027 μs	62.027 μs	62.027 μs	62.027 μs	0 ns	PushPop	:{'Module': 'LlamaForCausalLM.model.layers.5.mlp.down_proj', 'TrainableParams': {'weight': [2048, 8192]}, 'Inputs': [[256, 8192]]}
0.0%	61.986 μs	1	61.986 μs	61.986 μs	61.986 μs	61.986 μs	0 ns	PushPop	:{'Module': 'LlamaForCausalLM.model.layers.5.self_attn.qkv_proj', 'TrainableParams': {'weight': [3072, 2048]}, 'Inputs': [[99, 2048]]}
0.0%	61.985 μs	1	61.985 μs	61.985 μs	61.985 μs	61.985 μs	0 ns	PushPop	:{'Module': 'LlamaForCausalLM.model.layers.0.mlp.act_fn', 'Inputs': [[20, 16384]]}
0.0%	61.805 μs	1	61.805 μs	61.805 μs	61.805 μs	61.805 μs	0 ns	PushPop	:{'Module': 'LlamaForCausalLM.model.layers.13.self_attn.o_proj', 'TrainableParams': {'weight': [2048, 2048]}, 'Inputs': [[68, 2048]]}
0.0%	61.787 μs	1	61.787 μs	61.787 μs	61.787 μs	61.787 μs	0 ns	PushPop	:{'Module': 'LlamaForCausalLM.model.layers.2.self_attn.qkv_proj', 'TrainableParams': {'weight': [3072, 2048]}, 'Inputs': [[256, 2048]]}
0.0%	61.765 μs	1	61.765 μs	61.765 μs	61.765 μs	61.765 μs	0 ns	PushPop	:{'Module': 'LlamaForCausalLM.model.layers.8.self_attn.qkv_proj', 'TrainableParams': {'weight': [3072, 2048]}, 'Inputs': [[84, 2048]]}
0.0%	61.704 μs	1	61.704 μs	61.704 μs	61.704 μs	61.704 μs	0 ns	PushPop	:{'Module': 'LlamaForCausalLM.model.layers.14.self_attn.o_proj', 'TrainableParams': {'weight': [2048, 2048]}, 'Inputs': [[16, 2048]]}
0.0%	61.703 μs	1	61.703 μs	61.703 μs	61.703 μs	61.703 μs	0 ns	PushPop	:{'Module': 'LlamaForCausalLM.model.layers.15.self_attn.qkv_proj', 'TrainableParams': {'weight': [3072, 2048]}, 'Inputs': [[256, 2048]]}
0.0%	61.680 μs	1	61.680 μs	61.680 μs	61.680 μs	61.680 μs	0 ns	PushPop	:{'Module': 'LlamaForCausalLM.model.layers.7.self_attn.qkv_proj', 'TrainableParams': {'weight': [3072, 2048]}, 'Inputs': [[99, 2048]]}
0.0%	61.671 μs	1	61.671 μs	61.671 μs	61.671 μs	61.671 μs	0 ns	PushPop	:{'Module': 'LlamaForCausalLM.model.layers.14.self_attn.o_proj', 'TrainableParams': {'weight': [2048, 2048]}, 'Inputs': [[4, 2048]]}
0.0%	61.610 μs	1	61.610 μs	61.610 μs	61.610 μs	61.610 μs	0 ns	PushPop	:{'Module': 'LlamaForCausalLM.model.layers.2.mlp.down_proj', 'TrainableParams': {'weight': [2048, 8192]}, 'Inputs': [[68, 8192]]}
0.0%	61.596 μs	1	61.596 μs	61.596 μs	61.596 μs	61.596 μs	0 ns	PushPop	:{'Module': 'LlamaForCausalLM.model.layers.7.self_attn.qkv_proj', 'TrainableParams': {'weight': [3072, 2048]}, 'Inputs': [[256, 2048]]}
0.0%	61.475 μs	1	61.475 μs	61.475 μs	61.475 μs	61.475 μs	0 ns	PushPop	:{'Module': 'LlamaForCausalLM.model.layers.11.self_attn.qkv_proj', 'TrainableParams': {'weight': [3072, 2048]}, 'Inputs': [[84, 2048]]}
0.0%	61.434 μs	1	61.434 μs	61.434 μs	61.434 μs	61.434 μs	0 ns	PushPop	:{'Module': 'LlamaForCausalLM.model.layers.10.self_attn.qkv_proj', 'TrainableParams': {'weight': [3072, 2048]}, 'Inputs': [[68, 2048]]}
0.0%	61.273 μs	1	61.273 μs	61.273 μs	61.273 μs	61.273 μs	0 ns	PushPop	:{'Module': 'LlamaForCausalLM.model.layers.1.self_attn.qkv_proj', 'TrainableParams': {'weight': [3072, 2048]}, 'Inputs': [[1873, 2048]]}
0.0%	61.248 μs	1	61.248 μs	61.248 μs	61.248 μs	61.248 μs	0 ns	PushPop	:{'Module': 'LlamaForCausalLM.model.layers.3.self_attn.o_proj', 'TrainableParams': {'weight': [2048, 2048]}, 'Inputs': [[4, 2048]]}
0.0%	61.240 μs	1	61.240 μs	61.240 μs	61.240 μs	61.240 μs	0 ns	PushPop	:{'Module': 'LlamaForCausalLM.model.layers.3.self_attn.qkv_proj', 'TrainableParams': {'weight': [3072, 2048]}, 'Inputs': [[68, 2048]]}
0.0%	61.233 μs	1	61.233 μs	61.233 μs	61.233 μs	61.233 μs	0 ns	PushPop	:{'Module': 'LlamaForCausalLM.model.layers.9.self_attn.o_proj', 'TrainableParams': {'weight': [2048, 2048]}, 'Inputs': [[4, 2048]]}
0.0%	61.228 μs	1	61.228 μs	61.228 μs	61.228 μs	61.228 μs	0 ns	PushPop	:{'Module': 'LlamaForCausalLM.model.layers.5.mlp.down_proj', 'TrainableParams': {'weight': [2048, 8192]}, 'Inputs': [[99, 8192]]}
0.0%	61.226 μs	1	61.226 μs	61.226 μs	61.226 μs	61.226 μs	0 ns	PushPop	:{'Module': 'LlamaForCausalLM.model.layers.12.self_attn.qkv_proj', 'TrainableParams': {'weight': [3072, 2048]}, 'Inputs': [[99, 2048]]}
0.0%	61.223 μs	1	61.223 μs	61.223 μs	61.223 μs	61.223 μs	0 ns	PushPop	:{'Module': 'LlamaForCausalLM.model.layers.3.self_attn.qkv_proj', 'TrainableParams': {'weight': [3072, 2048]}, 'Inputs': [[99, 2048]]}
0.0%	61.207 μs	1	61.207 μs	61.207 μs	61.207 μs	61.207 μs	0 ns	PushPop	:{'Module': 'LlamaForCausalLM.model.layers.0.mlp.act_fn', 'Inputs': [[36, 16384]]}
0.0%	61.155 μs	1	61.155 μs	61.155 μs	61.155 μs	61.155 μs	0 ns	PushPop	:{'Module': 'LlamaForCausalLM.model.layers.4.self_attn.qkv_proj', 'TrainableParams': {'weight': [3072, 2048]}, 'Inputs': [[99, 2048]]}
0.0%	61.120 μs	1	61.120 μs	61.120 μs	61.120 μs	61.120 μs	0 ns	PushPop	:{'Module': 'LlamaForCausalLM.model.layers.14.self_attn.qkv_proj', 'TrainableParams': {'weight': [3072, 2048]}, 'Inputs': [[256, 2048]]}
0.0%	61.066 μs	1	61.066 μs	61.066 μs	61.066 μs	61.066 μs	0 ns	PushPop	:{'Module': 'LlamaForCausalLM.model.layers.14.self_attn.qkv_proj', 'TrainableParams': {'weight': [3072, 2048]}, 'Inputs': [[68, 2048]]}
0.0%	61.048 μs	1	61.048 μs	61.048 μs	61.048 μs	61.048 μs	0 ns	PushPop	:{'Module': 'LlamaForCausalLM.model.layers.9.self_attn.o_proj', 'TrainableParams': {'weight': [2048, 2048]}, 'Inputs': [[16, 2048]]}
0.0%	60.936 μs	1	60.936 μs	60.936 μs	60.936 μs	60.936 μs	0 ns	PushPop	:{'Module': 'LlamaForCausalLM.model.layers.2.self_attn.qkv_proj', 'TrainableParams': {'weight': [3072, 2048]}, 'Inputs': [[84, 2048]]}
0.0%	60.902 μs	1	60.902 μs	60.902 μs	60.902 μs	60.902 μs	0 ns	PushPop	:{'Module': 'LlamaForCausalLM.model.layers.7.self_attn.o_proj', 'TrainableParams': {'weight': [2048, 2048]}, 'Inputs': [[20, 2048]]}
0.0%	60.886 μs	1	60.886 μs	60.886 μs	60.886 μs	60.886 μs	0 ns	PushPop	:{'Module': 'LlamaForCausalLM.model.layers.2.self_attn.qkv_proj', 'TrainableParams': {'weight': [3072, 2048]}, 'Inputs': [[16, 2048]]}
0.0%	60.872 μs	1	60.872 μs	60.872 μs	60.872 μs	60.872 μs	0 ns	PushPop	:{'Module': 'LlamaForCausalLM.model.layers.3.self_attn.o_proj', 'TrainableParams': {'weight': [2048, 2048]}, 'Inputs': [[256, 2048]]}
0.0%	60.862 μs	1	60.862 μs	60.862 μs	60.862 μs	60.862 μs	0 ns	PushPop	:{'Module': 'LlamaForCausalLM.model.layers.6.self_attn.o_proj', 'TrainableParams': {'weight': [2048, 2048]}, 'Inputs': [[16, 2048]]}
0.0%	60.802 μs	1	60.802 μs	60.802 μs	60.802 μs	60.802 μs	0 ns	PushPop	:{'Module': 'LlamaForCausalLM.model.layers.5.self_attn.o_proj', 'TrainableParams': {'weight': [2048, 2048]}, 'Inputs': [[20, 2048]]}
0.0%	60.751 μs	1	60.751 μs	60.751 μs	60.751 μs	60.751 μs	0 ns	PushPop	:{'Module': 'LlamaForCausalLM.model.layers.13.mlp.down_proj', 'TrainableParams': {'weight': [2048, 8192]}, 'Inputs': [[256, 8192]]}
0.0%	60.721 μs	1	60.721 μs	60.721 μs	60.721 μs	60.721 μs	0 ns	PushPop	:{'Module': 'LlamaForCausalLM.model.layers.2.self_attn.qkv_proj', 'TrainableParams': {'weight': [3072, 2048]}, 'Inputs': [[99, 2048]]}
0.0%	60.653 μs	1	60.653 μs	60.653 μs	60.653 μs	60.653 μs	0 ns	PushPop	:{'Module': 'LlamaForCausalLM.model.layers.12.self_attn.o_proj', 'TrainableParams': {'weight': [2048, 2048]}, 'Inputs': [[4, 2048]]}
0.0%	60.603 μs	1	60.603 μs	60.603 μs	60.603 μs	60.603 μs	0 ns	PushPop	:{'Module': 'LlamaForCausalLM.model.layers.4.self_attn.qkv_proj', 'TrainableParams': {'weight': [3072, 2048]}, 'Inputs': [[512, 2048]]}
0.0%	60.486 μs	1	60.486 μs	60.486 μs	60.486 μs	60.486 μs	0 ns	PushPop	:{'Module': 'LlamaForCausalLM.model.layers.15.mlp.down_proj', 'TrainableParams': {'weight': [2048, 8192]}, 'Inputs': [[99, 8192]]}
0.0%	60.475 μs	1	60.475 μs	60.475 μs	60.475 μs	60.475 μs	0 ns	PushPop	:{'Module': 'LlamaForCausalLM.model.layers.6.self_attn.o_proj', 'TrainableParams': {'weight': [2048, 2048]}, 'Inputs': [[20, 2048]]}
0.0%	60.457 μs	1	60.457 μs	60.457 μs	60.457 μs	60.457 μs	0 ns	PushPop	:{'Module': 'LlamaForCausalLM.model.layers.13.self_attn.qkv_proj', 'TrainableParams': {'weight': [3072, 2048]}, 'Inputs': [[84, 2048]]}
0.0%	60.453 μs	1	60.453 μs	60.453 μs	60.453 μs	60.453 μs	0 ns	PushPop	:{'Module': 'LlamaForCausalLM.model.layers.15.self_attn.o_proj', 'TrainableParams': {'weight': [2048, 2048]}, 'Inputs': [[20, 2048]]}
0.0%	60.426 μs	1	60.426 μs	60.426 μs	60.426 μs	60.426 μs	0 ns	PushPop	:{'Module': 'LlamaForCausalLM.model.layers.9.self_attn.qkv_proj', 'TrainableParams': {'weight': [3072, 2048]}, 'Inputs': [[84, 2048]]}
0.0%	60.366 μs	1	60.366 μs	60.366 μs	60.366 μs	60.366 μs	0 ns	PushPop	:{'Module': 'LlamaForCausalLM.model.layers.13.mlp.down_proj', 'TrainableParams': {'weight': [2048, 8192]}, 'Inputs': [[4, 8192]]}
0.0%	60.276 μs	1	60.276 μs	60.276 μs	60.276 μs	60.276 μs	0 ns	PushPop	:{'Module': 'LlamaForCausalLM.model.layers.9.self_attn.o_proj', 'TrainableParams': {'weight': [2048, 2048]}, 'Inputs': [[20, 2048]]}
0.0%	60.170 μs	1	60.170 μs	60.170 μs	60.170 μs	60.170 μs	0 ns	PushPop	:{'Module': 'LlamaForCausalLM.model.layers.15.self_attn.qkv_proj', 'TrainableParams': {'weight': [3072, 2048]}, 'Inputs': [[52, 2048]]}
0.0%	60.131 μs	1	60.131 μs	60.131 μs	60.131 μs	60.131 μs	0 ns	PushPop	:{'Module': 'LlamaForCausalLM.model.layers.5.self_attn.qkv_proj', 'TrainableParams': {'weight': [3072, 2048]}, 'Inputs': [[68, 2048]]}
0.0%	60.024 μs	1	60.024 μs	60.024 μs	60.024 μs	60.024 μs	0 ns	PushPop	:{'Module': 'LlamaForCausalLM.model.layers.12.mlp.act_fn', 'Inputs': [[256, 16384]]}
0.0%	59.961 μs	1	59.961 μs	59.961 μs	59.961 μs	59.961 μs	0 ns	PushPop	:{'Module': 'LlamaForCausalLM.model.layers.7.mlp.down_proj', 'TrainableParams': {'weight': [2048, 8192]}, 'Inputs': [[36, 8192]]}
0.0%	59.961 μs	1	59.961 μs	59.961 μs	59.961 μs	59.961 μs	0 ns	PushPop	:{'Module': 'LlamaForCausalLM.model.layers.7.self_attn.qkv_proj', 'TrainableParams': {'weight': [3072, 2048]}, 'Inputs': [[68, 2048]]}
0.0%	59.947 μs	1	59.947 μs	59.947 μs	59.947 μs	59.947 μs	0 ns	PushPop	:{'Module': 'LlamaForCausalLM.model.layers.3.self_attn.o_proj', 'TrainableParams': {'weight': [2048, 2048]}, 'Inputs': [[20, 2048]]}
0.0%	59.905 μs	1	59.905 μs	59.905 μs	59.905 μs	59.905 μs	0 ns	PushPop	:{'Module': 'LlamaForCausalLM.model.layers.4.self_attn.qkv_proj', 'TrainableParams': {'weight': [3072, 2048]}, 'Inputs': [[84, 2048]]}
0.0%	59.782 μs	1	59.782 μs	59.782 μs	59.782 μs	59.782 μs	0 ns	PushPop	:{'Module': 'LlamaForCausalLM.model.layers.3.self_attn.qkv_proj', 'TrainableParams': {'weight': [3072, 2048]}, 'Inputs': [[512, 2048]]}
0.0%	59.724 μs	1	59.724 μs	59.724 μs	59.724 μs	59.724 μs	0 ns	PushPop	:{'Module': 'LlamaForCausalLM.model.layers.4.self_attn.o_proj', 'TrainableParams': {'weight': [2048, 2048]}, 'Inputs': [[20, 2048]]}
0.0%	59.646 μs	1	59.646 μs	59.646 μs	59.646 μs	59.646 μs	0 ns	PushPop	:{'Module': 'LlamaForCausalLM.model.layers.5.mlp.gate_up_proj', 'TrainableParams': {'weight': [16384, 2048]}, 'Inputs': [[99, 2048]]}
0.0%	59.377 μs	1	59.377 μs	59.377 μs	59.377 μs	59.377 μs	0 ns	PushPop	:{'Module': 'LlamaForCausalLM.model.layers.14.self_attn.qkv_proj', 'TrainableParams': {'weight': [3072, 2048]}, 'Inputs': [[16, 2048]]}
0.0%	59.341 μs	1	59.341 μs	59.341 μs	59.341 μs	59.341 μs	0 ns	PushPop	:{'Module': 'LlamaForCausalLM.model.layers.7.mlp.gate_up_proj', 'TrainableParams': {'weight': [16384, 2048]}, 'Inputs': [[512, 2048]]}
0.0%	59.315 μs	1	59.315 μs	59.315 μs	59.315 μs	59.315 μs	0 ns	PushPop	:{'Module': 'LlamaForCausalLM.model.layers.11.self_attn.o_proj', 'TrainableParams': {'weight': [2048, 2048]}, 'Inputs': [[20, 2048]]}
0.0%	59.312 μs	1	59.312 μs	59.312 μs	59.312 μs	59.312 μs	0 ns	PushPop	:{'Module': 'LlamaForCausalLM.model.layers.15.self_attn.qkv_proj', 'TrainableParams': {'weight': [3072, 2048]}, 'Inputs': [[84, 2048]]}
0.0%	59.266 μs	1	59.266 μs	59.266 μs	59.266 μs	59.266 μs	0 ns	PushPop	:{'Module': 'LlamaForCausalLM.model.layers.2.self_attn.qkv_proj', 'TrainableParams': {'weight': [3072, 2048]}, 'Inputs': [[68, 2048]]}
0.0%	59.265 μs	1	59.265 μs	59.265 μs	59.265 μs	59.265 μs	0 ns	PushPop	:{'Module': 'LlamaForCausalLM.model.layers.1.self_attn.o_proj', 'TrainableParams': {'weight': [2048, 2048]}, 'Inputs': [[4, 2048]]}
0.0%	59.262 μs	1	59.262 μs	59.262 μs	59.262 μs	59.262 μs	0 ns	PushPop	:{'Module': 'LlamaForCausalLM.model.layers.15.self_attn.qkv_proj', 'TrainableParams': {'weight': [3072, 2048]}, 'Inputs': [[99, 2048]]}
0.0%	59.231 μs	1	59.231 μs	59.231 μs	59.231 μs	59.231 μs	0 ns	PushPop	:{'Module': 'LlamaForCausalLM.model.layers.11.self_attn.qkv_proj', 'TrainableParams': {'weight': [3072, 2048]}, 'Inputs': [[512, 2048]]}
0.0%	59.207 μs	1	59.207 μs	59.207 μs	59.207 μs	59.207 μs	0 ns	PushPop	:{'Module': 'LlamaForCausalLM.model.layers.14.mlp.gate_up_proj', 'TrainableParams': {'weight': [16384, 2048]}, 'Inputs': [[1873, 2048]]}
0.0%	59.193 μs	1	59.193 μs	59.193 μs	59.193 μs	59.193 μs	0 ns	PushPop	:{'Module': 'LlamaForCausalLM.model.layers.9.self_attn.qkv_proj', 'TrainableParams': {'weight': [3072, 2048]}, 'Inputs': [[68, 2048]]}
0.0%	59.159 μs	1	59.159 μs	59.159 μs	59.159 μs	59.159 μs	0 ns	PushPop	:{'Module': 'LlamaForCausalLM.model.layers.12.mlp.down_proj', 'TrainableParams': {'weight': [2048, 8192]}, 'Inputs': [[52, 8192]]}
0.0%	59.100 μs	1	59.100 μs	59.100 μs	59.100 μs	59.100 μs	0 ns	PushPop	:{'Module': 'LlamaForCausalLM.model.layers.12.self_attn.o_proj', 'TrainableParams': {'weight': [2048, 2048]}, 'Inputs': [[20, 2048]]}
0.0%	59.070 μs	1	59.070 μs	59.070 μs	59.070 μs	59.070 μs	0 ns	PushPop	:{'Module': 'LlamaForCausalLM.model.layers.2.self_attn.o_proj', 'TrainableParams': {'weight': [2048, 2048]}, 'Inputs': [[4, 2048]]}
0.0%	59.000 μs	1	59.000 μs	59.000 μs	59.000 μs	59.000 μs	0 ns	PushPop	:{'Module': 'LlamaForCausalLM.model.layers.5.self_attn.o_proj', 'TrainableParams': {'weight': [2048, 2048]}, 'Inputs': [[4, 2048]]}
0.0%	58.998 μs	1	58.998 μs	58.998 μs	58.998 μs	58.998 μs	0 ns	PushPop	:{'Module': 'LlamaForCausalLM.model.layers.6.mlp.down_proj', 'TrainableParams': {'weight': [2048, 8192]}, 'Inputs': [[84, 8192]]}
0.0%	58.960 μs	1	58.960 μs	58.960 μs	58.960 μs	58.960 μs	0 ns	PushPop	:{'Module': 'LlamaForCausalLM.model.layers.8.mlp.down_proj', 'TrainableParams': {'weight': [2048, 8192]}, 'Inputs': [[36, 8192]]}
0.0%	58.938 μs	1	58.938 μs	58.938 μs	58.938 μs	58.938 μs	0 ns	PushPop	:{'Module': 'LlamaForCausalLM.model.layers.13.mlp.down_proj', 'TrainableParams': {'weight': [2048, 8192]}, 'Inputs': [[52, 8192]]}
0.0%	58.937 μs	1	58.937 μs	58.937 μs	58.937 μs	58.937 μs	0 ns	PushPop	:{'Module': 'LlamaForCausalLM.model.layers.3.mlp.down_proj', 'TrainableParams': {'weight': [2048, 8192]}, 'Inputs': [[99, 8192]]}
0.0%	58.931 μs	1	58.931 μs	58.931 μs	58.931 μs	58.931 μs	0 ns	PushPop	:{'Module': 'LlamaForCausalLM.model.layers.15.mlp.gate_up_proj', 'TrainableParams': {'weight': [16384, 2048]}, 'Inputs': [[1873, 2048]]}
0.0%	58.924 μs	1	58.924 μs	58.924 μs	58.924 μs	58.924 μs	0 ns	PushPop	:{'Module': 'LlamaForCausalLM.model.layers.1.mlp.gate_up_proj', 'TrainableParams': {'weight': [16384, 2048]}, 'Inputs': [[1873, 2048]]}
0.0%	58.918 μs	1	58.918 μs	58.918 μs	58.918 μs	58.918 μs	0 ns	PushPop	:{'Module': 'LlamaForCausalLM.model.layers.7.mlp.act_fn', 'Inputs': [[20, 16384]]}
0.0%	58.912 μs	1	58.912 μs	58.912 μs	58.912 μs	58.912 μs	0 ns	PushPop	:{'Module': 'LlamaForCausalLM.model.layers.10.mlp.gate_up_proj', 'TrainableParams': {'weight': [16384, 2048]}, 'Inputs': [[84, 2048]]}
0.0%	58.805 μs	1	58.805 μs	58.805 μs	58.805 μs	58.805 μs	0 ns	PushPop	:{'Module': 'LlamaForCausalLM.model.layers.14.self_attn.o_proj', 'TrainableParams': {'weight': [2048, 2048]}, 'Inputs': [[20, 2048]]}
0.0%	58.771 μs	1	58.771 μs	58.771 μs	58.771 μs	58.771 μs	0 ns	PushPop	:{'Module': 'LlamaForCausalLM.model.layers.3.self_attn.qkv_proj', 'TrainableParams': {'weight': [3072, 2048]}, 'Inputs': [[84, 2048]]}
0.0%	58.668 μs	1	58.668 μs	58.668 μs	58.668 μs	58.668 μs	0 ns	PushPop	:{'Module': 'LlamaForCausalLM.model.layers.4.self_attn.o_proj', 'TrainableParams': {'weight': [2048, 2048]}, 'Inputs': [[4, 2048]]}
0.0%	58.533 μs	1	58.533 μs	58.533 μs	58.533 μs	58.533 μs	0 ns	PushPop	:{'Module': 'LlamaForCausalLM.model.layers.1.input_layernorm', 'TrainableParams': {'weight': [2048]}, 'Inputs': [[512, 2048], [512, 2048]]}
0.0%	58.517 μs	1	58.517 μs	58.517 μs	58.517 μs	58.517 μs	0 ns	PushPop	:{'Module': 'LlamaForCausalLM.model.layers.4.mlp.down_proj', 'TrainableParams': {'weight': [2048, 8192]}, 'Inputs': [[99, 8192]]}
0.0%	58.451 μs	1	58.451 μs	58.451 μs	58.451 μs	58.451 μs	0 ns	PushPop	:{'Module': 'LlamaForCausalLM.model.layers.3.mlp.gate_up_proj', 'TrainableParams': {'weight': [16384, 2048]}, 'Inputs': [[512, 2048]]}
0.0%	58.415 μs	1	58.415 μs	58.415 μs	58.415 μs	58.415 μs	0 ns	PushPop	:{'Module': 'LlamaForCausalLM.model.layers.6.mlp.down_proj', 'TrainableParams': {'weight': [2048, 8192]}, 'Inputs': [[36, 8192]]}
0.0%	58.338 μs	1	58.338 μs	58.338 μs	58.338 μs	58.338 μs	0 ns	PushPop	:{'Module': 'LlamaForCausalLM.model.layers.1.mlp.act_fn', 'Inputs': [[512, 16384]]}
0.0%	58.262 μs	1	58.262 μs	58.262 μs	58.262 μs	58.262 μs	0 ns	PushPop	:{'Module': 'LlamaForCausalLM.model.layers.9.mlp.down_proj', 'TrainableParams': {'weight': [2048, 8192]}, 'Inputs': [[52, 8192]]}
0.0%	58.246 μs	1	58.246 μs	58.246 μs	58.246 μs	58.246 μs	0 ns	PushPop	:{'Module': 'LlamaForCausalLM.model.layers.1.self_attn.o_proj', 'TrainableParams': {'weight': [2048, 2048]}, 'Inputs': [[256, 2048]]}
0.0%	58.245 μs	1	58.245 μs	58.245 μs	58.245 μs	58.245 μs	0 ns	PushPop	:{'Module': 'LlamaForCausalLM.model.layers.13.mlp.down_proj', 'TrainableParams': {'weight': [2048, 8192]}, 'Inputs': [[84, 8192]]}
0.0%	58.189 μs	1	58.189 μs	58.189 μs	58.189 μs	58.189 μs	0 ns	PushPop	:{'Module': 'LlamaForCausalLM.model.layers.15.mlp.down_proj', 'TrainableParams': {'weight': [2048, 8192]}, 'Inputs': [[16, 8192]]}
0.0%	58.140 μs	1	58.140 μs	58.140 μs	58.140 μs	58.140 μs	0 ns	PushPop	:{'Module': 'LlamaForCausalLM.model.layers.3.mlp.gate_up_proj', 'TrainableParams': {'weight': [16384, 2048]}, 'Inputs': [[1873, 2048]]}
0.0%	58.124 μs	1	58.124 μs	58.124 μs	58.124 μs	58.124 μs	0 ns	PushPop	:{'Module': 'LlamaForCausalLM.model.layers.4.self_attn.qkv_proj', 'TrainableParams': {'weight': [3072, 2048]}, 'Inputs': [[1873, 2048]]}
0.0%	58.028 μs	1	58.028 μs	58.028 μs	58.028 μs	58.028 μs	0 ns	PushPop	:{'Module': 'LlamaForCausalLM.model.layers.6.self_attn.qkv_proj', 'TrainableParams': {'weight': [3072, 2048]}, 'Inputs': [[16, 2048]]}
0.0%	58.004 μs	1	58.004 μs	58.004 μs	58.004 μs	58.004 μs	0 ns	PushPop	:{'Module': 'LlamaForCausalLM.model.layers.3.mlp.down_proj', 'TrainableParams': {'weight': [2048, 8192]}, 'Inputs': [[84, 8192]]}
0.0%	58.002 μs	1	58.002 μs	58.002 μs	58.002 μs	58.002 μs	0 ns	PushPop	:{'Module': 'LlamaForCausalLM.model.layers.0.mlp.act_fn', 'Inputs': [[4, 16384]]}
0.0%	57.996 μs	1	57.996 μs	57.996 μs	57.996 μs	57.996 μs	0 ns	PushPop	:{'Module': 'LlamaForCausalLM.model.layers.0.mlp.act_fn', 'Inputs': [[68, 16384]]}
0.0%	57.969 μs	1	57.969 μs	57.969 μs	57.969 μs	57.969 μs	0 ns	PushPop	:{'Module': 'LlamaForCausalLM.model.layers.4.self_attn.qkv_proj', 'TrainableParams': {'weight': [3072, 2048]}, 'Inputs': [[68, 2048]]}
0.0%	57.923 μs	1	57.923 μs	57.923 μs	57.923 μs	57.923 μs	0 ns	PushPop	:{'Module': 'LlamaForCausalLM.model.layers.6.mlp.gate_up_proj', 'TrainableParams': {'weight': [16384, 2048]}, 'Inputs': [[1873, 2048]]}
0.0%	57.919 μs	1	57.919 μs	57.919 μs	57.919 μs	57.919 μs	0 ns	PushPop	:{'Module': 'LlamaForCausalLM.model.layers.4.mlp.down_proj', 'TrainableParams': {'weight': [2048, 8192]}, 'Inputs': [[68, 8192]]}
0.0%	57.833 μs	1	57.833 μs	57.833 μs	57.833 μs	57.833 μs	0 ns	PushPop	:{'Module': 'LlamaForCausalLM.model.layers.5.self_attn.qkv_proj', 'TrainableParams': {'weight': [3072, 2048]}, 'Inputs': [[512, 2048]]}
0.0%	57.786 μs	1	57.786 μs	57.786 μs	57.786 μs	57.786 μs	0 ns	PushPop	:{'Module': 'LlamaForCausalLM.model.layers.2.mlp.gate_up_proj', 'TrainableParams': {'weight': [16384, 2048]}, 'Inputs': [[1873, 2048]]}
0.0%	57.752 μs	1	57.752 μs	57.752 μs	57.752 μs	57.752 μs	0 ns	PushPop	:{'Module': 'LlamaForCausalLM.model.layers.7.mlp.down_proj', 'TrainableParams': {'weight': [2048, 8192]}, 'Inputs': [[99, 8192]]}
0.0%	57.737 μs	1	57.737 μs	57.737 μs	57.737 μs	57.737 μs	0 ns	PushPop	:{'Module': 'LlamaForCausalLM.model.layers.9.mlp.down_proj', 'TrainableParams': {'weight': [2048, 8192]}, 'Inputs': [[84, 8192]]}
0.0%	57.724 μs	1	57.724 μs	57.724 μs	57.724 μs	57.724 μs	0 ns	PushPop	:{'Module': 'LlamaForCausalLM.model.layers.6.mlp.down_proj', 'TrainableParams': {'weight': [2048, 8192]}, 'Inputs': [[99, 8192]]}
0.0%	57.678 μs	1	57.678 μs	57.678 μs	57.678 μs	57.678 μs	0 ns	PushPop	:{'Module': 'LlamaForCausalLM.model.layers.11.mlp.down_proj', 'TrainableParams': {'weight': [2048, 8192]}, 'Inputs': [[52, 8192]]}
0.0%	57.643 μs	1	57.643 μs	57.643 μs	57.643 μs	57.643 μs	0 ns	PushPop	:{'Module': 'LlamaForCausalLM.model.layers.6.mlp.down_proj', 'TrainableParams': {'weight': [2048, 8192]}, 'Inputs': [[68, 8192]]}
0.0%	57.550 μs	1	57.550 μs	57.550 μs	57.550 μs	57.550 μs	0 ns	PushPop	:{'Module': 'LlamaForCausalLM.model.layers.9.mlp.gate_up_proj', 'TrainableParams': {'weight': [16384, 2048]}, 'Inputs': [[1873, 2048]]}
0.0%	57.531 μs	1	57.531 μs	57.531 μs	57.531 μs	57.531 μs	0 ns	PushPop	:{'Module': 'LlamaForCausalLM.model.layers.14.mlp.gate_up_proj', 'TrainableParams': {'weight': [16384, 2048]}, 'Inputs': [[20, 2048]]}
0.0%	57.487 μs	1	57.487 μs	57.487 μs	57.487 μs	57.487 μs	0 ns	PushPop	:{'Module': 'LlamaForCausalLM.model.layers.1.mlp.gate_up_proj', 'TrainableParams': {'weight': [16384, 2048]}, 'Inputs': [[16, 2048]]}
0.0%	57.460 μs	1	57.460 μs	57.460 μs	57.460 μs	57.460 μs	0 ns	PushPop	:{'Module': 'LlamaForCausalLM.model.layers.11.self_attn.o_proj', 'TrainableParams': {'weight': [2048, 2048]}, 'Inputs': [[256, 2048]]}
0.0%	57.433 μs	1	57.433 μs	57.433 μs	57.433 μs	57.433 μs	0 ns	PushPop	:{'Module': 'LlamaForCausalLM.model.layers.4.mlp.gate_up_proj', 'TrainableParams': {'weight': [16384, 2048]}, 'Inputs': [[1873, 2048]]}
0.0%	57.387 μs	1	57.387 μs	57.387 μs	57.387 μs	57.387 μs	0 ns	PushPop	:{'Module': 'LlamaForCausalLM.model.layers.6.self_attn.qkv_proj', 'TrainableParams': {'weight': [3072, 2048]}, 'Inputs': [[68, 2048]]}
0.0%	57.358 μs	1	57.358 μs	57.358 μs	57.358 μs	57.358 μs	0 ns	PushPop	:{'Module': 'LlamaForCausalLM.model.layers.1.mlp.down_proj', 'TrainableParams': {'weight': [2048, 8192]}, 'Inputs': [[52, 8192]]}
0.0%	57.344 μs	1	57.344 μs	57.344 μs	57.344 μs	57.344 μs	0 ns	PushPop	:{'Module': 'LlamaForCausalLM.model.layers.10.mlp.gate_up_proj', 'TrainableParams': {'weight': [16384, 2048]}, 'Inputs': [[1873, 2048]]}
0.0%	57.306 μs	1	57.306 μs	57.306 μs	57.306 μs	57.306 μs	0 ns	PushPop	:{'Module': 'LlamaForCausalLM.model.layers.1.mlp.down_proj', 'TrainableParams': {'weight': [2048, 8192]}, 'Inputs': [[84, 8192]]}
0.0%	57.237 μs	1	57.237 μs	57.237 μs	57.237 μs	57.237 μs	0 ns	PushPop	:{'Module': 'LlamaForCausalLM.model.layers.0.mlp.act_fn', 'Inputs': [[1873, 16384]]}
0.0%	57.234 μs	1	57.234 μs	57.234 μs	57.234 μs	57.234 μs	0 ns	PushPop	:{'Module': 'LlamaForCausalLM.model.layers.5.self_attn.qkv_proj', 'TrainableParams': {'weight': [3072, 2048]}, 'Inputs': [[16, 2048]]}
0.0%	57.232 μs	1	57.232 μs	57.232 μs	57.232 μs	57.232 μs	0 ns	PushPop	:{'Module': 'LlamaForCausalLM.model.layers.2.mlp.down_proj', 'TrainableParams': {'weight': [2048, 8192]}, 'Inputs': [[52, 8192]]}
0.0%	57.220 μs	1	57.220 μs	57.220 μs	57.220 μs	57.220 μs	0 ns	PushPop	:{'Module': 'LlamaForCausalLM.model.layers.12.mlp.down_proj', 'TrainableParams': {'weight': [2048, 8192]}, 'Inputs': [[68, 8192]]}
0.0%	57.185 μs	1	57.185 μs	57.185 μs	57.185 μs	57.185 μs	0 ns	PushPop	:{'Module': 'LlamaForCausalLM.model.layers.14.mlp.down_proj', 'TrainableParams': {'weight': [2048, 8192]}, 'Inputs': [[52, 8192]]}
0.0%	57.180 μs	1	57.180 μs	57.180 μs	57.180 μs	57.180 μs	0 ns	PushPop	:{'Module': 'LlamaForCausalLM.model.layers.10.self_attn.qkv_proj', 'TrainableParams': {'weight': [3072, 2048]}, 'Inputs': [[512, 2048]]}
0.0%	57.174 μs	1	57.174 μs	57.174 μs	57.174 μs	57.174 μs	0 ns	PushPop	:{'Module': 'LlamaForCausalLM.model.layers.11.mlp.gate_up_proj', 'TrainableParams': {'weight': [16384, 2048]}, 'Inputs': [[84, 2048]]}
0.0%	57.166 μs	1	57.166 μs	57.166 μs	57.166 μs	57.166 μs	0 ns	PushPop	:{'Module': 'LlamaForCausalLM.model.layers.11.mlp.down_proj', 'TrainableParams': {'weight': [2048, 8192]}, 'Inputs': [[84, 8192]]}
0.0%	56.960 μs	1	56.960 μs	56.960 μs	56.960 μs	56.960 μs	0 ns	PushPop	:{'Module': 'LlamaForCausalLM.model.layers.5.mlp.down_proj', 'TrainableParams': {'weight': [2048, 8192]}, 'Inputs': [[68, 8192]]}
0.0%	56.928 μs	1	56.928 μs	56.928 μs	56.928 μs	56.928 μs	0 ns	PushPop	:{'Module': 'LlamaForCausalLM.model.layers.6.mlp.gate_up_proj', 'TrainableParams': {'weight': [16384, 2048]}, 'Inputs': [[512, 2048]]}
0.0%	56.927 μs	1	56.927 μs	56.927 μs	56.927 μs	56.927 μs	0 ns	PushPop	:{'Module': 'LlamaForCausalLM.model.layers.5.mlp.gate_up_proj', 'TrainableParams': {'weight': [16384, 2048]}, 'Inputs': [[16, 2048]]}
0.0%	56.925 μs	1	56.925 μs	56.925 μs	56.925 μs	56.925 μs	0 ns	PushPop	:{'Module': 'LlamaForCausalLM.model.layers.7.self_attn.qkv_proj', 'TrainableParams': {'weight': [3072, 2048]}, 'Inputs': [[16, 2048]]}
0.0%	56.897 μs	1	56.897 μs	56.897 μs	56.897 μs	56.897 μs	0 ns	PushPop	:{'Module': 'LlamaForCausalLM.model.layers.8.mlp.down_proj', 'TrainableParams': {'weight': [2048, 8192]}, 'Inputs': [[84, 8192]]}
0.0%	56.895 μs	1	56.895 μs	56.895 μs	56.895 μs	56.895 μs	0 ns	PushPop	:{'Module': 'LlamaForCausalLM.model.layers.6.mlp.down_proj', 'TrainableParams': {'weight': [2048, 8192]}, 'Inputs': [[52, 8192]]}
0.0%	56.872 μs	1	56.872 μs	56.872 μs	56.872 μs	56.872 μs	0 ns	PushPop	:{'Module': 'LlamaForCausalLM.model.layers.1.self_attn.qkv_proj', 'TrainableParams': {'weight': [3072, 2048]}, 'Inputs': [[20, 2048]]}
0.0%	56.867 μs	1	56.867 μs	56.867 μs	56.867 μs	56.867 μs	0 ns	PushPop	:{'Module': 'LlamaForCausalLM.model.layers.3.mlp.down_proj', 'TrainableParams': {'weight': [2048, 8192]}, 'Inputs': [[52, 8192]]}
0.0%	56.841 μs	1	56.841 μs	56.841 μs	56.841 μs	56.841 μs	0 ns	PushPop	:{'Module': 'LlamaForCausalLM.model.layers.4.mlp.act_fn', 'Inputs': [[256, 16384]]}
0.0%	56.829 μs	1	56.829 μs	56.829 μs	56.829 μs	56.829 μs	0 ns	PushPop	:{'Module': 'LlamaForCausalLM.model.layers.13.mlp.down_proj', 'TrainableParams': {'weight': [2048, 8192]}, 'Inputs': [[16, 8192]]}
0.0%	56.813 μs	1	56.813 μs	56.813 μs	56.813 μs	56.813 μs	0 ns	PushPop	:{'Module': 'LlamaForCausalLM.model.layers.10.mlp.down_proj', 'TrainableParams': {'weight': [2048, 8192]}, 'Inputs': [[52, 8192]]}
0.0%	56.777 μs	1	56.777 μs	56.777 μs	56.777 μs	56.777 μs	0 ns	PushPop	:{'Module': 'LlamaForCausalLM.model.layers.1.mlp.down_proj', 'TrainableParams': {'weight': [2048, 8192]}, 'Inputs': [[512, 8192]]}
0.0%	56.733 μs	1	56.733 μs	56.733 μs	56.733 μs	56.733 μs	0 ns	PushPop	:{'Module': 'LlamaForCausalLM.model.layers.15.self_attn.qkv_proj', 'TrainableParams': {'weight': [3072, 2048]}, 'Inputs': [[512, 2048]]}
0.0%	56.723 μs	1	56.723 μs	56.723 μs	56.723 μs	56.723 μs	0 ns	PushPop	:{'Module': 'LlamaForCausalLM.model.layers.15.mlp.gate_up_proj', 'TrainableParams': {'weight': [16384, 2048]}, 'Inputs': [[512, 2048]]}
0.0%	56.707 μs	1	56.707 μs	56.707 μs	56.707 μs	56.707 μs	0 ns	PushPop	:{'Module': 'LlamaForCausalLM.model.layers.9.mlp.down_proj', 'TrainableParams': {'weight': [2048, 8192]}, 'Inputs': [[68, 8192]]}
0.0%	56.684 μs	1	56.684 μs	56.684 μs	56.684 μs	56.684 μs	0 ns	PushPop	:{'Module': 'LlamaForCausalLM.model.layers.12.mlp.gate_up_proj', 'TrainableParams': {'weight': [16384, 2048]}, 'Inputs': [[512, 2048]]}
0.0%	56.601 μs	1	56.601 μs	56.601 μs	56.601 μs	56.601 μs	0 ns	PushPop	:{'Module': 'LlamaForCausalLM.model.layers.14.mlp.gate_up_proj', 'TrainableParams': {'weight': [16384, 2048]}, 'Inputs': [[512, 2048]]}
0.0%	56.586 μs	1	56.586 μs	56.586 μs	56.586 μs	56.586 μs	0 ns	PushPop	:{'Module': 'LlamaForCausalLM.model.layers.6.mlp.gate_up_proj', 'TrainableParams': {'weight': [16384, 2048]}, 'Inputs': [[84, 2048]]}
0.0%	56.582 μs	1	56.582 μs	56.582 μs	56.582 μs	56.582 μs	0 ns	PushPop	:{'Module': 'LlamaForCausalLM.model.layers.10.mlp.down_proj', 'TrainableParams': {'weight': [2048, 8192]}, 'Inputs': [[36, 8192]]}
0.0%	56.537 μs	1	56.537 μs	56.537 μs	56.537 μs	56.537 μs	0 ns	PushPop	:{'Module': 'LlamaForCausalLM.model.layers.13.self_attn.o_proj', 'TrainableParams': {'weight': [2048, 2048]}, 'Inputs': [[256, 2048]]}
0.0%	56.519 μs	1	56.519 μs	56.519 μs	56.519 μs	56.519 μs	0 ns	PushPop	:{'Module': 'LlamaForCausalLM.model.layers.3.mlp.down_proj', 'TrainableParams': {'weight': [2048, 8192]}, 'Inputs': [[68, 8192]]}
0.0%	56.512 μs	1	56.512 μs	56.512 μs	56.512 μs	56.512 μs	0 ns	PushPop	:{'Module': 'LlamaForCausalLM.model.layers.12.mlp.gate_up_proj', 'TrainableParams': {'weight': [16384, 2048]}, 'Inputs': [[256, 2048]]}
0.0%	56.493 μs	1	56.493 μs	56.493 μs	56.493 μs	56.493 μs	0 ns	PushPop	:{'Module': 'LlamaForCausalLM.model.layers.3.self_attn.qkv_proj', 'TrainableParams': {'weight': [3072, 2048]}, 'Inputs': [[1873, 2048]]}
0.0%	56.480 μs	1	56.480 μs	56.480 μs	56.480 μs	56.480 μs	0 ns	PushPop	:{'Module': 'LlamaForCausalLM.model.layers.8.mlp.down_proj', 'TrainableParams': {'weight': [2048, 8192]}, 'Inputs': [[52, 8192]]}
0.0%	56.453 μs	1	56.453 μs	56.453 μs	56.453 μs	56.453 μs	0 ns	PushPop	:{'Module': 'LlamaForCausalLM.model.layers.9.mlp.down_proj', 'TrainableParams': {'weight': [2048, 8192]}, 'Inputs': [[99, 8192]]}
0.0%	56.402 μs	1	56.402 μs	56.402 μs	56.402 μs	56.402 μs	0 ns	PushPop	:{'Module': 'LlamaForCausalLM.model.layers.4.mlp.down_proj', 'TrainableParams': {'weight': [2048, 8192]}, 'Inputs': [[16, 8192]]}
0.0%	56.371 μs	1	56.371 μs	56.371 μs	56.371 μs	56.371 μs	0 ns	PushPop	:{'Module': 'LlamaForCausalLM.model.layers.8.mlp.gate_up_proj', 'TrainableParams': {'weight': [16384, 2048]}, 'Inputs': [[1873, 2048]]}
0.0%	56.322 μs	1	56.322 μs	56.322 μs	56.322 μs	56.322 μs	0 ns	PushPop	:{'Module': 'LlamaForCausalLM.model.layers.5.mlp.act_fn', 'Inputs': [[16, 16384]]}
0.0%	56.321 μs	1	56.321 μs	56.321 μs	56.321 μs	56.321 μs	0 ns	PushPop	:{'Module': 'LlamaForCausalLM.model.layers.6.mlp.gate_up_proj', 'TrainableParams': {'weight': [16384, 2048]}, 'Inputs': [[99, 2048]]}
0.0%	56.279 μs	1	56.279 μs	56.279 μs	56.279 μs	56.279 μs	0 ns	PushPop	:{'Module': 'LlamaForCausalLM.model.layers.3.self_attn.qkv_proj', 'TrainableParams': {'weight': [3072, 2048]}, 'Inputs': [[16, 2048]]}
0.0%	56.277 μs	1	56.277 μs	56.277 μs	56.277 μs	56.277 μs	0 ns	PushPop	:{'Module': 'LlamaForCausalLM.model.layers.5.mlp.down_proj', 'TrainableParams': {'weight': [2048, 8192]}, 'Inputs': [[52, 8192]]}
0.0%	56.275 μs	1	56.275 μs	56.275 μs	56.275 μs	56.275 μs	0 ns	PushPop	:{'Module': 'LlamaForCausalLM.model.layers.10.mlp.down_proj', 'TrainableParams': {'weight': [2048, 8192]}, 'Inputs': [[20, 8192]]}
0.0%	56.263 μs	1	56.263 μs	56.263 μs	56.263 μs	56.263 μs	0 ns	PushPop	:{'Module': 'LlamaForCausalLM.model.layers.8.mlp.down_proj', 'TrainableParams': {'weight': [2048, 8192]}, 'Inputs': [[68, 8192]]}
0.0%	56.221 μs	1	56.221 μs	56.221 μs	56.221 μs	56.221 μs	0 ns	PushPop	:{'Module': 'LlamaForCausalLM.model.layers.4.self_attn.o_proj', 'TrainableParams': {'weight': [2048, 2048]}, 'Inputs': [[256, 2048]]}
0.0%	56.212 μs	1	56.212 μs	56.212 μs	56.212 μs	56.212 μs	0 ns	PushPop	:{'Module': 'LlamaForCausalLM.model.layers.7.mlp.down_proj', 'TrainableParams': {'weight': [2048, 8192]}, 'Inputs': [[52, 8192]]}
0.0%	56.210 μs	1	56.210 μs	56.210 μs	56.210 μs	56.210 μs	0 ns	PushPop	:{'Module': 'LlamaForCausalLM.model.layers.9.self_attn.qkv_proj', 'TrainableParams': {'weight': [3072, 2048]}, 'Inputs': [[52, 2048]]}
0.0%	56.206 μs	1	56.206 μs	56.206 μs	56.206 μs	56.206 μs	0 ns	PushPop	:{'Module': 'LlamaForCausalLM.model.layers.9.self_attn.qkv_proj', 'TrainableParams': {'weight': [3072, 2048]}, 'Inputs': [[16, 2048]]}
0.0%	56.160 μs	1	56.160 μs	56.160 μs	56.160 μs	56.160 μs	0 ns	PushPop	:{'Module': 'LlamaForCausalLM.model.layers.11.mlp.gate_up_proj', 'TrainableParams': {'weight': [16384, 2048]}, 'Inputs': [[1873, 2048]]}
0.0%	56.144 μs	1	56.144 μs	56.144 μs	56.144 μs	56.144 μs	0 ns	PushPop	:{'Module': 'LlamaForCausalLM.model.layers.5.mlp.gate_up_proj', 'TrainableParams': {'weight': [16384, 2048]}, 'Inputs': [[68, 2048]]}
0.0%	56.140 μs	1	56.140 μs	56.140 μs	56.140 μs	56.140 μs	0 ns	PushPop	:{'Module': 'LlamaForCausalLM.model.layers.2.mlp.gate_up_proj', 'TrainableParams': {'weight': [16384, 2048]}, 'Inputs': [[16, 2048]]}
0.0%	56.121 μs	1	56.121 μs	56.121 μs	56.121 μs	56.121 μs	0 ns	PushPop	:{'Module': 'LlamaForCausalLM.model.layers.5.mlp.down_proj', 'TrainableParams': {'weight': [2048, 8192]}, 'Inputs': [[84, 8192]]}
0.0%	56.096 μs	1	56.096 μs	56.096 μs	56.096 μs	56.096 μs	0 ns	PushPop	:{'Module': 'LlamaForCausalLM.model.layers.1.mlp.down_proj', 'TrainableParams': {'weight': [2048, 8192]}, 'Inputs': [[36, 8192]]}
0.0%	56.057 μs	1	56.057 μs	56.057 μs	56.057 μs	56.057 μs	0 ns	PushPop	:{'Module': 'LlamaForCausalLM.model.layers.10.mlp.gate_up_proj', 'TrainableParams': {'weight': [16384, 2048]}, 'Inputs': [[256, 2048]]}
0.0%	56.051 μs	1	56.051 μs	56.051 μs	56.051 μs	56.051 μs	0 ns	PushPop	:{'Module': 'LlamaForCausalLM.model.layers.11.mlp.gate_up_proj', 'TrainableParams': {'weight': [16384, 2048]}, 'Inputs': [[16, 2048]]}
0.0%	56.041 μs	1	56.041 μs	56.041 μs	56.041 μs	56.041 μs	0 ns	PushPop	:{'Module': 'LlamaForCausalLM.model.layers.10.mlp.down_proj', 'TrainableParams': {'weight': [2048, 8192]}, 'Inputs': [[84, 8192]]}
0.0%	55.896 μs	1	55.896 μs	55.896 μs	55.896 μs	55.896 μs	0 ns	PushPop	:{'Module': 'LlamaForCausalLM.model.layers.11.mlp.down_proj', 'TrainableParams': {'weight': [2048, 8192]}, 'Inputs': [[68, 8192]]}
0.0%	55.878 μs	1	55.878 μs	55.878 μs	55.878 μs	55.878 μs	0 ns	PushPop	:{'Module': 'LlamaForCausalLM.model.layers.5.mlp.down_proj', 'TrainableParams': {'weight': [2048, 8192]}, 'Inputs': [[16, 8192]]}
0.0%	55.874 μs	1	55.874 μs	55.874 μs	55.874 μs	55.874 μs	0 ns	PushPop	:{'Module': 'LlamaForCausalLM.model.layers.14.mlp.down_proj', 'TrainableParams': {'weight': [2048, 8192]}, 'Inputs': [[68, 8192]]}
0.0%	55.842 μs	1	55.842 μs	55.842 μs	55.842 μs	55.842 μs	0 ns	PushPop	:{'Module': 'LlamaForCausalLM.model.layers.11.mlp.gate_up_proj', 'TrainableParams': {'weight': [16384, 2048]}, 'Inputs': [[512, 2048]]}
0.0%	55.810 μs	1	55.810 μs	55.810 μs	55.810 μs	55.810 μs	0 ns	PushPop	:{'Module': 'LlamaForCausalLM.model.layers.7.mlp.gate_up_proj', 'TrainableParams': {'weight': [16384, 2048]}, 'Inputs': [[1873, 2048]]}
0.0%	55.806 μs	1	55.806 μs	55.806 μs	55.806 μs	55.806 μs	0 ns	PushPop	:{'Module': 'LlamaForCausalLM.model.layers.11.self_attn.qkv_proj', 'TrainableParams': {'weight': [3072, 2048]}, 'Inputs': [[20, 2048]]}
0.0%	55.785 μs	1	55.785 μs	55.785 μs	55.785 μs	55.785 μs	0 ns	PushPop	:{'Module': 'LlamaForCausalLM.model.layers.13.self_attn.qkv_proj', 'TrainableParams': {'weight': [3072, 2048]}, 'Inputs': [[16, 2048]]}
0.0%	55.728 μs	1	55.728 μs	55.728 μs	55.728 μs	55.728 μs	0 ns	PushPop	:{'Module': 'LlamaForCausalLM.model.layers.6.mlp.gate_up_proj', 'TrainableParams': {'weight': [16384, 2048]}, 'Inputs': [[256, 2048]]}
0.0%	55.714 μs	1	55.714 μs	55.714 μs	55.714 μs	55.714 μs	0 ns	PushPop	:{'Module': 'LlamaForCausalLM.model.layers.15.mlp.act_fn', 'Inputs': [[16, 16384]]}
0.0%	55.701 μs	1	55.701 μs	55.701 μs	55.701 μs	55.701 μs	0 ns	PushPop	:{'Module': 'LlamaForCausalLM.model.layers.15.self_attn.qkv_proj', 'TrainableParams': {'weight': [3072, 2048]}, 'Inputs': [[16, 2048]]}
0.0%	55.696 μs	1	55.696 μs	55.696 μs	55.696 μs	55.696 μs	0 ns	PushPop	:{'Module': 'LlamaForCausalLM.model.layers.7.self_attn.qkv_proj', 'TrainableParams': {'weight': [3072, 2048]}, 'Inputs': [[512, 2048]]}
0.0%	55.673 μs	1	55.673 μs	55.673 μs	55.673 μs	55.673 μs	0 ns	PushPop	:{'Module': 'LlamaForCausalLM.model.layers.12.self_attn.o_proj', 'TrainableParams': {'weight': [2048, 2048]}, 'Inputs': [[256, 2048]]}
0.0%	55.666 μs	1	55.666 μs	55.666 μs	55.666 μs	55.666 μs	0 ns	PushPop	:{'Module': 'LlamaForCausalLM.model.layers.2.mlp.gate_up_proj', 'TrainableParams': {'weight': [16384, 2048]}, 'Inputs': [[4, 2048]]}
0.0%	55.642 μs	1	55.642 μs	55.642 μs	55.642 μs	55.642 μs	0 ns	PushPop	:{'Module': 'LlamaForCausalLM.model.layers.10.mlp.down_proj', 'TrainableParams': {'weight': [2048, 8192]}, 'Inputs': [[16, 8192]]}
0.0%	55.619 μs	1	55.619 μs	55.619 μs	55.619 μs	55.619 μs	0 ns	PushPop	:{'Module': 'LlamaForCausalLM.model.layers.14.mlp.gate_up_proj', 'TrainableParams': {'weight': [16384, 2048]}, 'Inputs': [[84, 2048]]}
0.0%	55.611 μs	1	55.611 μs	55.611 μs	55.611 μs	55.611 μs	0 ns	PushPop	:{'Module': 'LlamaForCausalLM.model.layers.7.mlp.gate_up_proj', 'TrainableParams': {'weight': [16384, 2048]}, 'Inputs': [[99, 2048]]}
0.0%	55.606 μs	1	55.606 μs	55.606 μs	55.606 μs	55.606 μs	0 ns	PushPop	:{'Module': 'LlamaForCausalLM.model.layers.12.mlp.down_proj', 'TrainableParams': {'weight': [2048, 8192]}, 'Inputs': [[84, 8192]]}
0.0%	55.601 μs	1	55.601 μs	55.601 μs	55.601 μs	55.601 μs	0 ns	PushPop	:{'Module': 'LlamaForCausalLM.model.layers.10.mlp.down_proj', 'TrainableParams': {'weight': [2048, 8192]}, 'Inputs': [[68, 8192]]}
0.0%	55.601 μs	1	55.601 μs	55.601 μs	55.601 μs	55.601 μs	0 ns	PushPop	:{'Module': 'LlamaForCausalLM.model.layers.10.self_attn.qkv_proj', 'TrainableParams': {'weight': [3072, 2048]}, 'Inputs': [[20, 2048]]}
0.0%	55.595 μs	1	55.595 μs	55.595 μs	55.595 μs	55.595 μs	0 ns	PushPop	:{'Module': 'LlamaForCausalLM.model.layers.5.self_attn.o_proj', 'TrainableParams': {'weight': [2048, 2048]}, 'Inputs': [[256, 2048]]}
0.0%	55.487 μs	1	55.487 μs	55.487 μs	55.487 μs	55.487 μs	0 ns	PushPop	:{'Module': 'LlamaForCausalLM.model.layers.14.mlp.gate_up_proj', 'TrainableParams': {'weight': [16384, 2048]}, 'Inputs': [[16, 2048]]}
0.0%	55.473 μs	1	55.473 μs	55.473 μs	55.473 μs	55.473 μs	0 ns	PushPop	:{'Module': 'LlamaForCausalLM.model.layers.3.mlp.gate_up_proj', 'TrainableParams': {'weight': [16384, 2048]}, 'Inputs': [[99, 2048]]}
0.0%	55.443 μs	1	55.443 μs	55.443 μs	55.443 μs	55.443 μs	0 ns	PushPop	:{'Module': 'LlamaForCausalLM.model.layers.10.mlp.gate_up_proj', 'TrainableParams': {'weight': [16384, 2048]}, 'Inputs': [[68, 2048]]}
0.0%	55.435 μs	1	55.435 μs	55.435 μs	55.435 μs	55.435 μs	0 ns	PushPop	:{'Module': 'LlamaForCausalLM.model.layers.12.mlp.gate_up_proj', 'TrainableParams': {'weight': [16384, 2048]}, 'Inputs': [[68, 2048]]}
0.0%	55.418 μs	1	55.418 μs	55.418 μs	55.418 μs	55.418 μs	0 ns	PushPop	:{'Module': 'LlamaForCausalLM.model.layers.3.mlp.gate_up_proj', 'TrainableParams': {'weight': [16384, 2048]}, 'Inputs': [[256, 2048]]}
0.0%	55.396 μs	1	55.396 μs	55.396 μs	55.396 μs	55.396 μs	0 ns	PushPop	:{'Module': 'LlamaForCausalLM.model.layers.8.self_attn.qkv_proj', 'TrainableParams': {'weight': [3072, 2048]}, 'Inputs': [[20, 2048]]}
0.0%	55.366 μs	1	55.366 μs	55.366 μs	55.366 μs	55.366 μs	0 ns	PushPop	:{'Module': 'LlamaForCausalLM.model.layers.1.mlp.gate_up_proj', 'TrainableParams': {'weight': [16384, 2048]}, 'Inputs': [[84, 2048]]}
0.0%	55.268 μs	1	55.268 μs	55.268 μs	55.268 μs	55.268 μs	0 ns	PushPop	:{'Module': 'LlamaForCausalLM.model.layers.6.mlp.gate_up_proj', 'TrainableParams': {'weight': [16384, 2048]}, 'Inputs': [[36, 2048]]}
0.0%	55.234 μs	1	55.234 μs	55.234 μs	55.234 μs	55.234 μs	0 ns	PushPop	:{'Module': 'LlamaForCausalLM.model.layers.8.mlp.gate_up_proj', 'TrainableParams': {'weight': [16384, 2048]}, 'Inputs': [[4, 2048]]}
0.0%	55.205 μs	1	55.205 μs	55.205 μs	55.205 μs	55.205 μs	0 ns	PushPop	:{'Module': 'LlamaForCausalLM.model.layers.2.mlp.gate_up_proj', 'TrainableParams': {'weight': [16384, 2048]}, 'Inputs': [[52, 2048]]}
0.0%	55.200 μs	1	55.200 μs	55.200 μs	55.200 μs	55.200 μs	0 ns	PushPop	:{'Module': 'LlamaForCausalLM.model.layers.15.mlp.down_proj', 'TrainableParams': {'weight': [2048, 8192]}, 'Inputs': [[68, 8192]]}
0.0%	55.196 μs	1	55.196 μs	55.196 μs	55.196 μs	55.196 μs	0 ns	PushPop	:{'Module': 'LlamaForCausalLM.model.layers.1.mlp.down_proj', 'TrainableParams': {'weight': [2048, 8192]}, 'Inputs': [[99, 8192]]}
0.0%	55.174 μs	1	55.174 μs	55.174 μs	55.174 μs	55.174 μs	0 ns	PushPop	:{'Module': 'LlamaForCausalLM.model.layers.9.mlp.down_proj', 'TrainableParams': {'weight': [2048, 8192]}, 'Inputs': [[36, 8192]]}
0.0%	55.168 μs	1	55.168 μs	55.168 μs	55.168 μs	55.168 μs	0 ns	PushPop	:{'Module': 'LlamaForCausalLM.model.layers.7.mlp.down_proj', 'TrainableParams': {'weight': [2048, 8192]}, 'Inputs': [[16, 8192]]}
0.0%	55.126 μs	1	55.126 μs	55.126 μs	55.126 μs	55.126 μs	0 ns	PushPop	:{'Module': 'LlamaForCausalLM.model.layers.6.self_attn.qkv_proj', 'TrainableParams': {'weight': [3072, 2048]}, 'Inputs': [[1873, 2048]]}
0.0%	55.115 μs	1	55.115 μs	55.115 μs	55.115 μs	55.115 μs	0 ns	PushPop	:{'Module': 'LlamaForCausalLM.model.layers.0.input_layernorm', 'TrainableParams': {'weight': [2048]}, 'Inputs': [[36, 2048]]}
0.0%	55.104 μs	1	55.104 μs	55.104 μs	55.104 μs	55.104 μs	0 ns	PushPop	:{'Module': 'LlamaForCausalLM.model.layers.3.mlp.gate_up_proj', 'TrainableParams': {'weight': [16384, 2048]}, 'Inputs': [[52, 2048]]}
0.0%	55.078 μs	1	55.078 μs	55.078 μs	55.078 μs	55.078 μs	0 ns	PushPop	:{'Module': 'LlamaForCausalLM.model.layers.13.mlp.gate_up_proj', 'TrainableParams': {'weight': [16384, 2048]}, 'Inputs': [[4, 2048]]}
0.0%	55.025 μs	1	55.025 μs	55.025 μs	55.025 μs	55.025 μs	0 ns	PushPop	:{'Module': 'LlamaForCausalLM.model.layers.4.mlp.gate_up_proj', 'TrainableParams': {'weight': [16384, 2048]}, 'Inputs': [[84, 2048]]}
0.0%	54.995 μs	1	54.995 μs	54.995 μs	54.995 μs	54.995 μs	0 ns	PushPop	:{'Module': 'LlamaForCausalLM.model.layers.8.self_attn.o_proj', 'TrainableParams': {'weight': [2048, 2048]}, 'Inputs': [[256, 2048]]}
0.0%	54.977 μs	1	54.977 μs	54.977 μs	54.977 μs	54.977 μs	0 ns	PushPop	:{'Module': 'LlamaForCausalLM.model.layers.4.mlp.down_proj', 'TrainableParams': {'weight': [2048, 8192]}, 'Inputs': [[36, 8192]]}
0.0%	54.963 μs	1	54.963 μs	54.963 μs	54.963 μs	54.963 μs	0 ns	PushPop	:{'Module': 'LlamaForCausalLM.model.layers.3.mlp.down_proj', 'TrainableParams': {'weight': [2048, 8192]}, 'Inputs': [[36, 8192]]}
0.0%	54.952 μs	1	54.952 μs	54.952 μs	54.952 μs	54.952 μs	0 ns	PushPop	:{'Module': 'LlamaForCausalLM.model.layers.9.self_attn.qkv_proj', 'TrainableParams': {'weight': [3072, 2048]}, 'Inputs': [[4, 2048]]}
0.0%	54.951 μs	1	54.951 μs	54.951 μs	54.951 μs	54.951 μs	0 ns	PushPop	:{'Module': 'LlamaForCausalLM.model.layers.12.self_attn.qkv_proj', 'TrainableParams': {'weight': [3072, 2048]}, 'Inputs': [[1873, 2048]]}
0.0%	54.939 μs	1	54.939 μs	54.939 μs	54.939 μs	54.939 μs	0 ns	PushPop	:{'Module': 'LlamaForCausalLM.model.layers.4.mlp.down_proj', 'TrainableParams': {'weight': [2048, 8192]}, 'Inputs': [[52, 8192]]}
0.0%	54.927 μs	1	54.927 μs	54.927 μs	54.927 μs	54.927 μs	0 ns	PushPop	:{'Module': 'LlamaForCausalLM.model.layers.8.mlp.gate_up_proj', 'TrainableParams': {'weight': [16384, 2048]}, 'Inputs': [[20, 2048]]}
0.0%	54.899 μs	1	54.899 μs	54.899 μs	54.899 μs	54.899 μs	0 ns	PushPop	:{'Module': 'LlamaForCausalLM.model.layers.9.mlp.gate_up_proj', 'TrainableParams': {'weight': [16384, 2048]}, 'Inputs': [[84, 2048]]}
0.0%	54.878 μs	1	54.878 μs	54.878 μs	54.878 μs	54.878 μs	0 ns	PushPop	:{'Module': 'LlamaForCausalLM.model.layers.14.mlp.down_proj', 'TrainableParams': {'weight': [2048, 8192]}, 'Inputs': [[84, 8192]]}
0.0%	54.875 μs	1	54.875 μs	54.875 μs	54.875 μs	54.875 μs	0 ns	PushPop	:{'Module': 'LlamaForCausalLM.model.layers.3.mlp.gate_up_proj', 'TrainableParams': {'weight': [16384, 2048]}, 'Inputs': [[16, 2048]]}
0.0%	54.861 μs	1	54.861 μs	54.861 μs	54.861 μs	54.861 μs	0 ns	PushPop	:{'Module': 'LlamaForCausalLM.model.layers.8.self_attn.qkv_proj', 'TrainableParams': {'weight': [3072, 2048]}, 'Inputs': [[16, 2048]]}
0.0%	54.858 μs	1	54.858 μs	54.858 μs	54.858 μs	54.858 μs	0 ns	PushPop	:{'Module': 'LlamaForCausalLM.model.layers.6.mlp.gate_up_proj', 'TrainableParams': {'weight': [16384, 2048]}, 'Inputs': [[52, 2048]]}
0.0%	54.828 μs	1	54.828 μs	54.828 μs	54.828 μs	54.828 μs	0 ns	PushPop	:{'Module': 'LlamaForCausalLM.model.layers.11.self_attn.qkv_proj', 'TrainableParams': {'weight': [3072, 2048]}, 'Inputs': [[4, 2048]]}
0.0%	54.825 μs	1	54.825 μs	54.825 μs	54.825 μs	54.825 μs	0 ns	PushPop	:{'Module': 'LlamaForCausalLM.model.layers.15.mlp.gate_up_proj', 'TrainableParams': {'weight': [16384, 2048]}, 'Inputs': [[4, 2048]]}
0.0%	54.822 μs	1	54.822 μs	54.822 μs	54.822 μs	54.822 μs	0 ns	PushPop	:{'Module': 'LlamaForCausalLM.model.layers.11.mlp.down_proj', 'TrainableParams': {'weight': [2048, 8192]}, 'Inputs': [[99, 8192]]}
0.0%	54.812 μs	1	54.812 μs	54.812 μs	54.812 μs	54.812 μs	0 ns	PushPop	:{'Module': 'LlamaForCausalLM.model.layers.6.mlp.gate_up_proj', 'TrainableParams': {'weight': [16384, 2048]}, 'Inputs': [[68, 2048]]}
0.0%	54.802 μs	1	54.802 μs	54.802 μs	54.802 μs	54.802 μs	0 ns	PushPop	:{'Module': 'LlamaForCausalLM.model.layers.4.mlp.gate_up_proj', 'TrainableParams': {'weight': [16384, 2048]}, 'Inputs': [[256, 2048]]}
0.0%	54.798 μs	1	54.798 μs	54.798 μs	54.798 μs	54.798 μs	0 ns	PushPop	:{'Module': 'LlamaForCausalLM.model.layers.12.mlp.gate_up_proj', 'TrainableParams': {'weight': [16384, 2048]}, 'Inputs': [[84, 2048]]}
0.0%	54.784 μs	1	54.784 μs	54.784 μs	54.784 μs	54.784 μs	0 ns	PushPop	:{'Module': 'LlamaForCausalLM.model.layers.7.mlp.gate_up_proj', 'TrainableParams': {'weight': [16384, 2048]}, 'Inputs': [[52, 2048]]}
0.0%	54.784 μs	1	54.784 μs	54.784 μs	54.784 μs	54.784 μs	0 ns	PushPop	:{'Module': 'LlamaForCausalLM.model.layers.9.self_attn.qkv_proj', 'TrainableParams': {'weight': [3072, 2048]}, 'Inputs': [[20, 2048]]}
0.0%	54.755 μs	1	54.755 μs	54.755 μs	54.755 μs	54.755 μs	0 ns	PushPop	:{'Module': 'LlamaForCausalLM.model.layers.2.mlp.down_proj', 'TrainableParams': {'weight': [2048, 8192]}, 'Inputs': [[84, 8192]]}
0.0%	54.744 μs	1	54.744 μs	54.744 μs	54.744 μs	54.744 μs	0 ns	PushPop	:{'Module': 'LlamaForCausalLM.model.layers.10.mlp.gate_up_proj', 'TrainableParams': {'weight': [16384, 2048]}, 'Inputs': [[36, 2048]]}
0.0%	54.735 μs	1	54.735 μs	54.735 μs	54.735 μs	54.735 μs	0 ns	PushPop	:{'Module': 'LlamaForCausalLM.model.layers.7.mlp.down_proj', 'TrainableParams': {'weight': [2048, 8192]}, 'Inputs': [[512, 8192]]}
0.0%	54.662 μs	1	54.662 μs	54.662 μs	54.662 μs	54.662 μs	0 ns	PushPop	:{'Module': 'LlamaForCausalLM.model.layers.13.mlp.down_proj', 'TrainableParams': {'weight': [2048, 8192]}, 'Inputs': [[36, 8192]]}
0.0%	54.651 μs	1	54.651 μs	54.651 μs	54.651 μs	54.651 μs	0 ns	PushPop	:{'Module': 'LlamaForCausalLM.model.layers.7.mlp.act_fn', 'Inputs': [[36, 16384]]}
0.0%	54.650 μs	1	54.650 μs	54.650 μs	54.650 μs	54.650 μs	0 ns	PushPop	:{'Module': 'LlamaForCausalLM.model.layers.9.self_attn.o_proj', 'TrainableParams': {'weight': [2048, 2048]}, 'Inputs': [[256, 2048]]}
0.0%	54.633 μs	1	54.633 μs	54.633 μs	54.633 μs	54.633 μs	0 ns	PushPop	:{'Module': 'LlamaForCausalLM.model.layers.15.mlp.down_proj', 'TrainableParams': {'weight': [2048, 8192]}, 'Inputs': [[52, 8192]]}
0.0%	54.631 μs	1	54.631 μs	54.631 μs	54.631 μs	54.631 μs	0 ns	PushPop	:{'Module': 'LlamaForCausalLM.model.layers.10.mlp.gate_up_proj', 'TrainableParams': {'weight': [16384, 2048]}, 'Inputs': [[52, 2048]]}
0.0%	54.618 μs	1	54.618 μs	54.618 μs	54.618 μs	54.618 μs	0 ns	PushPop	:{'Module': 'LlamaForCausalLM.model.layers.14.mlp.down_proj', 'TrainableParams': {'weight': [2048, 8192]}, 'Inputs': [[36, 8192]]}
0.0%	54.610 μs	1	54.610 μs	54.610 μs	54.610 μs	54.610 μs	0 ns	PushPop	:{'Module': 'LlamaForCausalLM.model.layers.6.mlp.gate_up_proj', 'TrainableParams': {'weight': [16384, 2048]}, 'Inputs': [[16, 2048]]}
0.0%	54.584 μs	1	54.584 μs	54.584 μs	54.584 μs	54.584 μs	0 ns	PushPop	:{'Module': 'LlamaForCausalLM.model.layers.8.mlp.gate_up_proj', 'TrainableParams': {'weight': [16384, 2048]}, 'Inputs': [[99, 2048]]}
0.0%	54.564 μs	1	54.564 μs	54.564 μs	54.564 μs	54.564 μs	0 ns	PushPop	:{'Module': 'LlamaForCausalLM.model.layers.9.self_attn.qkv_proj', 'TrainableParams': {'weight': [3072, 2048]}, 'Inputs': [[1873, 2048]]}
0.0%	54.539 μs	1	54.539 μs	54.539 μs	54.539 μs	54.539 μs	0 ns	PushPop	:{'Module': 'LlamaForCausalLM.model.layers.2.self_attn.qkv_proj', 'TrainableParams': {'weight': [3072, 2048]}, 'Inputs': [[36, 2048]]}
0.0%	54.513 μs	1	54.513 μs	54.513 μs	54.513 μs	54.513 μs	0 ns	PushPop	:{'Module': 'LlamaForCausalLM.model.layers.15.mlp.down_proj', 'TrainableParams': {'weight': [2048, 8192]}, 'Inputs': [[84, 8192]]}
0.0%	54.491 μs	1	54.491 μs	54.491 μs	54.491 μs	54.491 μs	0 ns	PushPop	:{'Module': 'LlamaForCausalLM.model.layers.15.mlp.down_proj', 'TrainableParams': {'weight': [2048, 8192]}, 'Inputs': [[36, 8192]]}
0.0%	54.442 μs	1	54.442 μs	54.442 μs	54.442 μs	54.442 μs	0 ns	PushPop	:{'Module': 'LlamaForCausalLM.model.layers.6.self_attn.qkv_proj', 'TrainableParams': {'weight': [3072, 2048]}, 'Inputs': [[36, 2048]]}
0.0%	54.441 μs	1	54.441 μs	54.441 μs	54.441 μs	54.441 μs	0 ns	PushPop	:{'Module': 'LlamaForCausalLM.model.layers.11.mlp.gate_up_proj', 'TrainableParams': {'weight': [16384, 2048]}, 'Inputs': [[68, 2048]]}
0.0%	54.419 μs	1	54.419 μs	54.419 μs	54.419 μs	54.419 μs	0 ns	PushPop	:{'Module': 'LlamaForCausalLM.model.layers.1.mlp.gate_up_proj', 'TrainableParams': {'weight': [16384, 2048]}, 'Inputs': [[4, 2048]]}
0.0%	54.397 μs	1	54.397 μs	54.397 μs	54.397 μs	54.397 μs	0 ns	PushPop	:{'Module': 'LlamaForCausalLM.model.layers.3.mlp.act_fn', 'Inputs': [[99, 16384]]}
0.0%	54.391 μs	1	54.391 μs	54.391 μs	54.391 μs	54.391 μs	0 ns	PushPop	:{'Module': 'LlamaForCausalLM.model.layers.13.self_attn.qkv_proj', 'TrainableParams': {'weight': [3072, 2048]}, 'Inputs': [[4, 2048]]}
0.0%	54.383 μs	1	54.383 μs	54.383 μs	54.383 μs	54.383 μs	0 ns	PushPop	:{'Module': 'LlamaForCausalLM.model.layers.8.self_attn.qkv_proj', 'TrainableParams': {'weight': [3072, 2048]}, 'Inputs': [[1873, 2048]]}
0.0%	54.294 μs	1	54.294 μs	54.294 μs	54.294 μs	54.294 μs	0 ns	PushPop	:{'Module': 'LlamaForCausalLM.model.layers.8.mlp.gate_up_proj', 'TrainableParams': {'weight': [16384, 2048]}, 'Inputs': [[68, 2048]]}
0.0%	54.277 μs	1	54.277 μs	54.277 μs	54.277 μs	54.277 μs	0 ns	PushPop	:{'Module': 'LlamaForCausalLM.model.layers.10.mlp.gate_up_proj', 'TrainableParams': {'weight': [16384, 2048]}, 'Inputs': [[20, 2048]]}
0.0%	54.266 μs	1	54.266 μs	54.266 μs	54.266 μs	54.266 μs	0 ns	PushPop	:{'Module': 'LlamaForCausalLM.model.layers.7.mlp.down_proj', 'TrainableParams': {'weight': [2048, 8192]}, 'Inputs': [[68, 8192]]}
0.0%	54.259 μs	1	54.259 μs	54.259 μs	54.259 μs	54.259 μs	0 ns	PushPop	:{'Module': 'LlamaForCausalLM.model.layers.13.mlp.gate_up_proj', 'TrainableParams': {'weight': [16384, 2048]}, 'Inputs': [[99, 2048]]}
0.0%	54.257 μs	1	54.257 μs	54.257 μs	54.257 μs	54.257 μs	0 ns	PushPop	:{'Module': 'LlamaForCausalLM.model.layers.7.self_attn.qkv_proj', 'TrainableParams': {'weight': [3072, 2048]}, 'Inputs': [[20, 2048]]}
0.0%	54.255 μs	1	54.255 μs	54.255 μs	54.255 μs	54.255 μs	0 ns	PushPop	:{'Module': 'LlamaForCausalLM.model.layers.5.mlp.gate_up_proj', 'TrainableParams': {'weight': [16384, 2048]}, 'Inputs': [[52, 2048]]}
0.0%	54.228 μs	1	54.228 μs	54.228 μs	54.228 μs	54.228 μs	0 ns	PushPop	:{'Module': 'LlamaForCausalLM.model.layers.2.mlp.down_proj', 'TrainableParams': {'weight': [2048, 8192]}, 'Inputs': [[36, 8192]]}
0.0%	54.222 μs	1	54.222 μs	54.222 μs	54.222 μs	54.222 μs	0 ns	PushPop	:{'Module': 'LlamaForCausalLM.model.layers.12.mlp.down_proj', 'TrainableParams': {'weight': [2048, 8192]}, 'Inputs': [[512, 8192]]}
0.0%	54.209 μs	1	54.209 μs	54.209 μs	54.209 μs	54.209 μs	0 ns	PushPop	:{'Module': 'LlamaForCausalLM.model.layers.9.mlp.gate_up_proj', 'TrainableParams': {'weight': [16384, 2048]}, 'Inputs': [[52, 2048]]}
0.0%	54.202 μs	1	54.202 μs	54.202 μs	54.202 μs	54.202 μs	0 ns	PushPop	:{'Module': 'LlamaForCausalLM.model.layers.8.self_attn.qkv_proj', 'TrainableParams': {'weight': [3072, 2048]}, 'Inputs': [[512, 2048]]}
0.0%	54.193 μs	1	54.193 μs	54.193 μs	54.193 μs	54.193 μs	0 ns	PushPop	:{'Module': 'LlamaForCausalLM.model.layers.2.mlp.gate_up_proj', 'TrainableParams': {'weight': [16384, 2048]}, 'Inputs': [[20, 2048]]}
0.0%	54.171 μs	1	54.171 μs	54.171 μs	54.171 μs	54.171 μs	0 ns	PushPop	:{'Module': 'LlamaForCausalLM.model.layers.6.self_attn.o_proj', 'TrainableParams': {'weight': [2048, 2048]}, 'Inputs': [[256, 2048]]}
0.0%	54.161 μs	1	54.161 μs	54.161 μs	54.161 μs	54.161 μs	0 ns	PushPop	:{'Module': 'LlamaForCausalLM.model.layers.13.mlp.down_proj', 'TrainableParams': {'weight': [2048, 8192]}, 'Inputs': [[68, 8192]]}
0.0%	54.116 μs	1	54.116 μs	54.116 μs	54.116 μs	54.116 μs	0 ns	PushPop	:{'Module': 'LlamaForCausalLM.model.layers.8.mlp.down_proj', 'TrainableParams': {'weight': [2048, 8192]}, 'Inputs': [[512, 8192]]}
0.0%	54.103 μs	1	54.103 μs	54.103 μs	54.103 μs	54.103 μs	0 ns	PushPop	:{'Module': 'LlamaForCausalLM.model.layers.14.mlp.gate_up_proj', 'TrainableParams': {'weight': [16384, 2048]}, 'Inputs': [[36, 2048]]}
0.0%	54.094 μs	1	54.094 μs	54.094 μs	54.094 μs	54.094 μs	0 ns	PushPop	:{'Module': 'LlamaForCausalLM.model.layers.12.mlp.down_proj', 'TrainableParams': {'weight': [2048, 8192]}, 'Inputs': [[36, 8192]]}
0.0%	54.075 μs	1	54.075 μs	54.075 μs	54.075 μs	54.075 μs	0 ns	PushPop	:{'Module': 'LlamaForCausalLM.model.layers.4.mlp.down_proj', 'TrainableParams': {'weight': [2048, 8192]}, 'Inputs': [[1873, 8192]]}
0.0%	54.064 μs	1	54.064 μs	54.064 μs	54.064 μs	54.064 μs	0 ns	PushPop	:{'Module': 'LlamaForCausalLM.model.layers.14.mlp.gate_up_proj', 'TrainableParams': {'weight': [16384, 2048]}, 'Inputs': [[68, 2048]]}
0.0%	54.058 μs	1	54.058 μs	54.058 μs	54.058 μs	54.058 μs	0 ns	PushPop	:{'Module': 'LlamaForCausalLM.model.layers.3.self_attn.qkv_proj', 'TrainableParams': {'weight': [3072, 2048]}, 'Inputs': [[4, 2048]]}
0.0%	54.028 μs	1	54.028 μs	54.028 μs	54.028 μs	54.028 μs	0 ns	PushPop	:{'Module': 'LlamaForCausalLM.model.layers.11.mlp.down_proj', 'TrainableParams': {'weight': [2048, 8192]}, 'Inputs': [[36, 8192]]}
0.0%	53.996 μs	1	53.996 μs	53.996 μs	53.996 μs	53.996 μs	0 ns	PushPop	:{'Module': 'LlamaForCausalLM.model.layers.2.self_attn.qkv_proj', 'TrainableParams': {'weight': [3072, 2048]}, 'Inputs': [[1873, 2048]]}
0.0%	53.981 μs	1	53.981 μs	53.981 μs	53.981 μs	53.981 μs	0 ns	PushPop	:{'Module': 'LlamaForCausalLM.model.layers.10.mlp.down_proj', 'TrainableParams': {'weight': [2048, 8192]}, 'Inputs': [[99, 8192]]}
0.0%	53.980 μs	1	53.980 μs	53.980 μs	53.980 μs	53.980 μs	0 ns	PushPop	:{'Module': 'LlamaForCausalLM.model.layers.14.self_attn.qkv_proj', 'TrainableParams': {'weight': [3072, 2048]}, 'Inputs': [[512, 2048]]}
0.0%	53.973 μs	1	53.973 μs	53.973 μs	53.973 μs	53.973 μs	0 ns	PushPop	:{'Module': 'LlamaForCausalLM.model.layers.10.mlp.gate_up_proj', 'TrainableParams': {'weight': [16384, 2048]}, 'Inputs': [[4, 2048]]}
0.0%	53.966 μs	1	53.966 μs	53.966 μs	53.966 μs	53.966 μs	0 ns	PushPop	:{'Module': 'LlamaForCausalLM.model.layers.7.self_attn.o_proj', 'TrainableParams': {'weight': [2048, 2048]}, 'Inputs': [[256, 2048]]}
0.0%	53.964 μs	1	53.964 μs	53.964 μs	53.964 μs	53.964 μs	0 ns	PushPop	:{'Module': 'LlamaForCausalLM.model.layers.9.mlp.gate_up_proj', 'TrainableParams': {'weight': [16384, 2048]}, 'Inputs': [[99, 2048]]}
0.0%	53.956 μs	1	53.956 μs	53.956 μs	53.956 μs	53.956 μs	0 ns	PushPop	:{'Module': 'LlamaForCausalLM.model.layers.9.mlp.gate_up_proj', 'TrainableParams': {'weight': [16384, 2048]}, 'Inputs': [[68, 2048]]}
0.0%	53.948 μs	1	53.948 μs	53.948 μs	53.948 μs	53.948 μs	0 ns	PushPop	:{'Module': 'LlamaForCausalLM.model.layers.2.self_attn.qkv_proj', 'TrainableParams': {'weight': [3072, 2048]}, 'Inputs': [[512, 2048]]}
0.0%	53.927 μs	1	53.927 μs	53.927 μs	53.927 μs	53.927 μs	0 ns	PushPop	:{'Module': 'LlamaForCausalLM.model.layers.10.self_attn.qkv_proj', 'TrainableParams': {'weight': [3072, 2048]}, 'Inputs': [[52, 2048]]}
0.0%	53.811 μs	1	53.811 μs	53.811 μs	53.811 μs	53.811 μs	0 ns	PushPop	:{'Module': 'LlamaForCausalLM.model.layers.6.self_attn.qkv_proj', 'TrainableParams': {'weight': [3072, 2048]}, 'Inputs': [[20, 2048]]}
0.0%	53.804 μs	1	53.804 μs	53.804 μs	53.804 μs	53.804 μs	0 ns	PushPop	:{'Module': 'LlamaForCausalLM.model.layers.9.mlp.gate_up_proj', 'TrainableParams': {'weight': [16384, 2048]}, 'Inputs': [[256, 2048]]}
0.0%	53.801 μs	1	53.801 μs	53.801 μs	53.801 μs	53.801 μs	0 ns	PushPop	:{'Module': 'LlamaForCausalLM.model.layers.12.mlp.down_proj', 'TrainableParams': {'weight': [2048, 8192]}, 'Inputs': [[1873, 8192]]}
0.0%	53.788 μs	1	53.788 μs	53.788 μs	53.788 μs	53.788 μs	0 ns	PushPop	:{'Module': 'LlamaForCausalLM.model.layers.10.input_layernorm', 'TrainableParams': {'weight': [2048]}, 'Inputs': [[1873, 2048], [1873, 2048]]}
0.0%	53.779 μs	1	53.779 μs	53.779 μs	53.779 μs	53.779 μs	0 ns	PushPop	:{'Module': 'LlamaForCausalLM.model.layers.13.mlp.down_proj', 'TrainableParams': {'weight': [2048, 8192]}, 'Inputs': [[1873, 8192]]}
0.0%	53.769 μs	1	53.769 μs	53.769 μs	53.769 μs	53.769 μs	0 ns	PushPop	:{'Module': 'LlamaForCausalLM.model.layers.8.self_attn.qkv_proj', 'TrainableParams': {'weight': [3072, 2048]}, 'Inputs': [[36, 2048]]}
0.0%	53.759 μs	1	53.759 μs	53.759 μs	53.759 μs	53.759 μs	0 ns	PushPop	:{'Module': 'LlamaForCausalLM.model.layers.7.mlp.gate_up_proj', 'TrainableParams': {'weight': [16384, 2048]}, 'Inputs': [[16, 2048]]}
0.0%	53.752 μs	1	53.752 μs	53.752 μs	53.752 μs	53.752 μs	0 ns	PushPop	:{'Module': 'LlamaForCausalLM.model.layers.8.mlp.gate_up_proj', 'TrainableParams': {'weight': [16384, 2048]}, 'Inputs': [[52, 2048]]}
0.0%	53.720 μs	1	53.720 μs	53.720 μs	53.720 μs	53.720 μs	0 ns	PushPop	:{'Module': 'LlamaForCausalLM.model.layers.12.mlp.act_fn', 'Inputs': [[20, 16384]]}
0.0%	53.659 μs	1	53.659 μs	53.659 μs	53.659 μs	53.659 μs	0 ns	PushPop	:{'Module': 'LlamaForCausalLM.model.layers.2.mlp.down_proj', 'TrainableParams': {'weight': [2048, 8192]}, 'Inputs': [[512, 8192]]}
0.0%	53.609 μs	1	53.609 μs	53.609 μs	53.609 μs	53.609 μs	0 ns	PushPop	:{'Module': 'LlamaForCausalLM.model.layers.13.mlp.gate_up_proj', 'TrainableParams': {'weight': [16384, 2048]}, 'Inputs': [[52, 2048]]}
0.0%	53.607 μs	1	53.607 μs	53.607 μs	53.607 μs	53.607 μs	0 ns	PushPop	:{'Module': 'LlamaForCausalLM.model.layers.14.self_attn.qkv_proj', 'TrainableParams': {'weight': [3072, 2048]}, 'Inputs': [[1873, 2048]]}
0.0%	53.601 μs	1	53.601 μs	53.601 μs	53.601 μs	53.601 μs	0 ns	PushPop	:{'Module': 'LlamaForCausalLM.model.layers.4.self_attn.qkv_proj', 'TrainableParams': {'weight': [3072, 2048]}, 'Inputs': [[36, 2048]]}
0.0%	53.589 μs	1	53.589 μs	53.589 μs	53.589 μs	53.589 μs	0 ns	PushPop	:{'Module': 'LlamaForCausalLM.model.layers.5.mlp.gate_up_proj', 'TrainableParams': {'weight': [16384, 2048]}, 'Inputs': [[36, 2048]]}
0.0%	53.557 μs	1	53.557 μs	53.557 μs	53.557 μs	53.557 μs	0 ns	PushPop	:{'Module': 'LlamaForCausalLM.model.layers.7.self_attn.qkv_proj', 'TrainableParams': {'weight': [3072, 2048]}, 'Inputs': [[1873, 2048]]}
0.0%	53.534 μs	1	53.534 μs	53.534 μs	53.534 μs	53.534 μs	0 ns	PushPop	:{'Module': 'LlamaForCausalLM.model.layers.0.post_attention_layernorm', 'TrainableParams': {'weight': [2048]}, 'Inputs': [[4, 2048], [4, 2048]]}
0.0%	53.477 μs	1	53.477 μs	53.477 μs	53.477 μs	53.477 μs	0 ns	PushPop	:{'Module': 'LlamaForCausalLM.model.layers.2.mlp.gate_up_proj', 'TrainableParams': {'weight': [16384, 2048]}, 'Inputs': [[68, 2048]]}
0.0%	53.473 μs	1	53.473 μs	53.473 μs	53.473 μs	53.473 μs	0 ns	PushPop	:{'Module': 'LlamaForCausalLM.model.layers.15.self_attn.qkv_proj', 'TrainableParams': {'weight': [3072, 2048]}, 'Inputs': [[1873, 2048]]}
0.0%	53.441 μs	1	53.441 μs	53.441 μs	53.441 μs	53.441 μs	0 ns	PushPop	:{'Module': 'LlamaForCausalLM.model.layers.12.mlp.act_fn', 'Inputs': [[1873, 16384]]}
0.0%	53.439 μs	1	53.439 μs	53.439 μs	53.439 μs	53.439 μs	0 ns	PushPop	:{'Module': 'LlamaForCausalLM.model.layers.9.self_attn.qkv_proj', 'TrainableParams': {'weight': [3072, 2048]}, 'Inputs': [[36, 2048]]}
0.0%	53.385 μs	1	53.385 μs	53.385 μs	53.385 μs	53.385 μs	0 ns	PushPop	:{'Module': 'LlamaForCausalLM.model.layers.10.self_attn.qkv_proj', 'TrainableParams': {'weight': [3072, 2048]}, 'Inputs': [[4, 2048]]}
0.0%	53.350 μs	1	53.350 μs	53.350 μs	53.350 μs	53.350 μs	0 ns	PushPop	:{'Module': 'LlamaForCausalLM.model.layers.14.self_attn.o_proj', 'TrainableParams': {'weight': [2048, 2048]}, 'Inputs': [[256, 2048]]}
0.0%	53.344 μs	1	53.344 μs	53.344 μs	53.344 μs	53.344 μs	0 ns	PushPop	:{'Module': 'LlamaForCausalLM.model.layers.7.mlp.gate_up_proj', 'TrainableParams': {'weight': [16384, 2048]}, 'Inputs': [[84, 2048]]}
0.0%	53.281 μs	1	53.281 μs	53.281 μs	53.281 μs	53.281 μs	0 ns	PushPop	:{'Module': 'LlamaForCausalLM.model.layers.15.mlp.down_proj', 'TrainableParams': {'weight': [2048, 8192]}, 'Inputs': [[4, 8192]]}
0.0%	53.267 μs	1	53.267 μs	53.267 μs	53.267 μs	53.267 μs	0 ns	PushPop	:{'Module': 'LlamaForCausalLM.model.layers.7.mlp.gate_up_proj', 'TrainableParams': {'weight': [16384, 2048]}, 'Inputs': [[4, 2048]]}
0.0%	53.222 μs	1	53.222 μs	53.222 μs	53.222 μs	53.222 μs	0 ns	PushPop	:{'Module': 'LlamaForCausalLM.model.layers.10.mlp.gate_up_proj', 'TrainableParams': {'weight': [16384, 2048]}, 'Inputs': [[16, 2048]]}
0.0%	53.214 μs	1	53.214 μs	53.214 μs	53.214 μs	53.214 μs	0 ns	PushPop	:{'Module': 'LlamaForCausalLM.model.layers.15.mlp.gate_up_proj', 'TrainableParams': {'weight': [16384, 2048]}, 'Inputs': [[52, 2048]]}
0.0%	53.214 μs	1	53.214 μs	53.214 μs	53.214 μs	53.214 μs	0 ns	PushPop	:{'Module': 'LlamaForCausalLM.model.layers.9.mlp.gate_up_proj', 'TrainableParams': {'weight': [16384, 2048]}, 'Inputs': [[16, 2048]]}
0.0%	53.208 μs	1	53.208 μs	53.208 μs	53.208 μs	53.208 μs	0 ns	PushPop	:{'Module': 'LlamaForCausalLM.model.layers.13.mlp.gate_up_proj', 'TrainableParams': {'weight': [16384, 2048]}, 'Inputs': [[256, 2048]]}
0.0%	53.206 μs	1	53.206 μs	53.206 μs	53.206 μs	53.206 μs	0 ns	PushPop	:{'Module': 'LlamaForCausalLM.model.layers.12.mlp.gate_up_proj', 'TrainableParams': {'weight': [16384, 2048]}, 'Inputs': [[4, 2048]]}
0.0%	53.204 μs	1	53.204 μs	53.204 μs	53.204 μs	53.204 μs	0 ns	PushPop	:{'Module': 'LlamaForCausalLM.model.layers.5.self_attn.qkv_proj', 'TrainableParams': {'weight': [3072, 2048]}, 'Inputs': [[20, 2048]]}
0.0%	53.196 μs	1	53.196 μs	53.196 μs	53.196 μs	53.196 μs	0 ns	PushPop	:{'Module': 'LlamaForCausalLM.model.layers.13.mlp.gate_up_proj', 'TrainableParams': {'weight': [16384, 2048]}, 'Inputs': [[36, 2048]]}
0.0%	53.181 μs	1	53.181 μs	53.181 μs	53.181 μs	53.181 μs	0 ns	PushPop	:{'Module': 'LlamaForCausalLM.model.layers.5.self_attn.qkv_proj', 'TrainableParams': {'weight': [3072, 2048]}, 'Inputs': [[36, 2048]]}
0.0%	53.170 μs	1	53.170 μs	53.170 μs	53.170 μs	53.170 μs	0 ns	PushPop	:{'Module': 'LlamaForCausalLM.model.layers.5.mlp.gate_up_proj', 'TrainableParams': {'weight': [16384, 2048]}, 'Inputs': [[4, 2048]]}
0.0%	53.138 μs	1	53.138 μs	53.138 μs	53.138 μs	53.138 μs	0 ns	PushPop	:{'Module': 'LlamaForCausalLM.model.layers.3.mlp.down_proj', 'TrainableParams': {'weight': [2048, 8192]}, 'Inputs': [[16, 8192]]}
0.0%	53.088 μs	1	53.088 μs	53.088 μs	53.088 μs	53.088 μs	0 ns	PushPop	:{'Module': 'LlamaForCausalLM.model.layers.9.mlp.gate_up_proj', 'TrainableParams': {'weight': [16384, 2048]}, 'Inputs': [[36, 2048]]}
0.0%	53.083 μs	1	53.083 μs	53.083 μs	53.083 μs	53.083 μs	0 ns	PushPop	:{'Module': 'LlamaForCausalLM.model.layers.6.mlp.down_proj', 'TrainableParams': {'weight': [2048, 8192]}, 'Inputs': [[16, 8192]]}
0.0%	53.025 μs	1	53.025 μs	53.025 μs	53.025 μs	53.025 μs	0 ns	PushPop	:{'Module': 'LlamaForCausalLM.model.layers.4.mlp.gate_up_proj', 'TrainableParams': {'weight': [16384, 2048]}, 'Inputs': [[52, 2048]]}
0.0%	53.024 μs	1	53.024 μs	53.024 μs	53.024 μs	53.024 μs	0 ns	PushPop	:{'Module': 'LlamaForCausalLM.model.layers.13.mlp.act_fn', 'Inputs': [[99, 16384]]}
0.0%	53.003 μs	1	53.003 μs	53.003 μs	53.003 μs	53.003 μs	0 ns	PushPop	:{'Module': 'LlamaForCausalLM.model.layers.11.mlp.gate_up_proj', 'TrainableParams': {'weight': [16384, 2048]}, 'Inputs': [[52, 2048]]}
0.0%	53.000 μs	1	53.000 μs	53.000 μs	53.000 μs	53.000 μs	0 ns	PushPop	:{'Module': 'LlamaForCausalLM.model.layers.4.mlp.gate_up_proj', 'TrainableParams': {'weight': [16384, 2048]}, 'Inputs': [[36, 2048]]}
0.0%	52.967 μs	1	52.967 μs	52.967 μs	52.967 μs	52.967 μs	0 ns	PushPop	:{'Module': 'LlamaForCausalLM.model.layers.14.mlp.down_proj', 'TrainableParams': {'weight': [2048, 8192]}, 'Inputs': [[16, 8192]]}
0.0%	52.966 μs	1	52.966 μs	52.966 μs	52.966 μs	52.966 μs	0 ns	PushPop	:{'Module': 'LlamaForCausalLM.model.layers.10.mlp.down_proj', 'TrainableParams': {'weight': [2048, 8192]}, 'Inputs': [[1873, 8192]]}
0.0%	52.943 μs	1	52.943 μs	52.943 μs	52.943 μs	52.943 μs	0 ns	PushPop	:{'Module': 'LlamaForCausalLM.model.layers.8.mlp.gate_up_proj', 'TrainableParams': {'weight': [16384, 2048]}, 'Inputs': [[16, 2048]]}
0.0%	52.911 μs	1	52.911 μs	52.911 μs	52.911 μs	52.911 μs	0 ns	PushPop	:{'Module': 'LlamaForCausalLM.model.layers.12.self_attn.qkv_proj', 'TrainableParams': {'weight': [3072, 2048]}, 'Inputs': [[4, 2048]]}
0.0%	52.865 μs	1	52.865 μs	52.865 μs	52.865 μs	52.865 μs	0 ns	PushPop	:{'Module': 'LlamaForCausalLM.model.layers.14.mlp.gate_up_proj', 'TrainableParams': {'weight': [16384, 2048]}, 'Inputs': [[4, 2048]]}
0.0%	52.864 μs	1	52.864 μs	52.864 μs	52.864 μs	52.864 μs	0 ns	PushPop	:{'Module': 'LlamaForCausalLM.model.layers.5.mlp.gate_up_proj', 'TrainableParams': {'weight': [16384, 2048]}, 'Inputs': [[256, 2048]]}
0.0%	52.807 μs	1	52.807 μs	52.807 μs	52.807 μs	52.807 μs	0 ns	PushPop	:{'Module': 'LlamaForCausalLM.model.layers.9.mlp.act_fn', 'Inputs': [[84, 16384]]}
0.0%	52.793 μs	1	52.793 μs	52.793 μs	52.793 μs	52.793 μs	0 ns	PushPop	:{'Module': 'LlamaForCausalLM.model.layers.3.mlp.gate_up_proj', 'TrainableParams': {'weight': [16384, 2048]}, 'Inputs': [[4, 2048]]}
0.0%	52.787 μs	1	52.787 μs	52.787 μs	52.787 μs	52.787 μs	0 ns	PushPop	:{'Module': 'LlamaForCausalLM.model.layers.12.mlp.gate_up_proj', 'TrainableParams': {'weight': [16384, 2048]}, 'Inputs': [[16, 2048]]}
0.0%	52.785 μs	1	52.785 μs	52.785 μs	52.785 μs	52.785 μs	0 ns	PushPop	:{'Module': 'LlamaForCausalLM.model.layers.3.self_attn.qkv_proj', 'TrainableParams': {'weight': [3072, 2048]}, 'Inputs': [[36, 2048]]}
0.0%	52.785 μs	1	52.785 μs	52.785 μs	52.785 μs	52.785 μs	0 ns	PushPop	:{'Module': 'LlamaForCausalLM.model.layers.7.mlp.gate_up_proj', 'TrainableParams': {'weight': [16384, 2048]}, 'Inputs': [[68, 2048]]}
0.0%	52.773 μs	1	52.773 μs	52.773 μs	52.773 μs	52.773 μs	0 ns	PushPop	:{'Module': 'LlamaForCausalLM.model.layers.2.mlp.gate_up_proj', 'TrainableParams': {'weight': [16384, 2048]}, 'Inputs': [[84, 2048]]}
0.0%	52.772 μs	1	52.772 μs	52.772 μs	52.772 μs	52.772 μs	0 ns	PushPop	:{'Module': 'LlamaForCausalLM.model.layers.15.post_attention_layernorm', 'TrainableParams': {'weight': [2048]}, 'Inputs': [[16, 2048], [16, 2048]]}
0.0%	52.751 μs	1	52.751 μs	52.751 μs	52.751 μs	52.751 μs	0 ns	PushPop	:{'Module': 'LlamaForCausalLM.model.layers.2.self_attn.qkv_proj', 'TrainableParams': {'weight': [3072, 2048]}, 'Inputs': [[4, 2048]]}
0.0%	52.743 μs	1	52.743 μs	52.743 μs	52.743 μs	52.743 μs	0 ns	PushPop	:{'Module': 'LlamaForCausalLM.model.layers.6.mlp.down_proj', 'TrainableParams': {'weight': [2048, 8192]}, 'Inputs': [[1873, 8192]]}
0.0%	52.692 μs	1	52.692 μs	52.692 μs	52.692 μs	52.692 μs	0 ns	PushPop	:{'Module': 'LlamaForCausalLM.model.layers.12.mlp.gate_up_proj', 'TrainableParams': {'weight': [16384, 2048]}, 'Inputs': [[36, 2048]]}
0.0%	52.688 μs	1	52.688 μs	52.688 μs	52.688 μs	52.688 μs	0 ns	PushPop	:{'Module': 'LlamaForCausalLM.model.layers.5.mlp.down_proj', 'TrainableParams': {'weight': [2048, 8192]}, 'Inputs': [[1873, 8192]]}
0.0%	52.672 μs	1	52.672 μs	52.672 μs	52.672 μs	52.672 μs	0 ns	PushPop	:{'Module': 'LlamaForCausalLM.model.layers.10.mlp.gate_up_proj', 'TrainableParams': {'weight': [16384, 2048]}, 'Inputs': [[99, 2048]]}
0.0%	52.671 μs	1	52.671 μs	52.671 μs	52.671 μs	52.671 μs	0 ns	PushPop	:{'Module': 'LlamaForCausalLM.model.layers.9.mlp.down_proj', 'TrainableParams': {'weight': [2048, 8192]}, 'Inputs': [[16, 8192]]}
0.0%	52.660 μs	1	52.660 μs	52.660 μs	52.660 μs	52.660 μs	0 ns	PushPop	:{'Module': 'LlamaForCausalLM.model.layers.1.mlp.gate_up_proj', 'TrainableParams': {'weight': [16384, 2048]}, 'Inputs': [[20, 2048]]}
0.0%	52.658 μs	1	52.658 μs	52.658 μs	52.658 μs	52.658 μs	0 ns	PushPop	:{'Module': 'LlamaForCausalLM.model.layers.5.self_attn.qkv_proj', 'TrainableParams': {'weight': [3072, 2048]}, 'Inputs': [[4, 2048]]}
0.0%	52.643 μs	1	52.643 μs	52.643 μs	52.643 μs	52.643 μs	0 ns	PushPop	:{'Module': 'LlamaForCausalLM.model.layers.5.mlp.gate_up_proj', 'TrainableParams': {'weight': [16384, 2048]}, 'Inputs': [[84, 2048]]}
0.0%	52.641 μs	1	52.641 μs	52.641 μs	52.641 μs	52.641 μs	0 ns	PushPop	:{'Module': 'LlamaForCausalLM.model.layers.3.mlp.gate_up_proj', 'TrainableParams': {'weight': [16384, 2048]}, 'Inputs': [[84, 2048]]}
0.0%	52.638 μs	1	52.638 μs	52.638 μs	52.638 μs	52.638 μs	0 ns	PushPop	:{'Module': 'LlamaForCausalLM.model.layers.8.mlp.gate_up_proj', 'TrainableParams': {'weight': [16384, 2048]}, 'Inputs': [[84, 2048]]}
0.0%	52.637 μs	1	52.637 μs	52.637 μs	52.637 μs	52.637 μs	0 ns	PushPop	:{'Module': 'LlamaForCausalLM.model.layers.8.mlp.gate_up_proj', 'TrainableParams': {'weight': [16384, 2048]}, 'Inputs': [[256, 2048]]}
0.0%	52.619 μs	1	52.619 μs	52.619 μs	52.619 μs	52.619 μs	0 ns	PushPop	:{'Module': 'LlamaForCausalLM.model.layers.10.self_attn.qkv_proj', 'TrainableParams': {'weight': [3072, 2048]}, 'Inputs': [[36, 2048]]}
0.0%	52.603 μs	1	52.603 μs	52.603 μs	52.603 μs	52.603 μs	0 ns	PushPop	:{'Module': 'LlamaForCausalLM.model.layers.7.self_attn.qkv_proj', 'TrainableParams': {'weight': [3072, 2048]}, 'Inputs': [[52, 2048]]}
0.0%	52.558 μs	1	52.558 μs	52.558 μs	52.558 μs	52.558 μs	0 ns	PushPop	:{'Module': 'LlamaForCausalLM.model.layers.5.mlp.down_proj', 'TrainableParams': {'weight': [2048, 8192]}, 'Inputs': [[512, 8192]]}
0.0%	52.542 μs	1	52.542 μs	52.542 μs	52.542 μs	52.542 μs	0 ns	PushPop	:{'Module': 'LlamaForCausalLM.model.layers.15.mlp.gate_up_proj', 'TrainableParams': {'weight': [16384, 2048]}, 'Inputs': [[84, 2048]]}
0.0%	52.512 μs	1	52.512 μs	52.512 μs	52.512 μs	52.512 μs	0 ns	PushPop	:{'Module': 'LlamaForCausalLM.model.layers.1.mlp.gate_up_proj', 'TrainableParams': {'weight': [16384, 2048]}, 'Inputs': [[99, 2048]]}
0.0%	52.482 μs	1	52.482 μs	52.482 μs	52.482 μs	52.482 μs	0 ns	PushPop	:{'Module': 'LlamaForCausalLM.model.layers.1.mlp.gate_up_proj', 'TrainableParams': {'weight': [16384, 2048]}, 'Inputs': [[68, 2048]]}
0.0%	52.451 μs	1	52.451 μs	52.451 μs	52.451 μs	52.451 μs	0 ns	PushPop	:{'Module': 'LlamaForCausalLM.model.layers.14.self_attn.qkv_proj', 'TrainableParams': {'weight': [3072, 2048]}, 'Inputs': [[52, 2048]]}
0.0%	52.440 μs	1	52.440 μs	52.440 μs	52.440 μs	52.440 μs	0 ns	PushPop	:{'Module': 'LlamaForCausalLM.model.layers.12.mlp.gate_up_proj', 'TrainableParams': {'weight': [16384, 2048]}, 'Inputs': [[99, 2048]]}
0.0%	52.397 μs	1	52.397 μs	52.397 μs	52.397 μs	52.397 μs	0 ns	PushPop	:{'Module': 'LlamaForCausalLM.model.layers.11.mlp.gate_up_proj', 'TrainableParams': {'weight': [16384, 2048]}, 'Inputs': [[36, 2048]]}
0.0%	52.380 μs	1	52.380 μs	52.380 μs	52.380 μs	52.380 μs	0 ns	PushPop	:{'Module': 'LlamaForCausalLM.model.layers.9.mlp.gate_up_proj', 'TrainableParams': {'weight': [16384, 2048]}, 'Inputs': [[4, 2048]]}
0.0%	52.347 μs	1	52.347 μs	52.347 μs	52.347 μs	52.347 μs	0 ns	PushPop	:{'Module': 'LlamaForCausalLM.model.layers.15.mlp.gate_up_proj', 'TrainableParams': {'weight': [16384, 2048]}, 'Inputs': [[36, 2048]]}
0.0%	52.306 μs	1	52.306 μs	52.306 μs	52.306 μs	52.306 μs	0 ns	PushPop	:{'Module': 'LlamaForCausalLM.model.layers.11.mlp.down_proj', 'TrainableParams': {'weight': [2048, 8192]}, 'Inputs': [[512, 8192]]}
0.0%	52.303 μs	1	52.303 μs	52.303 μs	52.303 μs	52.303 μs	0 ns	PushPop	:{'Module': 'LlamaForCausalLM.model.layers.11.mlp.gate_up_proj', 'TrainableParams': {'weight': [16384, 2048]}, 'Inputs': [[99, 2048]]}
0.0%	52.296 μs	1	52.296 μs	52.296 μs	52.296 μs	52.296 μs	0 ns	PushPop	:{'Module': 'LlamaForCausalLM.model.layers.2.mlp.down_proj', 'TrainableParams': {'weight': [2048, 8192]}, 'Inputs': [[20, 8192]]}
0.0%	52.258 μs	1	52.258 μs	52.258 μs	52.258 μs	52.258 μs	0 ns	PushPop	:{'Module': 'LlamaForCausalLM.model.layers.12.mlp.act_fn', 'Inputs': [[16, 16384]]}
0.0%	52.219 μs	1	52.219 μs	52.219 μs	52.219 μs	52.219 μs	0 ns	PushPop	:{'Module': 'LlamaForCausalLM.model.layers.7.mlp.gate_up_proj', 'TrainableParams': {'weight': [16384, 2048]}, 'Inputs': [[256, 2048]]}
0.0%	52.205 μs	1	52.205 μs	52.205 μs	52.205 μs	52.205 μs	0 ns	PushPop	:{'Module': 'LlamaForCausalLM.model.layers.11.mlp.gate_up_proj', 'TrainableParams': {'weight': [16384, 2048]}, 'Inputs': [[4, 2048]]}
0.0%	52.187 μs	1	52.187 μs	52.187 μs	52.187 μs	52.187 μs	0 ns	PushPop	:{'Module': 'LlamaForCausalLM.model.layers.13.self_attn.qkv_proj', 'TrainableParams': {'weight': [3072, 2048]}, 'Inputs': [[20, 2048]]}
0.0%	52.178 μs	1	52.178 μs	52.178 μs	52.178 μs	52.178 μs	0 ns	PushPop	:{'Module': 'LlamaForCausalLM.model.layers.15.mlp.gate_up_proj', 'TrainableParams': {'weight': [16384, 2048]}, 'Inputs': [[68, 2048]]}
0.0%	52.127 μs	1	52.127 μs	52.127 μs	52.127 μs	52.127 μs	0 ns	PushPop	:{'Module': 'LlamaForCausalLM.model.layers.15.self_attn.qkv_proj', 'TrainableParams': {'weight': [3072, 2048]}, 'Inputs': [[4, 2048]]}
0.0%	52.107 μs	1	52.107 μs	52.107 μs	52.107 μs	52.107 μs	0 ns	PushPop	:{'Module': 'LlamaForCausalLM.model.layers.11.mlp.gate_up_proj', 'TrainableParams': {'weight': [16384, 2048]}, 'Inputs': [[20, 2048]]}
0.0%	52.080 μs	1	52.080 μs	52.080 μs	52.080 μs	52.080 μs	0 ns	PushPop	:{'Module': 'LlamaForCausalLM.model.layers.14.self_attn.qkv_proj', 'TrainableParams': {'weight': [3072, 2048]}, 'Inputs': [[20, 2048]]}
0.0%	52.079 μs	1	52.079 μs	52.079 μs	52.079 μs	52.079 μs	0 ns	PushPop	:{'Module': 'LlamaForCausalLM.model.layers.12.mlp.down_proj', 'TrainableParams': {'weight': [2048, 8192]}, 'Inputs': [[20, 8192]]}
0.0%	52.061 μs	1	52.061 μs	52.061 μs	52.061 μs	52.061 μs	0 ns	PushPop	:{'Module': 'LlamaForCausalLM.model.layers.8.self_attn.qkv_proj', 'TrainableParams': {'weight': [3072, 2048]}, 'Inputs': [[52, 2048]]}
0.0%	52.054 μs	1	52.054 μs	52.054 μs	52.054 μs	52.054 μs	0 ns	PushPop	:{'Module': 'LlamaForCausalLM.model.layers.8.self_attn.qkv_proj', 'TrainableParams': {'weight': [3072, 2048]}, 'Inputs': [[4, 2048]]}
0.0%	52.054 μs	1	52.054 μs	52.054 μs	52.054 μs	52.054 μs	0 ns	PushPop	:{'Module': 'LlamaForCausalLM.model.layers.9.self_attn.qkv_proj', 'TrainableParams': {'weight': [3072, 2048]}, 'Inputs': [[512, 2048]]}
0.0%	52.052 μs	1	52.052 μs	52.052 μs	52.052 μs	52.052 μs	0 ns	PushPop	:{'Module': 'LlamaForCausalLM.model.layers.6.mlp.gate_up_proj', 'TrainableParams': {'weight': [16384, 2048]}, 'Inputs': [[4, 2048]]}
0.0%	52.051 μs	1	52.051 μs	52.051 μs	52.051 μs	52.051 μs	0 ns	PushPop	:{'Module': 'LlamaForCausalLM.model.layers.2.mlp.gate_up_proj', 'TrainableParams': {'weight': [16384, 2048]}, 'Inputs': [[99, 2048]]}
0.0%	52.035 μs	1	52.035 μs	52.035 μs	52.035 μs	52.035 μs	0 ns	PushPop	:{'Module': 'LlamaForCausalLM.model.layers.7.self_attn.qkv_proj', 'TrainableParams': {'weight': [3072, 2048]}, 'Inputs': [[4, 2048]]}
0.0%	52.033 μs	1	52.033 μs	52.033 μs	52.033 μs	52.033 μs	0 ns	PushPop	:{'Module': 'LlamaForCausalLM.model.layers.4.mlp.gate_up_proj', 'TrainableParams': {'weight': [16384, 2048]}, 'Inputs': [[4, 2048]]}
0.0%	52.007 μs	1	52.007 μs	52.007 μs	52.007 μs	52.007 μs	0 ns	PushPop	:{'Module': 'LlamaForCausalLM.model.layers.14.mlp.gate_up_proj', 'TrainableParams': {'weight': [16384, 2048]}, 'Inputs': [[99, 2048]]}
0.0%	52.000 μs	1	52.000 μs	52.000 μs	52.000 μs	52.000 μs	0 ns	PushPop	:{'Module': 'LlamaForCausalLM.model.layers.4.self_attn.qkv_proj', 'TrainableParams': {'weight': [3072, 2048]}, 'Inputs': [[4, 2048]]}
0.0%	51.986 μs	1	51.986 μs	51.986 μs	51.986 μs	51.986 μs	0 ns	PushPop	:{'Module': 'LlamaForCausalLM.model.layers.15.mlp.down_proj', 'TrainableParams': {'weight': [2048, 8192]}, 'Inputs': [[1873, 8192]]}
0.0%	51.979 μs	1	51.979 μs	51.979 μs	51.979 μs	51.979 μs	0 ns	PushPop	:{'Module': 'LlamaForCausalLM.model.layers.7.mlp.down_proj', 'TrainableParams': {'weight': [2048, 8192]}, 'Inputs': [[20, 8192]]}
0.0%	51.963 μs	1	51.963 μs	51.963 μs	51.963 μs	51.963 μs	0 ns	PushPop	:{'Module': 'LlamaForCausalLM.model.layers.6.mlp.down_proj', 'TrainableParams': {'weight': [2048, 8192]}, 'Inputs': [[512, 8192]]}
0.0%	51.961 μs	1	51.961 μs	51.961 μs	51.961 μs	51.961 μs	0 ns	PushPop	:{'Module': 'LlamaForCausalLM.model.layers.3.mlp.gate_up_proj', 'TrainableParams': {'weight': [16384, 2048]}, 'Inputs': [[36, 2048]]}
0.0%	51.957 μs	1	51.957 μs	51.957 μs	51.957 μs	51.957 μs	0 ns	PushPop	:{'Module': 'LlamaForCausalLM.model.layers.3.mlp.down_proj', 'TrainableParams': {'weight': [2048, 8192]}, 'Inputs': [[1873, 8192]]}
0.0%	51.924 μs	1	51.924 μs	51.924 μs	51.924 μs	51.924 μs	0 ns	PushPop	:{'Module': 'LlamaForCausalLM.model.layers.13.mlp.gate_up_proj', 'TrainableParams': {'weight': [16384, 2048]}, 'Inputs': [[68, 2048]]}
0.0%	51.849 μs	1	51.849 μs	51.849 μs	51.849 μs	51.849 μs	0 ns	PushPop	:{'Module': 'LlamaForCausalLM.model.layers.3.mlp.gate_up_proj', 'TrainableParams': {'weight': [16384, 2048]}, 'Inputs': [[68, 2048]]}
0.0%	51.843 μs	1	51.843 μs	51.843 μs	51.843 μs	51.843 μs	0 ns	PushPop	:{'Module': 'LlamaForCausalLM.model.layers.1.mlp.gate_up_proj', 'TrainableParams': {'weight': [16384, 2048]}, 'Inputs': [[36, 2048]]}
0.0%	51.842 μs	1	51.842 μs	51.842 μs	51.842 μs	51.842 μs	0 ns	PushPop	:{'Module': 'LlamaForCausalLM.model.layers.2.mlp.down_proj', 'TrainableParams': {'weight': [2048, 8192]}, 'Inputs': [[1873, 8192]]}
0.0%	51.841 μs	1	51.841 μs	51.841 μs	51.841 μs	51.841 μs	0 ns	PushPop	:{'Module': 'LlamaForCausalLM.model.layers.13.self_attn.qkv_proj', 'TrainableParams': {'weight': [3072, 2048]}, 'Inputs': [[1873, 2048]]}
0.0%	51.839 μs	1	51.839 μs	51.839 μs	51.839 μs	51.839 μs	0 ns	PushPop	:{'Module': 'LlamaForCausalLM.model.layers.13.self_attn.qkv_proj', 'TrainableParams': {'weight': [3072, 2048]}, 'Inputs': [[52, 2048]]}
0.0%	51.837 μs	1	51.837 μs	51.837 μs	51.837 μs	51.837 μs	0 ns	PushPop	:{'Module': 'LlamaForCausalLM.model.layers.6.self_attn.qkv_proj', 'TrainableParams': {'weight': [3072, 2048]}, 'Inputs': [[52, 2048]]}
0.0%	51.823 μs	1	51.823 μs	51.823 μs	51.823 μs	51.823 μs	0 ns	PushPop	:{'Module': 'LlamaForCausalLM.model.layers.14.mlp.down_proj', 'TrainableParams': {'weight': [2048, 8192]}, 'Inputs': [[20, 8192]]}
0.0%	51.748 μs	1	51.748 μs	51.748 μs	51.748 μs	51.748 μs	0 ns	PushPop	:{'Module': 'LlamaForCausalLM.model.layers.6.self_attn.qkv_proj', 'TrainableParams': {'weight': [3072, 2048]}, 'Inputs': [[4, 2048]]}
0.0%	51.732 μs	1	51.732 μs	51.732 μs	51.732 μs	51.732 μs	0 ns	PushPop	:{'Module': 'LlamaForCausalLM.model.layers.1.mlp.down_proj', 'TrainableParams': {'weight': [2048, 8192]}, 'Inputs': [[20, 8192]]}
0.0%	51.680 μs	1	51.680 μs	51.680 μs	51.680 μs	51.680 μs	0 ns	PushPop	:{'Module': 'LlamaForCausalLM.model.layers.15.mlp.down_proj', 'TrainableParams': {'weight': [2048, 8192]}, 'Inputs': [[20, 8192]]}
0.0%	51.678 μs	1	51.678 μs	51.678 μs	51.678 μs	51.678 μs	0 ns	PushPop	:{'Module': 'LlamaForCausalLM.model.layers.14.mlp.down_proj', 'TrainableParams': {'weight': [2048, 8192]}, 'Inputs': [[1873, 8192]]}
0.0%	51.665 μs	1	51.665 μs	51.665 μs	51.665 μs	51.665 μs	0 ns	PushPop	:{'Module': 'LlamaForCausalLM.model.layers.2.self_attn.qkv_proj', 'TrainableParams': {'weight': [3072, 2048]}, 'Inputs': [[20, 2048]]}
0.0%	51.664 μs	1	51.664 μs	51.664 μs	51.664 μs	51.664 μs	0 ns	PushPop	:{'Module': 'LlamaForCausalLM.model.layers.1.mlp.down_proj', 'TrainableParams': {'weight': [2048, 8192]}, 'Inputs': [[1873, 8192]]}
0.0%	51.664 μs	1	51.664 μs	51.664 μs	51.664 μs	51.664 μs	0 ns	PushPop	:{'Module': 'LlamaForCausalLM.model.layers.2.mlp.down_proj', 'TrainableParams': {'weight': [2048, 8192]}, 'Inputs': [[4, 8192]]}
0.0%	51.658 μs	1	51.658 μs	51.658 μs	51.658 μs	51.658 μs	0 ns	PushPop	:{'Module': 'LlamaForCausalLM.model.layers.0.input_layernorm', 'TrainableParams': {'weight': [2048]}, 'Inputs': [[4, 2048]]}
0.0%	51.658 μs	1	51.658 μs	51.658 μs	51.658 μs	51.658 μs	0 ns	PushPop	:{'Module': 'LlamaForCausalLM.model.layers.2.mlp.gate_up_proj', 'TrainableParams': {'weight': [16384, 2048]}, 'Inputs': [[36, 2048]]}
0.0%	51.652 μs	1	51.652 μs	51.652 μs	51.652 μs	51.652 μs	0 ns	PushPop	:{'Module': 'LlamaForCausalLM.model.layers.12.self_attn.qkv_proj', 'TrainableParams': {'weight': [3072, 2048]}, 'Inputs': [[20, 2048]]}
0.0%	51.612 μs	1	51.612 μs	51.612 μs	51.612 μs	51.612 μs	0 ns	PushPop	:{'Module': 'LlamaForCausalLM.model.layers.4.mlp.gate_up_proj', 'TrainableParams': {'weight': [16384, 2048]}, 'Inputs': [[20, 2048]]}
0.0%	51.571 μs	1	51.571 μs	51.571 μs	51.571 μs	51.571 μs	0 ns	PushPop	:{'Module': 'LlamaForCausalLM.model.layers.7.self_attn.qkv_proj', 'TrainableParams': {'weight': [3072, 2048]}, 'Inputs': [[36, 2048]]}
0.0%	51.517 μs	1	51.517 μs	51.517 μs	51.517 μs	51.517 μs	0 ns	PushPop	:{'Module': 'LlamaForCausalLM.model.layers.13.mlp.down_proj', 'TrainableParams': {'weight': [2048, 8192]}, 'Inputs': [[20, 8192]]}
0.0%	51.509 μs	1	51.509 μs	51.509 μs	51.509 μs	51.509 μs	0 ns	PushPop	:{'Module': 'LlamaForCausalLM.model.layers.6.mlp.gate_up_proj', 'TrainableParams': {'weight': [16384, 2048]}, 'Inputs': [[20, 2048]]}
0.0%	51.481 μs	1	51.481 μs	51.481 μs	51.481 μs	51.481 μs	0 ns	PushPop	:{'Module': 'LlamaForCausalLM.model.layers.15.self_attn.qkv_proj', 'TrainableParams': {'weight': [3072, 2048]}, 'Inputs': [[20, 2048]]}
0.0%	51.450 μs	1	51.450 μs	51.450 μs	51.450 μs	51.450 μs	0 ns	PushPop	:{'Module': 'LlamaForCausalLM.model.layers.14.self_attn.qkv_proj', 'TrainableParams': {'weight': [3072, 2048]}, 'Inputs': [[4, 2048]]}
0.0%	51.422 μs	1	51.422 μs	51.422 μs	51.422 μs	51.422 μs	0 ns	PushPop	:{'Module': 'LlamaForCausalLM.model.layers.5.mlp.gate_up_proj', 'TrainableParams': {'weight': [16384, 2048]}, 'Inputs': [[20, 2048]]}
0.0%	51.302 μs	1	51.302 μs	51.302 μs	51.302 μs	51.302 μs	0 ns	PushPop	:{'Module': 'LlamaForCausalLM.model.layers.13.self_attn.qkv_proj', 'TrainableParams': {'weight': [3072, 2048]}, 'Inputs': [[36, 2048]]}
0.0%	51.289 μs	1	51.289 μs	51.289 μs	51.289 μs	51.289 μs	0 ns	PushPop	:{'Module': 'LlamaForCausalLM.model.layers.8.mlp.down_proj', 'TrainableParams': {'weight': [2048, 8192]}, 'Inputs': [[16, 8192]]}
0.0%	51.276 μs	1	51.276 μs	51.276 μs	51.276 μs	51.276 μs	0 ns	PushPop	:{'Module': 'LlamaForCausalLM.model.layers.7.mlp.gate_up_proj', 'TrainableParams': {'weight': [16384, 2048]}, 'Inputs': [[20, 2048]]}
0.0%	51.257 μs	1	51.257 μs	51.257 μs	51.257 μs	51.257 μs	0 ns	PushPop	:{'Module': 'LlamaForCausalLM.model.layers.11.mlp.down_proj', 'TrainableParams': {'weight': [2048, 8192]}, 'Inputs': [[20, 8192]]}
0.0%	51.239 μs	1	51.239 μs	51.239 μs	51.239 μs	51.239 μs	0 ns	PushPop	:{'Module': 'LlamaForCausalLM.model.layers.8.mlp.down_proj', 'TrainableParams': {'weight': [2048, 8192]}, 'Inputs': [[4, 8192]]}
0.0%	51.214 μs	1	51.214 μs	51.214 μs	51.214 μs	51.214 μs	0 ns	PushPop	:{'Module': 'LlamaForCausalLM.model.layers.9.mlp.gate_up_proj', 'TrainableParams': {'weight': [16384, 2048]}, 'Inputs': [[20, 2048]]}
0.0%	51.139 μs	1	51.139 μs	51.139 μs	51.139 μs	51.139 μs	0 ns	PushPop	:{'Module': 'LlamaForCausalLM.model.layers.3.self_attn.qkv_proj', 'TrainableParams': {'weight': [3072, 2048]}, 'Inputs': [[52, 2048]]}
0.0%	51.134 μs	1	51.134 μs	51.134 μs	51.134 μs	51.134 μs	0 ns	PushPop	:{'Module': 'LlamaForCausalLM.model.layers.10.mlp.down_proj', 'TrainableParams': {'weight': [2048, 8192]}, 'Inputs': [[4, 8192]]}
0.0%	51.065 μs	1	51.065 μs	51.065 μs	51.065 μs	51.065 μs	0 ns	PushPop	:{'Module': 'LlamaForCausalLM.model.layers.15.self_attn.qkv_proj', 'TrainableParams': {'weight': [3072, 2048]}, 'Inputs': [[36, 2048]]}
0.0%	51.062 μs	1	51.062 μs	51.062 μs	51.062 μs	51.062 μs	0 ns	PushPop	:{'Module': 'LlamaForCausalLM.model.layers.3.mlp.gate_up_proj', 'TrainableParams': {'weight': [16384, 2048]}, 'Inputs': [[20, 2048]]}
0.0%	51.038 μs	1	51.038 μs	51.038 μs	51.038 μs	51.038 μs	0 ns	PushPop	:{'Module': 'LlamaForCausalLM.model.layers.12.self_attn.qkv_proj', 'TrainableParams': {'weight': [3072, 2048]}, 'Inputs': [[36, 2048]]}
0.0%	51.034 μs	1	51.034 μs	51.034 μs	51.034 μs	51.034 μs	0 ns	PushPop	:{'Module': 'LlamaForCausalLM.model.layers.12.mlp.gate_up_proj', 'TrainableParams': {'weight': [16384, 2048]}, 'Inputs': [[20, 2048]]}
0.0%	51.021 μs	1	51.021 μs	51.021 μs	51.021 μs	51.021 μs	0 ns	PushPop	:{'Module': 'LlamaForCausalLM.model.layers.2.self_attn.qkv_proj', 'TrainableParams': {'weight': [3072, 2048]}, 'Inputs': [[52, 2048]]}
0.0%	51.012 μs	1	51.012 μs	51.012 μs	51.012 μs	51.012 μs	0 ns	PushPop	:{'Module': 'LlamaForCausalLM.model.layers.12.mlp.gate_up_proj', 'TrainableParams': {'weight': [16384, 2048]}, 'Inputs': [[52, 2048]]}
0.0%	50.919 μs	1	50.919 μs	50.919 μs	50.919 μs	50.919 μs	0 ns	PushPop	:{'Module': 'LlamaForCausalLM.model.layers.7.mlp.down_proj', 'TrainableParams': {'weight': [2048, 8192]}, 'Inputs': [[1873, 8192]]}
0.0%	50.826 μs	1	50.826 μs	50.826 μs	50.826 μs	50.826 μs	0 ns	PushPop	:{'Module': 'LlamaForCausalLM.model.layers.4.self_attn.qkv_proj', 'TrainableParams': {'weight': [3072, 2048]}, 'Inputs': [[52, 2048]]}
0.0%	50.766 μs	1	50.766 μs	50.766 μs	50.766 μs	50.766 μs	0 ns	PushPop	:{'Module': 'LlamaForCausalLM.model.layers.15.mlp.gate_up_proj', 'TrainableParams': {'weight': [16384, 2048]}, 'Inputs': [[256, 2048]]}
0.0%	50.762 μs	1	50.762 μs	50.762 μs	50.762 μs	50.762 μs	0 ns	PushPop	:{'Module': 'LlamaForCausalLM.model.layers.14.mlp.gate_up_proj', 'TrainableParams': {'weight': [16384, 2048]}, 'Inputs': [[256, 2048]]}
0.0%	50.726 μs	1	50.726 μs	50.726 μs	50.726 μs	50.726 μs	0 ns	PushPop	:{'Module': 'LlamaForCausalLM.model.layers.8.mlp.down_proj', 'TrainableParams': {'weight': [2048, 8192]}, 'Inputs': [[1873, 8192]]}
0.0%	50.720 μs	1	50.720 μs	50.720 μs	50.720 μs	50.720 μs	0 ns	PushPop	:{'Module': 'LlamaForCausalLM.model.layers.11.mlp.act_fn', 'Inputs': [[20, 16384]]}
0.0%	50.554 μs	1	50.554 μs	50.554 μs	50.554 μs	50.554 μs	0 ns	PushPop	:{'Module': 'LlamaForCausalLM.model.layers.14.self_attn.qkv_proj', 'TrainableParams': {'weight': [3072, 2048]}, 'Inputs': [[36, 2048]]}
0.0%	50.466 μs	1	50.466 μs	50.466 μs	50.466 μs	50.466 μs	0 ns	PushPop	:{'Module': 'LlamaForCausalLM.model.layers.6.mlp.down_proj', 'TrainableParams': {'weight': [2048, 8192]}, 'Inputs': [[4, 8192]]}
0.0%	50.419 μs	1	50.419 μs	50.419 μs	50.419 μs	50.419 μs	0 ns	PushPop	:{'Module': 'LlamaForCausalLM.model.layers.7.mlp.down_proj', 'TrainableParams': {'weight': [2048, 8192]}, 'Inputs': [[4, 8192]]}
0.0%	50.304 μs	1	50.304 μs	50.304 μs	50.304 μs	50.304 μs	0 ns	PushPop	:{'Module': 'LlamaForCausalLM.model.layers.4.mlp.down_proj', 'TrainableParams': {'weight': [2048, 8192]}, 'Inputs': [[20, 8192]]}
0.0%	50.215 μs	1	50.215 μs	50.215 μs	50.215 μs	50.215 μs	0 ns	PushPop	:{'Module': 'LlamaForCausalLM.model.layers.12.self_attn.qkv_proj', 'TrainableParams': {'weight': [3072, 2048]}, 'Inputs': [[52, 2048]]}
0.0%	50.192 μs	1	50.192 μs	50.192 μs	50.192 μs	50.192 μs	0 ns	PushPop	:{'Module': 'LlamaForCausalLM.model.layers.3.mlp.down_proj', 'TrainableParams': {'weight': [2048, 8192]}, 'Inputs': [[20, 8192]]}
0.0%	50.131 μs	1	50.131 μs	50.131 μs	50.131 μs	50.131 μs	0 ns	PushPop	:{'Module': 'LlamaForCausalLM.model.layers.9.mlp.down_proj', 'TrainableParams': {'weight': [2048, 8192]}, 'Inputs': [[20, 8192]]}
0.0%	50.032 μs	1	50.032 μs	50.032 μs	50.032 μs	50.032 μs	0 ns	PushPop	:{'Module': 'LlamaForCausalLM.model.layers.6.mlp.down_proj', 'TrainableParams': {'weight': [2048, 8192]}, 'Inputs': [[20, 8192]]}
0.0%	49.939 μs	1	49.939 μs	49.939 μs	49.939 μs	49.939 μs	0 ns	PushPop	:{'Module': 'LlamaForCausalLM.model.layers.14.mlp.down_proj', 'TrainableParams': {'weight': [2048, 8192]}, 'Inputs': [[4, 8192]]}
0.0%	49.933 μs	1	49.933 μs	49.933 μs	49.933 μs	49.933 μs	0 ns	PushPop	:{'Module': 'LlamaForCausalLM.model.layers.1.mlp.down_proj', 'TrainableParams': {'weight': [2048, 8192]}, 'Inputs': [[4, 8192]]}
0.0%	49.905 μs	1	49.905 μs	49.905 μs	49.905 μs	49.905 μs	0 ns	PushPop	:{'Module': 'LlamaForCausalLM.model.layers.9.mlp.down_proj', 'TrainableParams': {'weight': [2048, 8192]}, 'Inputs': [[4, 8192]]}
0.0%	49.891 μs	1	49.891 μs	49.891 μs	49.891 μs	49.891 μs	0 ns	PushPop	:{'Module': 'LlamaForCausalLM.model.layers.0.mlp.act_fn', 'Inputs': [[99, 16384]]}
0.0%	49.851 μs	1	49.851 μs	49.851 μs	49.851 μs	49.851 μs	0 ns	PushPop	:{'Module': 'LlamaForCausalLM.model.layers.11.mlp.down_proj', 'TrainableParams': {'weight': [2048, 8192]}, 'Inputs': [[4, 8192]]}
0.0%	49.832 μs	1	49.832 μs	49.832 μs	49.832 μs	49.832 μs	0 ns	PushPop	:{'Module': 'LlamaForCausalLM.model.layers.1.mlp.act_fn', 'Inputs': [[256, 16384]]}
0.0%	49.665 μs	1	49.665 μs	49.665 μs	49.665 μs	49.665 μs	0 ns	PushPop	:{'Module': 'LlamaForCausalLM.model.layers.4.mlp.down_proj', 'TrainableParams': {'weight': [2048, 8192]}, 'Inputs': [[4, 8192]]}
0.0%	49.618 μs	1	49.618 μs	49.618 μs	49.618 μs	49.618 μs	0 ns	PushPop	:{'Module': 'LlamaForCausalLM.model.layers.5.mlp.down_proj', 'TrainableParams': {'weight': [2048, 8192]}, 'Inputs': [[20, 8192]]}
0.0%	49.521 μs	1	49.521 μs	49.521 μs	49.521 μs	49.521 μs	0 ns	PushPop	:{'Module': 'LlamaForCausalLM.model.layers.7.mlp.act_fn', 'Inputs': [[512, 16384]]}
0.0%	49.513 μs	1	49.513 μs	49.513 μs	49.513 μs	49.513 μs	0 ns	PushPop	:{'Module': 'LlamaForCausalLM.model.layers.3.mlp.down_proj', 'TrainableParams': {'weight': [2048, 8192]}, 'Inputs': [[4, 8192]]}
0.0%	49.431 μs	1	49.431 μs	49.431 μs	49.431 μs	49.431 μs	0 ns	PushPop	:{'Module': 'LlamaForCausalLM.model.layers.0.mlp.act_fn', 'Inputs': [[84, 16384]]}
0.0%	49.345 μs	1	49.345 μs	49.345 μs	49.345 μs	49.345 μs	0 ns	PushPop	:{'Module': 'LlamaForCausalLM.model.layers.5.mlp.down_proj', 'TrainableParams': {'weight': [2048, 8192]}, 'Inputs': [[4, 8192]]}
0.0%	49.252 μs	1	49.252 μs	49.252 μs	49.252 μs	49.252 μs	0 ns	PushPop	:{'Module': 'LlamaForCausalLM.model.layers.5.self_attn.qkv_proj', 'TrainableParams': {'weight': [3072, 2048]}, 'Inputs': [[52, 2048]]}
0.0%	48.566 μs	1	48.566 μs	48.566 μs	48.566 μs	48.566 μs	0 ns	PushPop	:{'Module': 'LlamaForCausalLM.model.layers.11.input_layernorm', 'TrainableParams': {'weight': [2048]}, 'Inputs': [[16, 2048], [16, 2048]]}
0.0%	48.394 μs	1	48.394 μs	48.394 μs	48.394 μs	48.394 μs	0 ns	PushPop	:{'Module': 'LlamaForCausalLM.model.layers.2.mlp.act_fn', 'Inputs': [[16, 16384]]}
0.0%	48.269 μs	1	48.269 μs	48.269 μs	48.269 μs	48.269 μs	0 ns	PushPop	:{'Module': 'LlamaForCausalLM.model.layers.13.mlp.act_fn', 'Inputs': [[512, 16384]]}
0.0%	47.674 μs	1	47.674 μs	47.674 μs	47.674 μs	47.674 μs	0 ns	PushPop	:{'Module': 'LlamaForCausalLM.model.layers.9.post_attention_layernorm', 'TrainableParams': {'weight': [2048]}, 'Inputs': [[68, 2048], [68, 2048]]}
0.0%	47.509 μs	1	47.509 μs	47.509 μs	47.509 μs	47.509 μs	0 ns	PushPop	:{'Module': 'LlamaForCausalLM.model.layers.5.mlp.act_fn', 'Inputs': [[99, 16384]]}
0.0%	47.441 μs	1	47.441 μs	47.441 μs	47.441 μs	47.441 μs	0 ns	PushPop	:{'Module': 'LlamaForCausalLM.model.layers.8.mlp.act_fn', 'Inputs': [[512, 16384]]}
0.0%	47.370 μs	1	47.370 μs	47.370 μs	47.370 μs	47.370 μs	0 ns	PushPop	:{'Module': 'LlamaForCausalLM.model.layers.13.mlp.act_fn', 'Inputs': [[16, 16384]]}
0.0%	47.314 μs	1	47.314 μs	47.314 μs	47.314 μs	47.314 μs	0 ns	PushPop	:{'Module': 'LlamaForCausalLM.model.layers.4.mlp.act_fn', 'Inputs': [[1873, 16384]]}
0.0%	47.314 μs	1	47.314 μs	47.314 μs	47.314 μs	47.314 μs	0 ns	PushPop	:{'Module': 'LlamaForCausalLM.model.layers.5.mlp.act_fn', 'Inputs': [[512, 16384]]}
0.0%	47.257 μs	1	47.257 μs	47.257 μs	47.257 μs	47.257 μs	0 ns	PushPop	:{'Module': 'LlamaForCausalLM.model.layers.12.input_layernorm', 'TrainableParams': {'weight': [2048]}, 'Inputs': [[68, 2048], [68, 2048]]}
0.0%	47.248 μs	1	47.248 μs	47.248 μs	47.248 μs	47.248 μs	0 ns	PushPop	:{'Module': 'LlamaForCausalLM.model.layers.10.mlp.act_fn', 'Inputs': [[512, 16384]]}
0.0%	47.149 μs	1	47.149 μs	47.149 μs	47.149 μs	47.149 μs	0 ns	PushPop	:{'Module': 'LlamaForCausalLM.model.layers.2.post_attention_layernorm', 'TrainableParams': {'weight': [2048]}, 'Inputs': [[4, 2048], [4, 2048]]}
0.0%	47.073 μs	1	47.073 μs	47.073 μs	47.073 μs	47.073 μs	0 ns	PushPop	:{'Module': 'LlamaForCausalLM.model.layers.10.mlp.act_fn', 'Inputs': [[256, 16384]]}
0.0%	47.070 μs	1	47.070 μs	47.070 μs	47.070 μs	47.070 μs	0 ns	PushPop	:{'Module': 'LlamaForCausalLM.model.layers.8.post_attention_layernorm', 'TrainableParams': {'weight': [2048]}, 'Inputs': [[512, 2048], [512, 2048]]}
0.0%	46.973 μs	1	46.973 μs	46.973 μs	46.973 μs	46.973 μs	0 ns	PushPop	:{'Module': 'LlamaForCausalLM.model.layers.0.input_layernorm', 'TrainableParams': {'weight': [2048]}, 'Inputs': [[1873, 2048]]}
0.0%	46.880 μs	1	46.880 μs	46.880 μs	46.880 μs	46.880 μs	0 ns	PushPop	:{'Module': 'LlamaForCausalLM.model.layers.2.mlp.act_fn', 'Inputs': [[512, 16384]]}
0.0%	46.880 μs	1	46.880 μs	46.880 μs	46.880 μs	46.880 μs	0 ns	PushPop	:{'Module': 'LlamaForCausalLM.model.layers.9.mlp.act_fn', 'Inputs': [[16, 16384]]}
0.0%	46.825 μs	1	46.825 μs	46.825 μs	46.825 μs	46.825 μs	0 ns	PushPop	:{'Module': 'LlamaForCausalLM.model.layers.1.mlp.act_fn', 'Inputs': [[16, 16384]]}
0.0%	46.784 μs	1	46.784 μs	46.784 μs	46.784 μs	46.784 μs	0 ns	PushPop	:{'Module': 'LlamaForCausalLM.model.layers.0.input_layernorm', 'TrainableParams': {'weight': [2048]}, 'Inputs': [[84, 2048]]}
0.0%	46.730 μs	1	46.730 μs	46.730 μs	46.730 μs	46.730 μs	0 ns	PushPop	:{'Module': 'LlamaForCausalLM.model.layers.6.mlp.act_fn', 'Inputs': [[16, 16384]]}
0.0%	46.726 μs	1	46.726 μs	46.726 μs	46.726 μs	46.726 μs	0 ns	PushPop	:{'Module': 'LlamaForCausalLM.model.layers.11.mlp.act_fn', 'Inputs': [[16, 16384]]}
0.0%	46.601 μs	1	46.601 μs	46.601 μs	46.601 μs	46.601 μs	0 ns	PushPop	:{'Module': 'LlamaForCausalLM.model.layers.0.post_attention_layernorm', 'TrainableParams': {'weight': [2048]}, 'Inputs': [[16, 2048], [16, 2048]]}
0.0%	46.454 μs	1	46.454 μs	46.454 μs	46.454 μs	46.454 μs	0 ns	PushPop	:{'Module': 'LlamaForCausalLM.model.layers.0.post_attention_layernorm', 'TrainableParams': {'weight': [2048]}, 'Inputs': [[20, 2048], [20, 2048]]}
0.0%	46.407 μs	1	46.407 μs	46.407 μs	46.407 μs	46.407 μs	0 ns	PushPop	:{'Module': 'LlamaForCausalLM.model.layers.3.mlp.act_fn', 'Inputs': [[512, 16384]]}
0.0%	46.384 μs	1	46.384 μs	46.384 μs	46.384 μs	46.384 μs	0 ns	PushPop	:{'Module': 'LlamaForCausalLM.model.layers.9.mlp.act_fn', 'Inputs': [[1873, 16384]]}
0.0%	46.349 μs	1	46.349 μs	46.349 μs	46.349 μs	46.349 μs	0 ns	PushPop	:{'Module': 'LlamaForCausalLM.model.layers.4.mlp.act_fn', 'Inputs': [[16, 16384]]}
0.0%	46.251 μs	1	46.251 μs	46.251 μs	46.251 μs	46.251 μs	0 ns	PushPop	:{'Module': 'LlamaForCausalLM.model.layers.12.mlp.act_fn', 'Inputs': [[512, 16384]]}
0.0%	46.208 μs	1	46.208 μs	46.208 μs	46.208 μs	46.208 μs	0 ns	PushPop	:{'Module': 'LlamaForCausalLM.model.layers.2.mlp.act_fn', 'Inputs': [[256, 16384]]}
0.0%	46.163 μs	1	46.163 μs	46.163 μs	46.163 μs	46.163 μs	0 ns	PushPop	:{'Module': 'LlamaForCausalLM.model.layers.6.post_attention_layernorm', 'TrainableParams': {'weight': [2048]}, 'Inputs': [[99, 2048], [99, 2048]]}
0.0%	46.037 μs	1	46.037 μs	46.037 μs	46.037 μs	46.037 μs	0 ns	PushPop	:{'Module': 'LlamaForCausalLM.model.layers.15.mlp.act_fn', 'Inputs': [[4, 16384]]}
0.0%	45.892 μs	1	45.892 μs	45.892 μs	45.892 μs	45.892 μs	0 ns	PushPop	:{'Module': 'LlamaForCausalLM.model.layers.3.mlp.act_fn', 'Inputs': [[256, 16384]]}
0.0%	45.858 μs	1	45.858 μs	45.858 μs	45.858 μs	45.858 μs	0 ns	PushPop	:{'Module': 'LlamaForCausalLM.model.layers.13.mlp.act_fn', 'Inputs': [[52, 16384]]}
0.0%	45.772 μs	1	45.772 μs	45.772 μs	45.772 μs	45.772 μs	0 ns	PushPop	:{'Module': 'LlamaForCausalLM.model.layers.1.mlp.act_fn', 'Inputs': [[1873, 16384]]}
0.0%	45.717 μs	1	45.717 μs	45.717 μs	45.717 μs	45.717 μs	0 ns	PushPop	:{'Module': 'LlamaForCausalLM.model.layers.7.mlp.act_fn', 'Inputs': [[99, 16384]]}
0.0%	45.646 μs	1	45.646 μs	45.646 μs	45.646 μs	45.646 μs	0 ns	PushPop	:{'Module': 'LlamaForCausalLM.model.layers.15.mlp.act_fn', 'Inputs': [[512, 16384]]}
0.0%	45.630 μs	1	45.630 μs	45.630 μs	45.630 μs	45.630 μs	0 ns	PushPop	:{'Module': 'LlamaForCausalLM.model.layers.2.mlp.act_fn', 'Inputs': [[20, 16384]]}
0.0%	45.544 μs	1	45.544 μs	45.544 μs	45.544 μs	45.544 μs	0 ns	PushPop	:{'Module': 'LlamaForCausalLM.model.layers.6.mlp.act_fn', 'Inputs': [[1873, 16384]]}
0.0%	45.524 μs	1	45.524 μs	45.524 μs	45.524 μs	45.524 μs	0 ns	PushPop	:{'Module': 'LlamaForCausalLM.model.layers.6.mlp.act_fn', 'Inputs': [[99, 16384]]}
0.0%	45.453 μs	1	45.453 μs	45.453 μs	45.453 μs	45.453 μs	0 ns	PushPop	:{'Module': 'LlamaForCausalLM.model.layers.5.mlp.act_fn', 'Inputs': [[1873, 16384]]}
0.0%	45.320 μs	1	45.320 μs	45.320 μs	45.320 μs	45.320 μs	0 ns	PushPop	:{'Module': 'LlamaForCausalLM.model.layers.15.mlp.act_fn', 'Inputs': [[1873, 16384]]}
0.0%	45.264 μs	1	45.264 μs	45.264 μs	45.264 μs	45.264 μs	0 ns	PushPop	:{'Module': 'LlamaForCausalLM.model.layers.10.mlp.act_fn', 'Inputs': [[16, 16384]]}
0.0%	45.255 μs	1	45.255 μs	45.255 μs	45.255 μs	45.255 μs	0 ns	PushPop	:{'Module': 'LlamaForCausalLM.model.layers.1.input_layernorm', 'TrainableParams': {'weight': [2048]}, 'Inputs': [[99, 2048], [99, 2048]]}
0.0%	45.241 μs	1	45.241 μs	45.241 μs	45.241 μs	45.241 μs	0 ns	PushPop	:{'Module': 'LlamaForCausalLM.model.layers.4.mlp.act_fn', 'Inputs': [[99, 16384]]}
0.0%	45.241 μs	1	45.241 μs	45.241 μs	45.241 μs	45.241 μs	0 ns	PushPop	:{'Module': 'LlamaForCausalLM.model.layers.5.mlp.act_fn', 'Inputs': [[68, 16384]]}
0.0%	45.177 μs	1	45.177 μs	45.177 μs	45.177 μs	45.177 μs	0 ns	PushPop	:{'Module': 'LlamaForCausalLM.model.layers.6.mlp.act_fn', 'Inputs': [[512, 16384]]}
0.0%	45.107 μs	1	45.107 μs	45.107 μs	45.107 μs	45.107 μs	0 ns	PushPop	:{'Module': 'LlamaForCausalLM.model.layers.11.mlp.act_fn', 'Inputs': [[512, 16384]]}
0.0%	45.096 μs	1	45.096 μs	45.096 μs	45.096 μs	45.096 μs	0 ns	PushPop	:{'Module': 'LlamaForCausalLM.model.layers.2.mlp.act_fn', 'Inputs': [[1873, 16384]]}
0.0%	45.065 μs	1	45.065 μs	45.065 μs	45.065 μs	45.065 μs	0 ns	PushPop	:{'Module': 'LlamaForCausalLM.model.layers.0.input_layernorm', 'TrainableParams': {'weight': [2048]}, 'Inputs': [[52, 2048]]}
0.0%	45.046 μs	1	45.046 μs	45.046 μs	45.046 μs	45.046 μs	0 ns	PushPop	:{'Module': 'LlamaForCausalLM.model.layers.10.mlp.act_fn', 'Inputs': [[1873, 16384]]}
0.0%	45.045 μs	1	45.045 μs	45.045 μs	45.045 μs	45.045 μs	0 ns	PushPop	:{'Module': 'LlamaForCausalLM.model.layers.6.mlp.act_fn', 'Inputs': [[52, 16384]]}
0.0%	45.042 μs	1	45.042 μs	45.042 μs	45.042 μs	45.042 μs	0 ns	PushPop	:{'Module': 'LlamaForCausalLM.model.layers.8.mlp.act_fn', 'Inputs': [[36, 16384]]}
0.0%	45.013 μs	1	45.013 μs	45.013 μs	45.013 μs	45.013 μs	0 ns	PushPop	:{'Module': 'LlamaForCausalLM.model.layers.12.mlp.act_fn', 'Inputs': [[68, 16384]]}
0.0%	44.985 μs	1	44.985 μs	44.985 μs	44.985 μs	44.985 μs	0 ns	PushPop	:{'Module': 'LlamaForCausalLM.model.layers.13.mlp.act_fn', 'Inputs': [[1873, 16384]]}
0.0%	44.984 μs	1	44.984 μs	44.984 μs	44.984 μs	44.984 μs	0 ns	PushPop	:{'Module': 'LlamaForCausalLM.model.layers.7.mlp.act_fn', 'Inputs': [[1873, 16384]]}
0.0%	44.915 μs	1	44.915 μs	44.915 μs	44.915 μs	44.915 μs	0 ns	PushPop	:{'Module': 'LlamaForCausalLM.model.layers.3.mlp.act_fn', 'Inputs': [[16, 16384]]}
0.0%	44.910 μs	1	44.910 μs	44.910 μs	44.910 μs	44.910 μs	0 ns	PushPop	:{'Module': 'LlamaForCausalLM.model.layers.8.mlp.act_fn', 'Inputs': [[20, 16384]]}
0.0%	44.842 μs	1	44.842 μs	44.842 μs	44.842 μs	44.842 μs	0 ns	PushPop	:{'Module': 'LlamaForCausalLM.model.layers.10.mlp.act_fn', 'Inputs': [[20, 16384]]}
0.0%	44.787 μs	1	44.787 μs	44.787 μs	44.787 μs	44.787 μs	0 ns	PushPop	:{'Module': 'LlamaForCausalLM.model.layers.11.mlp.act_fn', 'Inputs': [[52, 16384]]}
0.0%	44.780 μs	1	44.780 μs	44.780 μs	44.780 μs	44.780 μs	0 ns	PushPop	:{'Module': 'LlamaForCausalLM.model.layers.14.mlp.act_fn', 'Inputs': [[16, 16384]]}
0.0%	44.731 μs	1	44.731 μs	44.731 μs	44.731 μs	44.731 μs	0 ns	PushPop	:{'Module': 'LlamaForCausalLM.model.layers.14.mlp.act_fn', 'Inputs': [[52, 16384]]}
0.0%	44.708 μs	1	44.708 μs	44.708 μs	44.708 μs	44.708 μs	0 ns	PushPop	:{'Module': 'LlamaForCausalLM.model.layers.14.mlp.act_fn', 'Inputs': [[1873, 16384]]}
0.0%	44.705 μs	1	44.705 μs	44.705 μs	44.705 μs	44.705 μs	0 ns	PushPop	:{'Module': 'LlamaForCausalLM.model.layers.4.mlp.act_fn', 'Inputs': [[68, 16384]]}
0.0%	44.665 μs	1	44.665 μs	44.665 μs	44.665 μs	44.665 μs	0 ns	PushPop	:{'Module': 'LlamaForCausalLM.model.layers.1.mlp.act_fn', 'Inputs': [[52, 16384]]}
0.0%	44.648 μs	1	44.648 μs	44.648 μs	44.648 μs	44.648 μs	0 ns	PushPop	:{'Module': 'LlamaForCausalLM.model.layers.3.mlp.act_fn', 'Inputs': [[1873, 16384]]}
0.0%	44.567 μs	1	44.567 μs	44.567 μs	44.567 μs	44.567 μs	0 ns	PushPop	:{'Module': 'LlamaForCausalLM.model.layers.13.mlp.act_fn', 'Inputs': [[84, 16384]]}
0.0%	44.559 μs	1	44.559 μs	44.559 μs	44.559 μs	44.559 μs	0 ns	PushPop	:{'Module': 'LlamaForCausalLM.model.layers.6.mlp.act_fn', 'Inputs': [[84, 16384]]}
0.0%	44.555 μs	1	44.555 μs	44.555 μs	44.555 μs	44.555 μs	0 ns	PushPop	:{'Module': 'LlamaForCausalLM.model.layers.13.mlp.act_fn', 'Inputs': [[4, 16384]]}
0.0%	44.540 μs	1	44.540 μs	44.540 μs	44.540 μs	44.540 μs	0 ns	PushPop	:{'Module': 'LlamaForCausalLM.model.layers.8.mlp.act_fn', 'Inputs': [[52, 16384]]}
0.0%	44.477 μs	1	44.477 μs	44.477 μs	44.477 μs	44.477 μs	0 ns	PushPop	:{'Module': 'LlamaForCausalLM.model.layers.10.mlp.act_fn', 'Inputs': [[52, 16384]]}
0.0%	44.470 μs	1	44.470 μs	44.470 μs	44.470 μs	44.470 μs	0 ns	PushPop	:{'Module': 'LlamaForCausalLM.model.layers.15.post_attention_layernorm', 'TrainableParams': {'weight': [2048]}, 'Inputs': [[512, 2048], [512, 2048]]}
0.0%	44.469 μs	1	44.469 μs	44.469 μs	44.469 μs	44.469 μs	0 ns	PushPop	:{'Module': 'LlamaForCausalLM.model.layers.1.mlp.act_fn', 'Inputs': [[84, 16384]]}
0.0%	44.439 μs	1	44.439 μs	44.439 μs	44.439 μs	44.439 μs	0 ns	PushPop	:{'Module': 'LlamaForCausalLM.model.layers.10.mlp.act_fn', 'Inputs': [[36, 16384]]}
0.0%	44.401 μs	1	44.401 μs	44.401 μs	44.401 μs	44.401 μs	0 ns	PushPop	:{'Module': 'LlamaForCausalLM.model.layers.15.mlp.act_fn', 'Inputs': [[99, 16384]]}
0.0%	44.364 μs	1	44.364 μs	44.364 μs	44.364 μs	44.364 μs	0 ns	PushPop	:{'Module': 'LlamaForCausalLM.model.layers.3.mlp.act_fn', 'Inputs': [[52, 16384]]}
0.0%	44.357 μs	1	44.357 μs	44.357 μs	44.357 μs	44.357 μs	0 ns	PushPop	:{'Module': 'LlamaForCausalLM.model.layers.7.mlp.act_fn', 'Inputs': [[52, 16384]]}
0.0%	44.333 μs	1	44.333 μs	44.333 μs	44.333 μs	44.333 μs	0 ns	PushPop	:{'Module': 'LlamaForCausalLM.model.layers.8.mlp.act_fn', 'Inputs': [[1873, 16384]]}
0.0%	44.323 μs	1	44.323 μs	44.323 μs	44.323 μs	44.323 μs	0 ns	PushPop	:{'Module': 'LlamaForCausalLM.model.layers.2.mlp.act_fn', 'Inputs': [[68, 16384]]}
0.0%	44.284 μs	1	44.284 μs	44.284 μs	44.284 μs	44.284 μs	0 ns	PushPop	:{'Module': 'LlamaForCausalLM.model.layers.10.mlp.act_fn', 'Inputs': [[68, 16384]]}
0.0%	44.258 μs	1	44.258 μs	44.258 μs	44.258 μs	44.258 μs	0 ns	PushPop	:{'Module': 'LlamaForCausalLM.model.layers.2.mlp.act_fn', 'Inputs': [[52, 16384]]}
0.0%	44.249 μs	1	44.249 μs	44.249 μs	44.249 μs	44.249 μs	0 ns	PushPop	:{'Module': 'LlamaForCausalLM.model.layers.11.mlp.act_fn', 'Inputs': [[84, 16384]]}
0.0%	44.218 μs	1	44.218 μs	44.218 μs	44.218 μs	44.218 μs	0 ns	PushPop	:{'Module': 'LlamaForCausalLM.model.layers.9.mlp.act_fn', 'Inputs': [[52, 16384]]}
0.0%	44.213 μs	1	44.213 μs	44.213 μs	44.213 μs	44.213 μs	0 ns	PushPop	:{'Module': 'LlamaForCausalLM.model.layers.11.mlp.act_fn', 'Inputs': [[1873, 16384]]}
0.0%	44.134 μs	1	44.134 μs	44.134 μs	44.134 μs	44.134 μs	0 ns	PushPop	:{'Module': 'LlamaForCausalLM.model.layers.0.input_layernorm', 'TrainableParams': {'weight': [2048]}, 'Inputs': [[20, 2048]]}
0.0%	44.117 μs	1	44.117 μs	44.117 μs	44.117 μs	44.117 μs	0 ns	PushPop	:{'Module': 'LlamaForCausalLM.model.layers.9.mlp.act_fn', 'Inputs': [[68, 16384]]}
0.0%	44.094 μs	1	44.094 μs	44.094 μs	44.094 μs	44.094 μs	0 ns	PushPop	:{'Module': 'LlamaForCausalLM.model.layers.13.mlp.act_fn', 'Inputs': [[256, 16384]]}
0.0%	44.082 μs	1	44.082 μs	44.082 μs	44.082 μs	44.082 μs	0 ns	PushPop	:{'Module': 'LlamaForCausalLM.model.layers.4.mlp.act_fn', 'Inputs': [[84, 16384]]}
0.0%	44.074 μs	1	44.074 μs	44.074 μs	44.074 μs	44.074 μs	0 ns	PushPop	:{'Module': 'LlamaForCausalLM.model.layers.5.mlp.act_fn', 'Inputs': [[52, 16384]]}
0.0%	44.033 μs	1	44.033 μs	44.033 μs	44.033 μs	44.033 μs	0 ns	PushPop	:{'Module': 'LlamaForCausalLM.model.layers.2.mlp.act_fn', 'Inputs': [[4, 16384]]}
0.0%	44.023 μs	1	44.023 μs	44.023 μs	44.023 μs	44.023 μs	0 ns	PushPop	:{'Module': 'LlamaForCausalLM.model.layers.7.input_layernorm', 'TrainableParams': {'weight': [2048]}, 'Inputs': [[84, 2048], [84, 2048]]}
0.0%	43.999 μs	1	43.999 μs	43.999 μs	43.999 μs	43.999 μs	0 ns	PushPop	:{'Module': 'LlamaForCausalLM.model.layers.6.mlp.act_fn', 'Inputs': [[36, 16384]]}
0.0%	43.977 μs	1	43.977 μs	43.977 μs	43.977 μs	43.977 μs	0 ns	PushPop	:{'Module': 'LlamaForCausalLM.model.layers.0.input_layernorm', 'TrainableParams': {'weight': [2048]}, 'Inputs': [[68, 2048]]}
0.0%	43.939 μs	1	43.939 μs	43.939 μs	43.939 μs	43.939 μs	0 ns	PushPop	:{'Module': 'LlamaForCausalLM.model.layers.13.post_attention_layernorm', 'TrainableParams': {'weight': [2048]}, 'Inputs': [[1873, 2048], [1873, 2048]]}
0.0%	43.936 μs	1	43.936 μs	43.936 μs	43.936 μs	43.936 μs	0 ns	PushPop	:{'Module': 'LlamaForCausalLM.model.layers.11.mlp.act_fn', 'Inputs': [[68, 16384]]}
0.0%	43.887 μs	1	43.887 μs	43.887 μs	43.887 μs	43.887 μs	0 ns	PushPop	:{'Module': 'LlamaForCausalLM.model.layers.14.mlp.act_fn', 'Inputs': [[68, 16384]]}
0.0%	43.828 μs	1	43.828 μs	43.828 μs	43.828 μs	43.828 μs	0 ns	PushPop	:{'Module': 'LlamaForCausalLM.model.layers.8.mlp.act_fn', 'Inputs': [[4, 16384]]}
0.0%	43.827 μs	1	43.827 μs	43.827 μs	43.827 μs	43.827 μs	0 ns	PushPop	:{'Module': 'LlamaForCausalLM.model.layers.10.mlp.act_fn', 'Inputs': [[4, 16384]]}
0.0%	43.780 μs	1	43.780 μs	43.780 μs	43.780 μs	43.780 μs	0 ns	PushPop	:{'Module': 'LlamaForCausalLM.model.layers.8.mlp.act_fn', 'Inputs': [[99, 16384]]}
0.0%	43.759 μs	1	43.759 μs	43.759 μs	43.759 μs	43.759 μs	0 ns	PushPop	:{'Module': 'LlamaForCausalLM.model.layers.14.mlp.act_fn', 'Inputs': [[84, 16384]]}
0.0%	43.757 μs	1	43.757 μs	43.757 μs	43.757 μs	43.757 μs	0 ns	PushPop	:{'Module': 'LlamaForCausalLM.model.layers.7.mlp.act_fn', 'Inputs': [[16, 16384]]}
0.0%	43.697 μs	1	43.697 μs	43.697 μs	43.697 μs	43.697 μs	0 ns	PushPop	:{'Module': 'LlamaForCausalLM.model.layers.8.mlp.act_fn', 'Inputs': [[16, 16384]]}
0.0%	43.626 μs	1	43.626 μs	43.626 μs	43.626 μs	43.626 μs	0 ns	PushPop	:{'Module': 'LlamaForCausalLM.model.layers.14.mlp.act_fn', 'Inputs': [[99, 16384]]}
0.0%	43.626 μs	1	43.626 μs	43.626 μs	43.626 μs	43.626 μs	0 ns	PushPop	:{'Module': 'LlamaForCausalLM.model.layers.9.input_layernorm', 'TrainableParams': {'weight': [2048]}, 'Inputs': [[512, 2048], [512, 2048]]}
0.0%	43.615 μs	1	43.615 μs	43.615 μs	43.615 μs	43.615 μs	0 ns	PushPop	:{'Module': 'LlamaForCausalLM.model.layers.13.input_layernorm', 'TrainableParams': {'weight': [2048]}, 'Inputs': [[512, 2048], [512, 2048]]}
0.0%	43.611 μs	1	43.611 μs	43.611 μs	43.611 μs	43.611 μs	0 ns	PushPop	:{'Module': 'LlamaForCausalLM.model.layers.9.mlp.act_fn', 'Inputs': [[36, 16384]]}
0.0%	43.565 μs	1	43.565 μs	43.565 μs	43.565 μs	43.565 μs	0 ns	PushPop	:{'Module': 'LlamaForCausalLM.model.layers.9.mlp.act_fn', 'Inputs': [[99, 16384]]}
0.0%	43.548 μs	1	43.548 μs	43.548 μs	43.548 μs	43.548 μs	0 ns	PushPop	:{'Module': 'LlamaForCausalLM.model.layers.1.mlp.act_fn', 'Inputs': [[20, 16384]]}
0.0%	43.491 μs	1	43.491 μs	43.491 μs	43.491 μs	43.491 μs	0 ns	PushPop	:{'Module': 'LlamaForCausalLM.model.layers.8.mlp.act_fn', 'Inputs': [[68, 16384]]}
0.0%	43.479 μs	1	43.479 μs	43.479 μs	43.479 μs	43.479 μs	0 ns	PushPop	:{'Module': 'LlamaForCausalLM.model.layers.14.mlp.act_fn', 'Inputs': [[20, 16384]]}
0.0%	43.475 μs	1	43.475 μs	43.475 μs	43.475 μs	43.475 μs	0 ns	PushPop	:{'Module': 'LlamaForCausalLM.model.layers.1.mlp.act_fn', 'Inputs': [[99, 16384]]}
0.0%	43.445 μs	1	43.445 μs	43.445 μs	43.445 μs	43.445 μs	0 ns	PushPop	:{'Module': 'LlamaForCausalLM.model.layers.13.mlp.act_fn', 'Inputs': [[20, 16384]]}
0.0%	43.380 μs	1	43.380 μs	43.380 μs	43.380 μs	43.380 μs	0 ns	PushPop	:{'Module': 'LlamaForCausalLM.model.layers.6.mlp.act_fn', 'Inputs': [[68, 16384]]}
0.0%	43.299 μs	1	43.299 μs	43.299 μs	43.299 μs	43.299 μs	0 ns	PushPop	:{'Module': 'LlamaForCausalLM.model.layers.3.mlp.act_fn', 'Inputs': [[84, 16384]]}
0.0%	43.296 μs	1	43.296 μs	43.296 μs	43.296 μs	43.296 μs	0 ns	PushPop	:{'Module': 'LlamaForCausalLM.model.layers.15.mlp.act_fn', 'Inputs': [[20, 16384]]}
0.0%	43.266 μs	1	43.266 μs	43.266 μs	43.266 μs	43.266 μs	0 ns	PushPop	:{'Module': 'LlamaForCausalLM.model.layers.10.mlp.act_fn', 'Inputs': [[84, 16384]]}
0.0%	43.262 μs	1	43.262 μs	43.262 μs	43.262 μs	43.262 μs	0 ns	PushPop	:{'Module': 'LlamaForCausalLM.model.layers.12.mlp.act_fn', 'Inputs': [[4, 16384]]}
0.0%	43.251 μs	1	43.251 μs	43.251 μs	43.251 μs	43.251 μs	0 ns	PushPop	:{'Module': 'LlamaForCausalLM.model.layers.11.mlp.act_fn', 'Inputs': [[4, 16384]]}
0.0%	43.188 μs	1	43.188 μs	43.188 μs	43.188 μs	43.188 μs	0 ns	PushPop	:{'Module': 'LlamaForCausalLM.model.layers.8.mlp.act_fn', 'Inputs': [[256, 16384]]}
0.0%	43.117 μs	1	43.117 μs	43.117 μs	43.117 μs	43.117 μs	0 ns	PushPop	:{'Module': 'LlamaForCausalLM.model.layers.3.mlp.act_fn', 'Inputs': [[68, 16384]]}
0.0%	43.060 μs	1	43.060 μs	43.060 μs	43.060 μs	43.060 μs	0 ns	PushPop	:{'Module': 'LlamaForCausalLM.model.layers.4.mlp.act_fn', 'Inputs': [[4, 16384]]}
0.0%	43.010 μs	1	43.010 μs	43.010 μs	43.010 μs	43.010 μs	0 ns	PushPop	:{'Module': 'LlamaForCausalLM.model.layers.0.post_attention_layernorm', 'TrainableParams': {'weight': [2048]}, 'Inputs': [[68, 2048], [68, 2048]]}
0.0%	42.995 μs	1	42.995 μs	42.995 μs	42.995 μs	42.995 μs	0 ns	PushPop	:{'Module': 'LlamaForCausalLM.model.layers.3.mlp.act_fn', 'Inputs': [[20, 16384]]}
0.0%	42.971 μs	1	42.971 μs	42.971 μs	42.971 μs	42.971 μs	0 ns	PushPop	:{'Module': 'LlamaForCausalLM.model.layers.9.input_layernorm', 'TrainableParams': {'weight': [2048]}, 'Inputs': [[256, 2048], [256, 2048]]}
0.0%	42.957 μs	1	42.957 μs	42.957 μs	42.957 μs	42.957 μs	0 ns	PushPop	:{'Module': 'LlamaForCausalLM.model.layers.13.mlp.act_fn', 'Inputs': [[36, 16384]]}
0.0%	42.869 μs	1	42.869 μs	42.869 μs	42.869 μs	42.869 μs	0 ns	PushPop	:{'Module': 'LlamaForCausalLM.model.layers.6.mlp.act_fn', 'Inputs': [[4, 16384]]}
0.0%	42.867 μs	1	42.867 μs	42.867 μs	42.867 μs	42.867 μs	0 ns	PushPop	:{'Module': 'LlamaForCausalLM.model.layers.10.mlp.act_fn', 'Inputs': [[99, 16384]]}
0.0%	42.864 μs	1	42.864 μs	42.864 μs	42.864 μs	42.864 μs	0 ns	PushPop	:{'Module': 'LlamaForCausalLM.model.layers.12.mlp.act_fn', 'Inputs': [[99, 16384]]}
0.0%	42.861 μs	1	42.861 μs	42.861 μs	42.861 μs	42.861 μs	0 ns	PushPop	:{'Module': 'LlamaForCausalLM.model.layers.6.mlp.act_fn', 'Inputs': [[256, 16384]]}
0.0%	42.854 μs	1	42.854 μs	42.854 μs	42.854 μs	42.854 μs	0 ns	PushPop	:{'Module': 'LlamaForCausalLM.model.layers.14.mlp.act_fn', 'Inputs': [[36, 16384]]}
0.0%	42.829 μs	1	42.829 μs	42.829 μs	42.829 μs	42.829 μs	0 ns	PushPop	:{'Module': 'LlamaForCausalLM.model.layers.11.mlp.act_fn', 'Inputs': [[99, 16384]]}
0.0%	42.824 μs	1	42.824 μs	42.824 μs	42.824 μs	42.824 μs	0 ns	PushPop	:{'Module': 'LlamaForCausalLM.model.layers.0.post_attention_layernorm', 'TrainableParams': {'weight': [2048]}, 'Inputs': [[84, 2048], [84, 2048]]}
0.0%	42.788 μs	1	42.788 μs	42.788 μs	42.788 μs	42.788 μs	0 ns	PushPop	:{'Module': 'LlamaForCausalLM.model.layers.11.post_attention_layernorm', 'TrainableParams': {'weight': [2048]}, 'Inputs': [[4, 2048], [4, 2048]]}
0.0%	42.782 μs	1	42.782 μs	42.782 μs	42.782 μs	42.782 μs	0 ns	PushPop	:{'Module': 'LlamaForCausalLM.model.layers.2.mlp.act_fn', 'Inputs': [[36, 16384]]}
0.0%	42.747 μs	1	42.747 μs	42.747 μs	42.747 μs	42.747 μs	0 ns	PushPop	:{'Module': 'LlamaForCausalLM.model.layers.2.mlp.act_fn', 'Inputs': [[99, 16384]]}
0.0%	42.705 μs	1	42.705 μs	42.705 μs	42.705 μs	42.705 μs	0 ns	PushPop	:{'Module': 'LlamaForCausalLM.model.layers.12.mlp.act_fn', 'Inputs': [[36, 16384]]}
0.0%	42.694 μs	1	42.694 μs	42.694 μs	42.694 μs	42.694 μs	0 ns	PushPop	:{'Module': 'LlamaForCausalLM.model.layers.9.mlp.act_fn', 'Inputs': [[20, 16384]]}
0.0%	42.648 μs	1	42.648 μs	42.648 μs	42.648 μs	42.648 μs	0 ns	PushPop	:{'Module': 'LlamaForCausalLM.model.layers.6.mlp.act_fn', 'Inputs': [[20, 16384]]}
0.0%	42.628 μs	1	42.628 μs	42.628 μs	42.628 μs	42.628 μs	0 ns	PushPop	:{'Module': 'LlamaForCausalLM.model.layers.3.mlp.act_fn', 'Inputs': [[4, 16384]]}
0.0%	42.623 μs	1	42.623 μs	42.623 μs	42.623 μs	42.623 μs	0 ns	PushPop	:{'Module': 'LlamaForCausalLM.model.layers.1.mlp.act_fn', 'Inputs': [[68, 16384]]}
0.0%	42.590 μs	1	42.590 μs	42.590 μs	42.590 μs	42.590 μs	0 ns	PushPop	:{'Module': 'LlamaForCausalLM.model.layers.5.post_attention_layernorm', 'TrainableParams': {'weight': [2048]}, 'Inputs': [[99, 2048], [99, 2048]]}
0.0%	42.589 μs	1	42.589 μs	42.589 μs	42.589 μs	42.589 μs	0 ns	PushPop	:{'Module': 'LlamaForCausalLM.model.layers.8.input_layernorm', 'TrainableParams': {'weight': [2048]}, 'Inputs': [[20, 2048], [20, 2048]]}
0.0%	42.504 μs	1	42.504 μs	42.504 μs	42.504 μs	42.504 μs	0 ns	PushPop	:{'Module': 'LlamaForCausalLM.model.layers.8.mlp.act_fn', 'Inputs': [[84, 16384]]}
0.0%	42.500 μs	1	42.500 μs	42.500 μs	42.500 μs	42.500 μs	0 ns	PushPop	:{'Module': 'LlamaForCausalLM.model.layers.5.post_attention_layernorm', 'TrainableParams': {'weight': [2048]}, 'Inputs': [[68, 2048], [68, 2048]]}
0.0%	42.457 μs	1	42.457 μs	42.457 μs	42.457 μs	42.457 μs	0 ns	PushPop	:{'Module': 'LlamaForCausalLM.model.layers.14.mlp.act_fn', 'Inputs': [[4, 16384]]}
0.0%	42.442 μs	1	42.442 μs	42.442 μs	42.442 μs	42.442 μs	0 ns	PushPop	:{'Module': 'LlamaForCausalLM.model.layers.4.mlp.act_fn', 'Inputs': [[20, 16384]]}
0.0%	42.437 μs	1	42.437 μs	42.437 μs	42.437 μs	42.437 μs	0 ns	PushPop	:{'Module': 'LlamaForCausalLM.model.layers.9.mlp.act_fn', 'Inputs': [[256, 16384]]}
0.0%	42.426 μs	1	42.426 μs	42.426 μs	42.426 μs	42.426 μs	0 ns	PushPop	:{'Module': 'LlamaForCausalLM.model.layers.7.mlp.act_fn', 'Inputs': [[256, 16384]]}
0.0%	42.398 μs	1	42.398 μs	42.398 μs	42.398 μs	42.398 μs	0 ns	PushPop	:{'Module': 'LlamaForCausalLM.model.layers.9.mlp.act_fn', 'Inputs': [[4, 16384]]}
0.0%	42.383 μs	1	42.383 μs	42.383 μs	42.383 μs	42.383 μs	0 ns	PushPop	:{'Module': 'LlamaForCausalLM.model.layers.4.mlp.act_fn', 'Inputs': [[36, 16384]]}
0.0%	42.357 μs	1	42.357 μs	42.357 μs	42.357 μs	42.357 μs	0 ns	PushPop	:{'Module': 'LlamaForCausalLM.model.layers.1.mlp.act_fn', 'Inputs': [[4, 16384]]}
0.0%	42.354 μs	1	42.354 μs	42.354 μs	42.354 μs	42.354 μs	0 ns	PushPop	:{'Module': 'LlamaForCausalLM.model.layers.13.mlp.act_fn', 'Inputs': [[68, 16384]]}
0.0%	42.335 μs	1	42.335 μs	42.335 μs	42.335 μs	42.335 μs	0 ns	PushPop	:{'Module': 'LlamaForCausalLM.model.layers.14.input_layernorm', 'TrainableParams': {'weight': [2048]}, 'Inputs': [[256, 2048], [256, 2048]]}
0.0%	42.327 μs	1	42.327 μs	42.327 μs	42.327 μs	42.327 μs	0 ns	PushPop	:{'Module': 'LlamaForCausalLM.model.layers.11.input_layernorm', 'TrainableParams': {'weight': [2048]}, 'Inputs': [[99, 2048], [99, 2048]]}
0.0%	42.310 μs	1	42.310 μs	42.310 μs	42.310 μs	42.310 μs	0 ns	PushPop	:{'Module': 'LlamaForCausalLM.model.layers.11.mlp.act_fn', 'Inputs': [[256, 16384]]}
0.0%	42.300 μs	1	42.300 μs	42.300 μs	42.300 μs	42.300 μs	0 ns	PushPop	:{'Module': 'LlamaForCausalLM.model.layers.15.mlp.act_fn', 'Inputs': [[84, 16384]]}
0.0%	42.271 μs	1	42.271 μs	42.271 μs	42.271 μs	42.271 μs	0 ns	PushPop	:{'Module': 'LlamaForCausalLM.model.layers.11.post_attention_layernorm', 'TrainableParams': {'weight': [2048]}, 'Inputs': [[256, 2048], [256, 2048]]}
0.0%	42.251 μs	1	42.251 μs	42.251 μs	42.251 μs	42.251 μs	0 ns	PushPop	:{'Module': 'LlamaForCausalLM.model.layers.12.mlp.act_fn', 'Inputs': [[84, 16384]]}
0.0%	42.250 μs	1	42.250 μs	42.250 μs	42.250 μs	42.250 μs	0 ns	PushPop	:{'Module': 'LlamaForCausalLM.model.layers.7.input_layernorm', 'TrainableParams': {'weight': [2048]}, 'Inputs': [[1873, 2048], [1873, 2048]]}
0.0%	42.240 μs	1	42.240 μs	42.240 μs	42.240 μs	42.240 μs	0 ns	PushPop	:{'Module': 'LlamaForCausalLM.model.layers.3.mlp.act_fn', 'Inputs': [[36, 16384]]}
0.0%	42.220 μs	1	42.220 μs	42.220 μs	42.220 μs	42.220 μs	0 ns	PushPop	:{'Module': 'LlamaForCausalLM.model.layers.5.mlp.act_fn', 'Inputs': [[20, 16384]]}
0.0%	42.201 μs	1	42.201 μs	42.201 μs	42.201 μs	42.201 μs	0 ns	PushPop	:{'Module': 'LlamaForCausalLM.model.layers.1.mlp.act_fn', 'Inputs': [[36, 16384]]}
0.0%	42.176 μs	1	42.176 μs	42.176 μs	42.176 μs	42.176 μs	0 ns	PushPop	:{'Module': 'LlamaForCausalLM.model.layers.11.mlp.act_fn', 'Inputs': [[36, 16384]]}
0.0%	42.132 μs	1	42.132 μs	42.132 μs	42.132 μs	42.132 μs	0 ns	PushPop	:{'Module': 'LlamaForCausalLM.model.layers.5.mlp.act_fn', 'Inputs': [[4, 16384]]}
0.0%	42.118 μs	1	42.118 μs	42.118 μs	42.118 μs	42.118 μs	0 ns	PushPop	:{'Module': 'LlamaForCausalLM.model.layers.14.mlp.act_fn', 'Inputs': [[256, 16384]]}
0.0%	42.113 μs	1	42.113 μs	42.113 μs	42.113 μs	42.113 μs	0 ns	PushPop	:{'Module': 'LlamaForCausalLM.model.layers.0.post_attention_layernorm', 'TrainableParams': {'weight': [2048]}, 'Inputs': [[52, 2048], [52, 2048]]}
0.0%	42.093 μs	1	42.093 μs	42.093 μs	42.093 μs	42.093 μs	0 ns	PushPop	:{'Module': 'LlamaForCausalLM.model.layers.15.post_attention_layernorm', 'TrainableParams': {'weight': [2048]}, 'Inputs': [[52, 2048], [52, 2048]]}
0.0%	42.091 μs	1	42.091 μs	42.091 μs	42.091 μs	42.091 μs	0 ns	PushPop	:{'Module': 'LlamaForCausalLM.model.layers.4.mlp.act_fn', 'Inputs': [[52, 16384]]}
0.0%	42.043 μs	1	42.043 μs	42.043 μs	42.043 μs	42.043 μs	0 ns	PushPop	:{'Module': 'LlamaForCausalLM.model.layers.15.mlp.act_fn', 'Inputs': [[52, 16384]]}
0.0%	42.009 μs	1	42.009 μs	42.009 μs	42.009 μs	42.009 μs	0 ns	PushPop	:{'Module': 'LlamaForCausalLM.model.layers.2.mlp.act_fn', 'Inputs': [[84, 16384]]}
0.0%	41.991 μs	1	41.991 μs	41.991 μs	41.991 μs	41.991 μs	0 ns	PushPop	:{'Module': 'LlamaForCausalLM.model.layers.5.mlp.act_fn', 'Inputs': [[256, 16384]]}
0.0%	41.985 μs	1	41.985 μs	41.985 μs	41.985 μs	41.985 μs	0 ns	PushPop	:{'Module': 'LlamaForCausalLM.model.layers.1.input_layernorm', 'TrainableParams': {'weight': [2048]}, 'Inputs': [[52, 2048], [52, 2048]]}
0.0%	41.971 μs	1	41.971 μs	41.971 μs	41.971 μs	41.971 μs	0 ns	PushPop	:{'Module': 'LlamaForCausalLM.model.layers.15.mlp.act_fn', 'Inputs': [[36, 16384]]}
0.0%	41.889 μs	1	41.889 μs	41.889 μs	41.889 μs	41.889 μs	0 ns	PushPop	:{'Module': 'LlamaForCausalLM.model.layers.2.post_attention_layernorm', 'TrainableParams': {'weight': [2048]}, 'Inputs': [[36, 2048], [36, 2048]]}
0.0%	41.882 μs	1	41.882 μs	41.882 μs	41.882 μs	41.882 μs	0 ns	PushPop	:{'Module': 'LlamaForCausalLM.model.layers.15.mlp.act_fn', 'Inputs': [[68, 16384]]}
0.0%	41.862 μs	1	41.862 μs	41.862 μs	41.862 μs	41.862 μs	0 ns	PushPop	:{'Module': 'LlamaForCausalLM.model.layers.5.mlp.act_fn', 'Inputs': [[36, 16384]]}
0.0%	41.830 μs	1	41.830 μs	41.830 μs	41.830 μs	41.830 μs	0 ns	PushPop	:{'Module': 'LlamaForCausalLM.model.layers.2.input_layernorm', 'TrainableParams': {'weight': [2048]}, 'Inputs': [[36, 2048], [36, 2048]]}
0.0%	41.830 μs	1	41.830 μs	41.830 μs	41.830 μs	41.830 μs	0 ns	PushPop	:{'Module': 'LlamaForCausalLM.model.layers.7.mlp.act_fn', 'Inputs': [[4, 16384]]}
0.0%	41.752 μs	1	41.752 μs	41.752 μs	41.752 μs	41.752 μs	0 ns	PushPop	:{'Module': 'LlamaForCausalLM.model.layers.1.input_layernorm', 'TrainableParams': {'weight': [2048]}, 'Inputs': [[4, 2048], [4, 2048]]}
0.0%	41.670 μs	1	41.670 μs	41.670 μs	41.670 μs	41.670 μs	0 ns	PushPop	:{'Module': 'LlamaForCausalLM.model.layers.5.mlp.act_fn', 'Inputs': [[84, 16384]]}
0.0%	41.569 μs	1	41.569 μs	41.569 μs	41.569 μs	41.569 μs	0 ns	PushPop	:{'Module': 'LlamaForCausalLM.model.layers.7.mlp.act_fn', 'Inputs': [[84, 16384]]}
0.0%	41.540 μs	1	41.540 μs	41.540 μs	41.540 μs	41.540 μs	0 ns	PushPop	:{'Module': 'LlamaForCausalLM.model.layers.10.post_attention_layernorm', 'TrainableParams': {'weight': [2048]}, 'Inputs': [[36, 2048], [36, 2048]]}
0.0%	41.340 μs	1	41.340 μs	41.340 μs	41.340 μs	41.340 μs	0 ns	PushPop	:{'Module': 'LlamaForCausalLM.model.norm', 'TrainableParams': {'weight': [2048]}, 'Inputs': [[4, 2048], [4, 2048]]}
0.0%	41.320 μs	1	41.320 μs	41.320 μs	41.320 μs	41.320 μs	0 ns	PushPop	:{'Module': 'LlamaForCausalLM.model.layers.7.mlp.act_fn', 'Inputs': [[68, 16384]]}
0.0%	41.281 μs	1	41.281 μs	41.281 μs	41.281 μs	41.281 μs	0 ns	PushPop	:{'Module': 'LlamaForCausalLM.model.layers.3.input_layernorm', 'TrainableParams': {'weight': [2048]}, 'Inputs': [[512, 2048], [512, 2048]]}
0.0%	41.220 μs	1	41.220 μs	41.220 μs	41.220 μs	41.220 μs	0 ns	PushPop	:{'Module': 'LlamaForCausalLM.model.layers.0.post_attention_layernorm', 'TrainableParams': {'weight': [2048]}, 'Inputs': [[36, 2048], [36, 2048]]}
0.0%	41.154 μs	1	41.154 μs	41.154 μs	41.154 μs	41.154 μs	0 ns	PushPop	:{'Module': 'LlamaForCausalLM.model.layers.15.mlp.act_fn', 'Inputs': [[256, 16384]]}
0.0%	41.127 μs	1	41.127 μs	41.127 μs	41.127 μs	41.127 μs	0 ns	PushPop	:{'Module': 'LlamaForCausalLM.model.layers.1.input_layernorm', 'TrainableParams': {'weight': [2048]}, 'Inputs': [[36, 2048], [36, 2048]]}
0.0%	40.653 μs	1	40.653 μs	40.653 μs	40.653 μs	40.653 μs	0 ns	PushPop	:{'Module': 'LlamaForCausalLM.model.layers.1.input_layernorm', 'TrainableParams': {'weight': [2048]}, 'Inputs': [[256, 2048], [256, 2048]]}
0.0%	40.603 μs	1	40.603 μs	40.603 μs	40.603 μs	40.603 μs	0 ns	PushPop	:{'Module': 'LlamaForCausalLM.model.layers.14.input_layernorm', 'TrainableParams': {'weight': [2048]}, 'Inputs': [[84, 2048], [84, 2048]]}
0.0%	40.390 μs	1	40.390 μs	40.390 μs	40.390 μs	40.390 μs	0 ns	PushPop	:{'Module': 'LlamaForCausalLM.model.layers.0.post_attention_layernorm', 'TrainableParams': {'weight': [2048]}, 'Inputs': [[256, 2048], [256, 2048]]}
0.0%	40.389 μs	1	40.389 μs	40.389 μs	40.389 μs	40.389 μs	0 ns	PushPop	:{'Module': 'LlamaForCausalLM.model.layers.1.input_layernorm', 'TrainableParams': {'weight': [2048]}, 'Inputs': [[16, 2048], [16, 2048]]}
0.0%	40.249 μs	1	40.249 μs	40.249 μs	40.249 μs	40.249 μs	0 ns	PushPop	:{'Module': 'LlamaForCausalLM.model.layers.15.input_layernorm', 'TrainableParams': {'weight': [2048]}, 'Inputs': [[68, 2048], [68, 2048]]}
0.0%	39.985 μs	1	39.985 μs	39.985 μs	39.985 μs	39.985 μs	0 ns	PushPop	:{'Module': 'LlamaForCausalLM.model.layers.4.input_layernorm', 'TrainableParams': {'weight': [2048]}, 'Inputs': [[512, 2048], [512, 2048]]}
0.0%	39.725 μs	1	39.725 μs	39.725 μs	39.725 μs	39.725 μs	0 ns	PushPop	:{'Module': 'LlamaForCausalLM.model.layers.12.post_attention_layernorm', 'TrainableParams': {'weight': [2048]}, 'Inputs': [[84, 2048], [84, 2048]]}
0.0%	39.579 μs	1	39.579 μs	39.579 μs	39.579 μs	39.579 μs	0 ns	PushPop	:{'Module': 'LlamaForCausalLM.model.layers.13.input_layernorm', 'TrainableParams': {'weight': [2048]}, 'Inputs': [[84, 2048], [84, 2048]]}
0.0%	39.001 μs	1	39.001 μs	39.001 μs	39.001 μs	39.001 μs	0 ns	PushPop	:{'Module': 'LlamaForCausalLM.model.layers.0.post_attention_layernorm', 'TrainableParams': {'weight': [2048]}, 'Inputs': [[99, 2048], [99, 2048]]}
0.0%	38.947 μs	1	38.947 μs	38.947 μs	38.947 μs	38.947 μs	0 ns	PushPop	:{'Module': 'LlamaForCausalLM.model.norm', 'TrainableParams': {'weight': [2048]}, 'Inputs': [[68, 2048], [68, 2048]]}
0.0%	38.942 μs	1	38.942 μs	38.942 μs	38.942 μs	38.942 μs	0 ns	PushPop	:{'Module': 'LlamaForCausalLM.model.layers.12.input_layernorm', 'TrainableParams': {'weight': [2048]}, 'Inputs': [[84, 2048], [84, 2048]]}
0.0%	38.904 μs	1	38.904 μs	38.904 μs	38.904 μs	38.904 μs	0 ns	PushPop	:{'Module': 'LlamaForCausalLM.model.layers.1.post_attention_layernorm', 'TrainableParams': {'weight': [2048]}, 'Inputs': [[512, 2048], [512, 2048]]}
0.0%	38.476 μs	1	38.476 μs	38.476 μs	38.476 μs	38.476 μs	0 ns	PushPop	:{'Module': 'LlamaForCausalLM.model.layers.2.post_attention_layernorm', 'TrainableParams': {'weight': [2048]}, 'Inputs': [[512, 2048], [512, 2048]]}
0.0%	38.325 μs	1	38.325 μs	38.325 μs	38.325 μs	38.325 μs	0 ns	PushPop	:{'Module': 'LlamaForCausalLM.model.norm', 'TrainableParams': {'weight': [2048]}, 'Inputs': [[84, 2048], [84, 2048]]}
0.0%	37.875 μs	1	37.875 μs	37.875 μs	37.875 μs	37.875 μs	0 ns	PushPop	:{'Module': 'LlamaForCausalLM.model.layers.11.input_layernorm', 'TrainableParams': {'weight': [2048]}, 'Inputs': [[512, 2048], [512, 2048]]}
0.0%	37.170 μs	1	37.170 μs	37.170 μs	37.170 μs	37.170 μs	0 ns	PushPop	:{'Module': 'LlamaForCausalLM.model.layers.15.input_layernorm', 'TrainableParams': {'weight': [2048]}, 'Inputs': [[512, 2048], [512, 2048]]}
0.0%	37.066 μs	1	37.066 μs	37.066 μs	37.066 μs	37.066 μs	0 ns	PushPop	:{'Module': 'LlamaForCausalLM.model.layers.0.post_attention_layernorm', 'TrainableParams': {'weight': [2048]}, 'Inputs': [[1873, 2048], [1873, 2048]]}
0.0%	37.062 μs	1	37.062 μs	37.062 μs	37.062 μs	37.062 μs	0 ns	PushPop	:{'Module': 'LlamaForCausalLM.model.layers.14.input_layernorm', 'TrainableParams': {'weight': [2048]}, 'Inputs': [[68, 2048], [68, 2048]]}
0.0%	37.010 μs	1	37.010 μs	37.010 μs	37.010 μs	37.010 μs	0 ns	PushPop	:{'Module': 'LlamaForCausalLM.model.layers.7.post_attention_layernorm', 'TrainableParams': {'weight': [2048]}, 'Inputs': [[512, 2048], [512, 2048]]}
0.0%	36.828 μs	1	36.828 μs	36.828 μs	36.828 μs	36.828 μs	0 ns	PushPop	:{'Module': 'LlamaForCausalLM.model.layers.12.post_attention_layernorm', 'TrainableParams': {'weight': [2048]}, 'Inputs': [[16, 2048], [16, 2048]]}
0.0%	36.783 μs	1	36.783 μs	36.783 μs	36.783 μs	36.783 μs	0 ns	PushPop	:{'Module': 'LlamaForCausalLM.model.layers.1.post_attention_layernorm', 'TrainableParams': {'weight': [2048]}, 'Inputs': [[16, 2048], [16, 2048]]}
0.0%	36.763 μs	1	36.763 μs	36.763 μs	36.763 μs	36.763 μs	0 ns	PushPop	:{'Module': 'LlamaForCausalLM.model.layers.9.post_attention_layernorm', 'TrainableParams': {'weight': [2048]}, 'Inputs': [[16, 2048], [16, 2048]]}
0.0%	36.566 μs	1	36.566 μs	36.566 μs	36.566 μs	36.566 μs	0 ns	PushPop	:{'Module': 'LlamaForCausalLM.model.layers.2.input_layernorm', 'TrainableParams': {'weight': [2048]}, 'Inputs': [[16, 2048], [16, 2048]]}
0.0%	36.236 μs	1	36.236 μs	36.236 μs	36.236 μs	36.236 μs	0 ns	PushPop	:{'Module': 'LlamaForCausalLM.model.layers.2.post_attention_layernorm', 'TrainableParams': {'weight': [2048]}, 'Inputs': [[16, 2048], [16, 2048]]}
0.0%	36.203 μs	1	36.203 μs	36.203 μs	36.203 μs	36.203 μs	0 ns	PushPop	:{'Module': 'LlamaForCausalLM.model.layers.6.post_attention_layernorm', 'TrainableParams': {'weight': [2048]}, 'Inputs': [[256, 2048], [256, 2048]]}
0.0%	36.050 μs	1	36.050 μs	36.050 μs	36.050 μs	36.050 μs	0 ns	PushPop	:{'Module': 'LlamaForCausalLM.model.layers.11.post_attention_layernorm', 'TrainableParams': {'weight': [2048]}, 'Inputs': [[16, 2048], [16, 2048]]}
0.0%	36.037 μs	1	36.037 μs	36.037 μs	36.037 μs	36.037 μs	0 ns	PushPop	:{'Module': 'LlamaForCausalLM.model.layers.3.post_attention_layernorm', 'TrainableParams': {'weight': [2048]}, 'Inputs': [[512, 2048], [512, 2048]]}
0.0%	35.946 μs	1	35.946 μs	35.946 μs	35.946 μs	35.946 μs	0 ns	PushPop	:{'Module': 'LlamaForCausalLM.model.layers.10.input_layernorm', 'TrainableParams': {'weight': [2048]}, 'Inputs': [[512, 2048], [512, 2048]]}
0.0%	35.727 μs	1	35.727 μs	35.727 μs	35.727 μs	35.727 μs	0 ns	PushPop	:{'Module': 'LlamaForCausalLM.model.layers.1.input_layernorm', 'TrainableParams': {'weight': [2048]}, 'Inputs': [[68, 2048], [68, 2048]]}
0.0%	35.717 μs	1	35.717 μs	35.717 μs	35.717 μs	35.717 μs	0 ns	PushPop	:{'Module': 'LlamaForCausalLM.model.layers.4.post_attention_layernorm', 'TrainableParams': {'weight': [2048]}, 'Inputs': [[16, 2048], [16, 2048]]}
0.0%	35.519 μs	1	35.519 μs	35.519 μs	35.519 μs	35.519 μs	0 ns	PushPop	:{'Module': 'LlamaForCausalLM.model.layers.1.input_layernorm', 'TrainableParams': {'weight': [2048]}, 'Inputs': [[20, 2048], [20, 2048]]}
0.0%	35.332 μs	1	35.332 μs	35.332 μs	35.332 μs	35.332 μs	0 ns	PushPop	:{'Module': 'LlamaForCausalLM.model.layers.12.input_layernorm', 'TrainableParams': {'weight': [2048]}, 'Inputs': [[16, 2048], [16, 2048]]}
0.0%	35.316 μs	1	35.316 μs	35.316 μs	35.316 μs	35.316 μs	0 ns	PushPop	:{'Module': 'LlamaForCausalLM.model.layers.5.post_attention_layernorm', 'TrainableParams': {'weight': [2048]}, 'Inputs': [[16, 2048], [16, 2048]]}
0.0%	35.172 μs	1	35.172 μs	35.172 μs	35.172 μs	35.172 μs	0 ns	PushPop	:{'Module': 'LlamaForCausalLM.model.layers.14.post_attention_layernorm', 'TrainableParams': {'weight': [2048]}, 'Inputs': [[16, 2048], [16, 2048]]}
0.0%	35.148 μs	1	35.148 μs	35.148 μs	35.148 μs	35.148 μs	0 ns	PushPop	:{'Module': 'LlamaForCausalLM.model.layers.5.input_layernorm', 'TrainableParams': {'weight': [2048]}, 'Inputs': [[512, 2048], [512, 2048]]}
0.0%	35.090 μs	1	35.090 μs	35.090 μs	35.090 μs	35.090 μs	0 ns	PushPop	:{'Module': 'LlamaForCausalLM.model.layers.12.post_attention_layernorm', 'TrainableParams': {'weight': [2048]}, 'Inputs': [[512, 2048], [512, 2048]]}
0.0%	35.058 μs	1	35.058 μs	35.058 μs	35.058 μs	35.058 μs	0 ns	PushPop	:{'Module': 'LlamaForCausalLM.model.layers.2.post_attention_layernorm', 'TrainableParams': {'weight': [2048]}, 'Inputs': [[256, 2048], [256, 2048]]}
0.0%	35.057 μs	1	35.057 μs	35.057 μs	35.057 μs	35.057 μs	0 ns	PushPop	:{'Module': 'LlamaForCausalLM.model.layers.1.input_layernorm', 'TrainableParams': {'weight': [2048]}, 'Inputs': [[1873, 2048], [1873, 2048]]}
0.0%	35.048 μs	1	35.048 μs	35.048 μs	35.048 μs	35.048 μs	0 ns	PushPop	:{'Module': 'LlamaForCausalLM.model.layers.5.post_attention_layernorm', 'TrainableParams': {'weight': [2048]}, 'Inputs': [[512, 2048], [512, 2048]]}
0.0%	34.953 μs	1	34.953 μs	34.953 μs	34.953 μs	34.953 μs	0 ns	PushPop	:{'Module': 'LlamaForCausalLM.model.norm', 'TrainableParams': {'weight': [2048]}, 'Inputs': [[16, 2048], [16, 2048]]}
0.0%	34.946 μs	1	34.946 μs	34.946 μs	34.946 μs	34.946 μs	0 ns	PushPop	:{'Module': 'LlamaForCausalLM.model.layers.15.post_attention_layernorm', 'TrainableParams': {'weight': [2048]}, 'Inputs': [[1873, 2048], [1873, 2048]]}
0.0%	34.846 μs	1	34.846 μs	34.846 μs	34.846 μs	34.846 μs	0 ns	PushPop	:{'Module': 'LlamaForCausalLM.model.layers.13.post_attention_layernorm', 'TrainableParams': {'weight': [2048]}, 'Inputs': [[16, 2048], [16, 2048]]}
0.0%	34.821 μs	1	34.821 μs	34.821 μs	34.821 μs	34.821 μs	0 ns	PushPop	:{'Module': 'LlamaForCausalLM.model.layers.11.input_layernorm', 'TrainableParams': {'weight': [2048]}, 'Inputs': [[1873, 2048], [1873, 2048]]}
0.0%	34.815 μs	1	34.815 μs	34.815 μs	34.815 μs	34.815 μs	0 ns	PushPop	:{'Module': 'LlamaForCausalLM.model.layers.6.post_attention_layernorm', 'TrainableParams': {'weight': [2048]}, 'Inputs': [[512, 2048], [512, 2048]]}
0.0%	34.810 μs	1	34.810 μs	34.810 μs	34.810 μs	34.810 μs	0 ns	PushPop	:{'Module': 'LlamaForCausalLM.model.layers.11.post_attention_layernorm', 'TrainableParams': {'weight': [2048]}, 'Inputs': [[512, 2048], [512, 2048]]}
0.0%	34.771 μs	1	34.771 μs	34.771 μs	34.771 μs	34.771 μs	0 ns	PushPop	:{'Module': 'LlamaForCausalLM.model.layers.3.post_attention_layernorm', 'TrainableParams': {'weight': [2048]}, 'Inputs': [[16, 2048], [16, 2048]]}
0.0%	34.740 μs	1	34.740 μs	34.740 μs	34.740 μs	34.740 μs	0 ns	PushPop	:{'Module': 'LlamaForCausalLM.model.layers.14.input_layernorm', 'TrainableParams': {'weight': [2048]}, 'Inputs': [[512, 2048], [512, 2048]]}
0.0%	34.737 μs	1	34.737 μs	34.737 μs	34.737 μs	34.737 μs	0 ns	PushPop	:{'Module': 'LlamaForCausalLM.model.layers.2.post_attention_layernorm', 'TrainableParams': {'weight': [2048]}, 'Inputs': [[1873, 2048], [1873, 2048]]}
0.0%	34.709 μs	1	34.709 μs	34.709 μs	34.709 μs	34.709 μs	0 ns	PushPop	:{'Module': 'LlamaForCausalLM.model.layers.12.post_attention_layernorm', 'TrainableParams': {'weight': [2048]}, 'Inputs': [[256, 2048], [256, 2048]]}
0.0%	34.597 μs	1	34.597 μs	34.597 μs	34.597 μs	34.597 μs	0 ns	PushPop	:{'Module': 'LlamaForCausalLM.model.layers.11.input_layernorm', 'TrainableParams': {'weight': [2048]}, 'Inputs': [[256, 2048], [256, 2048]]}
0.0%	34.507 μs	1	34.507 μs	34.507 μs	34.507 μs	34.507 μs	0 ns	PushPop	:{'Module': 'LlamaForCausalLM.model.layers.1.post_attention_layernorm', 'TrainableParams': {'weight': [2048]}, 'Inputs': [[52, 2048], [52, 2048]]}
0.0%	34.471 μs	1	34.471 μs	34.471 μs	34.471 μs	34.471 μs	0 ns	PushPop	:{'Module': 'LlamaForCausalLM.model.layers.13.input_layernorm', 'TrainableParams': {'weight': [2048]}, 'Inputs': [[99, 2048], [99, 2048]]}
0.0%	34.415 μs	1	34.415 μs	34.415 μs	34.415 μs	34.415 μs	0 ns	PushPop	:{'Module': 'LlamaForCausalLM.model.layers.9.post_attention_layernorm', 'TrainableParams': {'weight': [2048]}, 'Inputs': [[1873, 2048], [1873, 2048]]}
0.0%	34.410 μs	1	34.410 μs	34.410 μs	34.410 μs	34.410 μs	0 ns	PushPop	:{'Module': 'LlamaForCausalLM.model.layers.6.post_attention_layernorm', 'TrainableParams': {'weight': [2048]}, 'Inputs': [[1873, 2048], [1873, 2048]]}
0.0%	34.317 μs	1	34.317 μs	34.317 μs	34.317 μs	34.317 μs	0 ns	PushPop	:{'Module': 'LlamaForCausalLM.model.layers.8.input_layernorm', 'TrainableParams': {'weight': [2048]}, 'Inputs': [[512, 2048], [512, 2048]]}
0.0%	34.315 μs	1	34.315 μs	34.315 μs	34.315 μs	34.315 μs	0 ns	PushPop	:{'Module': 'LlamaForCausalLM.model.layers.14.post_attention_layernorm', 'TrainableParams': {'weight': [2048]}, 'Inputs': [[512, 2048], [512, 2048]]}
0.0%	34.286 μs	1	34.286 μs	34.286 μs	34.286 μs	34.286 μs	0 ns	PushPop	:{'Module': 'LlamaForCausalLM.model.layers.4.post_attention_layernorm', 'TrainableParams': {'weight': [2048]}, 'Inputs': [[1873, 2048], [1873, 2048]]}
0.0%	34.248 μs	1	34.248 μs	34.248 μs	34.248 μs	34.248 μs	0 ns	PushPop	:{'Module': 'LlamaForCausalLM.model.layers.3.post_attention_layernorm', 'TrainableParams': {'weight': [2048]}, 'Inputs': [[1873, 2048], [1873, 2048]]}
0.0%	34.247 μs	1	34.247 μs	34.247 μs	34.247 μs	34.247 μs	0 ns	PushPop	:{'Module': 'LlamaForCausalLM.model.layers.4.input_layernorm', 'TrainableParams': {'weight': [2048]}, 'Inputs': [[1873, 2048], [1873, 2048]]}
0.0%	34.226 μs	1	34.226 μs	34.226 μs	34.226 μs	34.226 μs	0 ns	PushPop	:{'Module': 'LlamaForCausalLM.model.layers.11.post_attention_layernorm', 'TrainableParams': {'weight': [2048]}, 'Inputs': [[1873, 2048], [1873, 2048]]}
0.0%	34.191 μs	1	34.191 μs	34.191 μs	34.191 μs	34.191 μs	0 ns	PushPop	:{'Module': 'LlamaForCausalLM.model.layers.10.post_attention_layernorm', 'TrainableParams': {'weight': [2048]}, 'Inputs': [[512, 2048], [512, 2048]]}
0.0%	34.180 μs	1	34.180 μs	34.180 μs	34.180 μs	34.180 μs	0 ns	PushPop	:{'Module': 'LlamaForCausalLM.model.layers.7.post_attention_layernorm', 'TrainableParams': {'weight': [2048]}, 'Inputs': [[16, 2048], [16, 2048]]}
0.0%	34.134 μs	1	34.134 μs	34.134 μs	34.134 μs	34.134 μs	0 ns	PushPop	:{'Module': 'LlamaForCausalLM.model.layers.6.input_layernorm', 'TrainableParams': {'weight': [2048]}, 'Inputs': [[99, 2048], [99, 2048]]}
0.0%	34.133 μs	1	34.133 μs	34.133 μs	34.133 μs	34.133 μs	0 ns	PushPop	:{'Module': 'LlamaForCausalLM.model.layers.12.post_attention_layernorm', 'TrainableParams': {'weight': [2048]}, 'Inputs': [[1873, 2048], [1873, 2048]]}
0.0%	34.101 μs	1	34.101 μs	34.101 μs	34.101 μs	34.101 μs	0 ns	PushPop	:{'Module': 'LlamaForCausalLM.model.layers.8.post_attention_layernorm', 'TrainableParams': {'weight': [2048]}, 'Inputs': [[20, 2048], [20, 2048]]}
0.0%	34.026 μs	1	34.026 μs	34.026 μs	34.026 μs	34.026 μs	0 ns	PushPop	:{'Module': 'LlamaForCausalLM.model.layers.2.input_layernorm', 'TrainableParams': {'weight': [2048]}, 'Inputs': [[512, 2048], [512, 2048]]}
0.0%	34.006 μs	1	34.006 μs	34.006 μs	34.006 μs	34.006 μs	0 ns	PushPop	:{'Module': 'LlamaForCausalLM.model.layers.10.post_attention_layernorm', 'TrainableParams': {'weight': [2048]}, 'Inputs': [[68, 2048], [68, 2048]]}
0.0%	34.006 μs	1	34.006 μs	34.006 μs	34.006 μs	34.006 μs	0 ns	PushPop	:{'Module': 'LlamaForCausalLM.model.layers.7.post_attention_layernorm', 'TrainableParams': {'weight': [2048]}, 'Inputs': [[99, 2048], [99, 2048]]}
0.0%	33.993 μs	1	33.993 μs	33.993 μs	33.993 μs	33.993 μs	0 ns	PushPop	:{'Module': 'LlamaForCausalLM.model.layers.6.input_layernorm', 'TrainableParams': {'weight': [2048]}, 'Inputs': [[16, 2048], [16, 2048]]}
0.0%	33.896 μs	1	33.896 μs	33.896 μs	33.896 μs	33.896 μs	0 ns	PushPop	:{'Module': 'LlamaForCausalLM.model.layers.5.input_layernorm', 'TrainableParams': {'weight': [2048]}, 'Inputs': [[16, 2048], [16, 2048]]}
0.0%	33.866 μs	1	33.866 μs	33.866 μs	33.866 μs	33.866 μs	0 ns	PushPop	:{'Module': 'LlamaForCausalLM.model.layers.5.post_attention_layernorm', 'TrainableParams': {'weight': [2048]}, 'Inputs': [[1873, 2048], [1873, 2048]]}
0.0%	33.840 μs	1	33.840 μs	33.840 μs	33.840 μs	33.840 μs	0 ns	PushPop	:{'Module': 'LlamaForCausalLM.model.layers.9.input_layernorm', 'TrainableParams': {'weight': [2048]}, 'Inputs': [[99, 2048], [99, 2048]]}
0.0%	33.828 μs	1	33.828 μs	33.828 μs	33.828 μs	33.828 μs	0 ns	PushPop	:{'Module': 'LlamaForCausalLM.model.layers.10.post_attention_layernorm', 'TrainableParams': {'weight': [2048]}, 'Inputs': [[1873, 2048], [1873, 2048]]}
0.0%	33.797 μs	1	33.797 μs	33.797 μs	33.797 μs	33.797 μs	0 ns	PushPop	:{'Module': 'LlamaForCausalLM.model.layers.8.input_layernorm', 'TrainableParams': {'weight': [2048]}, 'Inputs': [[256, 2048], [256, 2048]]}
0.0%	33.719 μs	1	33.719 μs	33.719 μs	33.719 μs	33.719 μs	0 ns	PushPop	:{'Module': 'LlamaForCausalLM.model.layers.7.input_layernorm', 'TrainableParams': {'weight': [2048]}, 'Inputs': [[512, 2048], [512, 2048]]}
0.0%	33.711 μs	1	33.711 μs	33.711 μs	33.711 μs	33.711 μs	0 ns	PushPop	:{'Module': 'LlamaForCausalLM.model.layers.5.input_layernorm', 'TrainableParams': {'weight': [2048]}, 'Inputs': [[256, 2048], [256, 2048]]}
0.0%	33.706 μs	1	33.706 μs	33.706 μs	33.706 μs	33.706 μs	0 ns	PushPop	:{'Module': 'LlamaForCausalLM.model.layers.8.post_attention_layernorm', 'TrainableParams': {'weight': [2048]}, 'Inputs': [[16, 2048], [16, 2048]]}
0.0%	33.684 μs	1	33.684 μs	33.684 μs	33.684 μs	33.684 μs	0 ns	PushPop	:{'Module': 'LlamaForCausalLM.model.layers.15.post_attention_layernorm', 'TrainableParams': {'weight': [2048]}, 'Inputs': [[99, 2048], [99, 2048]]}
0.0%	33.588 μs	1	33.588 μs	33.588 μs	33.588 μs	33.588 μs	0 ns	PushPop	:{'Module': 'LlamaForCausalLM.model.layers.10.input_layernorm', 'TrainableParams': {'weight': [2048]}, 'Inputs': [[52, 2048], [52, 2048]]}
0.0%	33.553 μs	1	33.553 μs	33.553 μs	33.553 μs	33.553 μs	0 ns	PushPop	:{'Module': 'LlamaForCausalLM.model.layers.2.post_attention_layernorm', 'TrainableParams': {'weight': [2048]}, 'Inputs': [[52, 2048], [52, 2048]]}
0.0%	33.542 μs	1	33.542 μs	33.542 μs	33.542 μs	33.542 μs	0 ns	PushPop	:{'Module': 'LlamaForCausalLM.model.layers.8.post_attention_layernorm', 'TrainableParams': {'weight': [2048]}, 'Inputs': [[1873, 2048], [1873, 2048]]}
0.0%	33.540 μs	1	33.540 μs	33.540 μs	33.540 μs	33.540 μs	0 ns	PushPop	:{'Module': 'LlamaForCausalLM.model.layers.1.post_attention_layernorm', 'TrainableParams': {'weight': [2048]}, 'Inputs': [[1873, 2048], [1873, 2048]]}
0.0%	33.497 μs	1	33.497 μs	33.497 μs	33.497 μs	33.497 μs	0 ns	PushPop	:{'Module': 'LlamaForCausalLM.model.layers.8.post_attention_layernorm', 'TrainableParams': {'weight': [2048]}, 'Inputs': [[4, 2048], [4, 2048]]}
0.0%	33.466 μs	1	33.466 μs	33.466 μs	33.466 μs	33.466 μs	0 ns	PushPop	:{'Module': 'LlamaForCausalLM.model.layers.10.post_attention_layernorm', 'TrainableParams': {'weight': [2048]}, 'Inputs': [[20, 2048], [20, 2048]]}
0.0%	33.460 μs	1	33.460 μs	33.460 μs	33.460 μs	33.460 μs	0 ns	PushPop	:{'Module': 'LlamaForCausalLM.model.layers.14.input_layernorm', 'TrainableParams': {'weight': [2048]}, 'Inputs': [[99, 2048], [99, 2048]]}
0.0%	33.425 μs	1	33.425 μs	33.425 μs	33.425 μs	33.425 μs	0 ns	PushPop	:{'Module': 'LlamaForCausalLM.model.layers.14.post_attention_layernorm', 'TrainableParams': {'weight': [2048]}, 'Inputs': [[84, 2048], [84, 2048]]}
0.0%	33.396 μs	1	33.396 μs	33.396 μs	33.396 μs	33.396 μs	0 ns	PushPop	:{'Module': 'LlamaForCausalLM.model.layers.4.input_layernorm', 'TrainableParams': {'weight': [2048]}, 'Inputs': [[256, 2048], [256, 2048]]}
0.0%	33.374 μs	1	33.374 μs	33.374 μs	33.374 μs	33.374 μs	0 ns	PushPop	:{'Module': 'LlamaForCausalLM.model.layers.6.post_attention_layernorm', 'TrainableParams': {'weight': [2048]}, 'Inputs': [[84, 2048], [84, 2048]]}
0.0%	33.373 μs	1	33.373 μs	33.373 μs	33.373 μs	33.373 μs	0 ns	PushPop	:{'Module': 'LlamaForCausalLM.model.layers.13.input_layernorm', 'TrainableParams': {'weight': [2048]}, 'Inputs': [[256, 2048], [256, 2048]]}
0.0%	33.348 μs	1	33.348 μs	33.348 μs	33.348 μs	33.348 μs	0 ns	PushPop	:{'Module': 'LlamaForCausalLM.model.layers.7.input_layernorm', 'TrainableParams': {'weight': [2048]}, 'Inputs': [[256, 2048], [256, 2048]]}
0.0%	33.341 μs	1	33.341 μs	33.341 μs	33.341 μs	33.341 μs	0 ns	PushPop	:{'Module': 'LlamaForCausalLM.model.layers.14.input_layernorm', 'TrainableParams': {'weight': [2048]}, 'Inputs': [[16, 2048], [16, 2048]]}
0.0%	33.340 μs	1	33.340 μs	33.340 μs	33.340 μs	33.340 μs	0 ns	PushPop	:{'Module': 'LlamaForCausalLM.model.layers.4.post_attention_layernorm', 'TrainableParams': {'weight': [2048]}, 'Inputs': [[99, 2048], [99, 2048]]}
0.0%	33.288 μs	1	33.288 μs	33.288 μs	33.288 μs	33.288 μs	0 ns	PushPop	:{'Module': 'LlamaForCausalLM.model.layers.14.post_attention_layernorm', 'TrainableParams': {'weight': [2048]}, 'Inputs': [[1873, 2048], [1873, 2048]]}
0.0%	33.284 μs	1	33.284 μs	33.284 μs	33.284 μs	33.284 μs	0 ns	PushPop	:{'Module': 'LlamaForCausalLM.model.layers.3.input_layernorm', 'TrainableParams': {'weight': [2048]}, 'Inputs': [[16, 2048], [16, 2048]]}
0.0%	33.274 μs	1	33.274 μs	33.274 μs	33.274 μs	33.274 μs	0 ns	PushPop	:{'Module': 'LlamaForCausalLM.model.layers.13.input_layernorm', 'TrainableParams': {'weight': [2048]}, 'Inputs': [[16, 2048], [16, 2048]]}
0.0%	33.272 μs	1	33.272 μs	33.272 μs	33.272 μs	33.272 μs	0 ns	PushPop	:{'Module': 'LlamaForCausalLM.model.layers.3.post_attention_layernorm', 'TrainableParams': {'weight': [2048]}, 'Inputs': [[52, 2048], [52, 2048]]}
0.0%	33.263 μs	1	33.263 μs	33.263 μs	33.263 μs	33.263 μs	0 ns	PushPop	:{'Module': 'LlamaForCausalLM.model.layers.9.input_layernorm', 'TrainableParams': {'weight': [2048]}, 'Inputs': [[20, 2048], [20, 2048]]}
0.0%	33.228 μs	1	33.228 μs	33.228 μs	33.228 μs	33.228 μs	0 ns	PushPop	:{'Module': 'LlamaForCausalLM.model.layers.10.post_attention_layernorm', 'TrainableParams': {'weight': [2048]}, 'Inputs': [[16, 2048], [16, 2048]]}
0.0%	33.227 μs	1	33.227 μs	33.227 μs	33.227 μs	33.227 μs	0 ns	PushPop	:{'Module': 'LlamaForCausalLM.model.layers.3.input_layernorm', 'TrainableParams': {'weight': [2048]}, 'Inputs': [[256, 2048], [256, 2048]]}
0.0%	33.203 μs	1	33.203 μs	33.203 μs	33.203 μs	33.203 μs	0 ns	PushPop	:{'Module': 'LlamaForCausalLM.model.layers.10.post_attention_layernorm', 'TrainableParams': {'weight': [2048]}, 'Inputs': [[4, 2048], [4, 2048]]}
0.0%	33.179 μs	1	33.179 μs	33.179 μs	33.179 μs	33.179 μs	0 ns	PushPop	:{'Module': 'LlamaForCausalLM.model.layers.1.input_layernorm', 'TrainableParams': {'weight': [2048]}, 'Inputs': [[84, 2048], [84, 2048]]}
0.0%	33.173 μs	1	33.173 μs	33.173 μs	33.173 μs	33.173 μs	0 ns	PushPop	:{'Module': 'LlamaForCausalLM.model.layers.8.post_attention_layernorm', 'TrainableParams': {'weight': [2048]}, 'Inputs': [[36, 2048], [36, 2048]]}
0.0%	33.167 μs	1	33.167 μs	33.167 μs	33.167 μs	33.167 μs	0 ns	PushPop	:{'Module': 'LlamaForCausalLM.model.layers.2.post_attention_layernorm', 'TrainableParams': {'weight': [2048]}, 'Inputs': [[20, 2048], [20, 2048]]}
0.0%	33.152 μs	1	33.152 μs	33.152 μs	33.152 μs	33.152 μs	0 ns	PushPop	:{'Module': 'LlamaForCausalLM.model.layers.6.post_attention_layernorm', 'TrainableParams': {'weight': [2048]}, 'Inputs': [[16, 2048], [16, 2048]]}
0.0%	33.112 μs	1	33.112 μs	33.112 μs	33.112 μs	33.112 μs	0 ns	PushPop	:{'Module': 'LlamaForCausalLM.model.layers.13.post_attention_layernorm', 'TrainableParams': {'weight': [2048]}, 'Inputs': [[4, 2048], [4, 2048]]}
0.0%	33.079 μs	1	33.079 μs	33.079 μs	33.079 μs	33.079 μs	0 ns	PushPop	:{'Module': 'LlamaForCausalLM.model.layers.6.post_attention_layernorm', 'TrainableParams': {'weight': [2048]}, 'Inputs': [[68, 2048], [68, 2048]]}
0.0%	33.074 μs	1	33.074 μs	33.074 μs	33.074 μs	33.074 μs	0 ns	PushPop	:{'Module': 'LlamaForCausalLM.model.layers.12.input_layernorm', 'TrainableParams': {'weight': [2048]}, 'Inputs': [[1873, 2048], [1873, 2048]]}
0.0%	33.052 μs	1	33.052 μs	33.052 μs	33.052 μs	33.052 μs	0 ns	PushPop	:{'Module': 'LlamaForCausalLM.model.layers.14.post_attention_layernorm', 'TrainableParams': {'weight': [2048]}, 'Inputs': [[52, 2048], [52, 2048]]}
0.0%	33.030 μs	1	33.030 μs	33.030 μs	33.030 μs	33.030 μs	0 ns	PushPop	:{'Module': 'LlamaForCausalLM.model.layers.3.input_layernorm', 'TrainableParams': {'weight': [2048]}, 'Inputs': [[68, 2048], [68, 2048]]}
0.0%	33.008 μs	1	33.008 μs	33.008 μs	33.008 μs	33.008 μs	0 ns	PushPop	:{'Module': 'LlamaForCausalLM.model.layers.12.input_layernorm', 'TrainableParams': {'weight': [2048]}, 'Inputs': [[99, 2048], [99, 2048]]}
0.0%	32.988 μs	1	32.988 μs	32.988 μs	32.988 μs	32.988 μs	0 ns	PushPop	:{'Module': 'LlamaForCausalLM.model.layers.3.post_attention_layernorm', 'TrainableParams': {'weight': [2048]}, 'Inputs': [[99, 2048], [99, 2048]]}
0.0%	32.952 μs	1	32.952 μs	32.952 μs	32.952 μs	32.952 μs	0 ns	PushPop	:{'Module': 'LlamaForCausalLM.model.layers.7.post_attention_layernorm', 'TrainableParams': {'weight': [2048]}, 'Inputs': [[4, 2048], [4, 2048]]}
0.0%	32.899 μs	1	32.899 μs	32.899 μs	32.899 μs	32.899 μs	0 ns	PushPop	:{'Module': 'LlamaForCausalLM.model.layers.4.post_attention_layernorm', 'TrainableParams': {'weight': [2048]}, 'Inputs': [[84, 2048], [84, 2048]]}
0.0%	32.895 μs	1	32.895 μs	32.895 μs	32.895 μs	32.895 μs	0 ns	PushPop	:{'Module': 'LlamaForCausalLM.model.layers.15.post_attention_layernorm', 'TrainableParams': {'weight': [2048]}, 'Inputs': [[4, 2048], [4, 2048]]}
0.0%	32.873 μs	1	32.873 μs	32.873 μs	32.873 μs	32.873 μs	0 ns	PushPop	:{'Module': 'LlamaForCausalLM.model.layers.11.input_layernorm', 'TrainableParams': {'weight': [2048]}, 'Inputs': [[20, 2048], [20, 2048]]}
0.0%	32.871 μs	1	32.871 μs	32.871 μs	32.871 μs	32.871 μs	0 ns	PushPop	:{'Module': 'LlamaForCausalLM.model.layers.9.post_attention_layernorm', 'TrainableParams': {'weight': [2048]}, 'Inputs': [[4, 2048], [4, 2048]]}
0.0%	32.860 μs	1	32.860 μs	32.860 μs	32.860 μs	32.860 μs	0 ns	PushPop	:{'Module': 'LlamaForCausalLM.model.layers.1.post_attention_layernorm', 'TrainableParams': {'weight': [2048]}, 'Inputs': [[84, 2048], [84, 2048]]}
0.0%	32.850 μs	1	32.850 μs	32.850 μs	32.850 μs	32.850 μs	0 ns	PushPop	:{'Module': 'LlamaForCausalLM.model.layers.5.input_layernorm', 'TrainableParams': {'weight': [2048]}, 'Inputs': [[1873, 2048], [1873, 2048]]}
0.0%	32.847 μs	1	32.847 μs	32.847 μs	32.847 μs	32.847 μs	0 ns	PushPop	:{'Module': 'LlamaForCausalLM.model.layers.6.input_layernorm', 'TrainableParams': {'weight': [2048]}, 'Inputs': [[1873, 2048], [1873, 2048]]}
0.0%	32.842 μs	1	32.842 μs	32.842 μs	32.842 μs	32.842 μs	0 ns	PushPop	:{'Module': 'LlamaForCausalLM.model.layers.5.input_layernorm', 'TrainableParams': {'weight': [2048]}, 'Inputs': [[99, 2048], [99, 2048]]}
0.0%	32.813 μs	1	32.813 μs	32.813 μs	32.813 μs	32.813 μs	0 ns	PushPop	:{'Module': 'LlamaForCausalLM.model.layers.15.post_attention_layernorm', 'TrainableParams': {'weight': [2048]}, 'Inputs': [[36, 2048], [36, 2048]]}
0.0%	32.808 μs	1	32.808 μs	32.808 μs	32.808 μs	32.808 μs	0 ns	PushPop	:{'Module': 'LlamaForCausalLM.model.layers.12.post_attention_layernorm', 'TrainableParams': {'weight': [2048]}, 'Inputs': [[68, 2048], [68, 2048]]}
0.0%	32.791 μs	1	32.791 μs	32.791 μs	32.791 μs	32.791 μs	0 ns	PushPop	:{'Module': 'LlamaForCausalLM.model.layers.13.post_attention_layernorm', 'TrainableParams': {'weight': [2048]}, 'Inputs': [[99, 2048], [99, 2048]]}
0.0%	32.788 μs	1	32.788 μs	32.788 μs	32.788 μs	32.788 μs	0 ns	PushPop	:{'Module': 'LlamaForCausalLM.model.norm', 'TrainableParams': {'weight': [2048]}, 'Inputs': [[1873, 2048], [1873, 2048]]}
0.0%	32.764 μs	1	32.764 μs	32.764 μs	32.764 μs	32.764 μs	0 ns	PushPop	:{'Module': 'LlamaForCausalLM.model.layers.8.post_attention_layernorm', 'TrainableParams': {'weight': [2048]}, 'Inputs': [[68, 2048], [68, 2048]]}
0.0%	32.761 μs	1	32.761 μs	32.761 μs	32.761 μs	32.761 μs	0 ns	PushPop	:{'Module': 'LlamaForCausalLM.model.layers.11.post_attention_layernorm', 'TrainableParams': {'weight': [2048]}, 'Inputs': [[52, 2048], [52, 2048]]}
0.0%	32.745 μs	1	32.745 μs	32.745 μs	32.745 μs	32.745 μs	0 ns	PushPop	:{'Module': 'LlamaForCausalLM.model.layers.5.post_attention_layernorm', 'TrainableParams': {'weight': [2048]}, 'Inputs': [[52, 2048], [52, 2048]]}
0.0%	32.742 μs	1	32.742 μs	32.742 μs	32.742 μs	32.742 μs	0 ns	PushPop	:{'Module': 'LlamaForCausalLM.model.layers.13.post_attention_layernorm', 'TrainableParams': {'weight': [2048]}, 'Inputs': [[20, 2048], [20, 2048]]}
0.0%	32.741 μs	1	32.741 μs	32.741 μs	32.741 μs	32.741 μs	0 ns	PushPop	:{'Module': 'LlamaForCausalLM.model.layers.7.post_attention_layernorm', 'TrainableParams': {'weight': [2048]}, 'Inputs': [[1873, 2048], [1873, 2048]]}
0.0%	32.740 μs	1	32.740 μs	32.740 μs	32.740 μs	32.740 μs	0 ns	PushPop	:{'Module': 'LlamaForCausalLM.model.layers.5.post_attention_layernorm', 'TrainableParams': {'weight': [2048]}, 'Inputs': [[36, 2048], [36, 2048]]}
0.0%	32.735 μs	1	32.735 μs	32.735 μs	32.735 μs	32.735 μs	0 ns	PushPop	:{'Module': 'LlamaForCausalLM.model.layers.10.post_attention_layernorm', 'TrainableParams': {'weight': [2048]}, 'Inputs': [[256, 2048], [256, 2048]]}
0.0%	32.731 μs	1	32.731 μs	32.731 μs	32.731 μs	32.731 μs	0 ns	PushPop	:{'Module': 'LlamaForCausalLM.model.layers.10.input_layernorm', 'TrainableParams': {'weight': [2048]}, 'Inputs': [[99, 2048], [99, 2048]]}
0.0%	32.663 μs	1	32.663 μs	32.663 μs	32.663 μs	32.663 μs	0 ns	PushPop	:{'Module': 'LlamaForCausalLM.model.layers.2.input_layernorm', 'TrainableParams': {'weight': [2048]}, 'Inputs': [[1873, 2048], [1873, 2048]]}
0.0%	32.662 μs	1	32.662 μs	32.662 μs	32.662 μs	32.662 μs	0 ns	PushPop	:{'Module': 'LlamaForCausalLM.model.layers.6.post_attention_layernorm', 'TrainableParams': {'weight': [2048]}, 'Inputs': [[52, 2048], [52, 2048]]}
0.0%	32.654 μs	1	32.654 μs	32.654 μs	32.654 μs	32.654 μs	0 ns	PushPop	:{'Module': 'LlamaForCausalLM.model.layers.9.post_attention_layernorm', 'TrainableParams': {'weight': [2048]}, 'Inputs': [[99, 2048], [99, 2048]]}
0.0%	32.647 μs	1	32.647 μs	32.647 μs	32.647 μs	32.647 μs	0 ns	PushPop	:{'Module': 'LlamaForCausalLM.model.layers.8.post_attention_layernorm', 'TrainableParams': {'weight': [2048]}, 'Inputs': [[52, 2048], [52, 2048]]}
0.0%	32.646 μs	1	32.646 μs	32.646 μs	32.646 μs	32.646 μs	0 ns	PushPop	:{'Module': 'LlamaForCausalLM.model.layers.6.post_attention_layernorm', 'TrainableParams': {'weight': [2048]}, 'Inputs': [[36, 2048], [36, 2048]]}
0.0%	32.625 μs	1	32.625 μs	32.625 μs	32.625 μs	32.625 μs	0 ns	PushPop	:{'Module': 'LlamaForCausalLM.model.layers.8.input_layernorm', 'TrainableParams': {'weight': [2048]}, 'Inputs': [[99, 2048], [99, 2048]]}
0.0%	32.619 μs	1	32.619 μs	32.619 μs	32.619 μs	32.619 μs	0 ns	PushPop	:{'Module': 'LlamaForCausalLM.model.layers.13.post_attention_layernorm', 'TrainableParams': {'weight': [2048]}, 'Inputs': [[52, 2048], [52, 2048]]}
0.0%	32.610 μs	1	32.610 μs	32.610 μs	32.610 μs	32.610 μs	0 ns	PushPop	:{'Module': 'LlamaForCausalLM.model.layers.6.input_layernorm', 'TrainableParams': {'weight': [2048]}, 'Inputs': [[256, 2048], [256, 2048]]}
0.0%	32.585 μs	1	32.585 μs	32.585 μs	32.585 μs	32.585 μs	0 ns	PushPop	:{'Module': 'LlamaForCausalLM.model.layers.4.post_attention_layernorm', 'TrainableParams': {'weight': [2048]}, 'Inputs': [[4, 2048], [4, 2048]]}
0.0%	32.576 μs	1	32.576 μs	32.576 μs	32.576 μs	32.576 μs	0 ns	PushPop	:{'Module': 'LlamaForCausalLM.model.layers.13.input_layernorm', 'TrainableParams': {'weight': [2048]}, 'Inputs': [[68, 2048], [68, 2048]]}
0.0%	32.519 μs	1	32.519 μs	32.519 μs	32.519 μs	32.519 μs	0 ns	PushPop	:{'Module': 'LlamaForCausalLM.model.layers.1.post_attention_layernorm', 'TrainableParams': {'weight': [2048]}, 'Inputs': [[20, 2048], [20, 2048]]}
0.0%	32.519 μs	1	32.519 μs	32.519 μs	32.519 μs	32.519 μs	0 ns	PushPop	:{'Module': 'LlamaForCausalLM.model.norm', 'TrainableParams': {'weight': [2048]}, 'Inputs': [[99, 2048], [99, 2048]]}
0.0%	32.513 μs	1	32.513 μs	32.513 μs	32.513 μs	32.513 μs	0 ns	PushPop	:{'Module': 'LlamaForCausalLM.model.layers.3.post_attention_layernorm', 'TrainableParams': {'weight': [2048]}, 'Inputs': [[4, 2048], [4, 2048]]}
0.0%	32.478 μs	1	32.478 μs	32.478 μs	32.478 μs	32.478 μs	0 ns	PushPop	:{'Module': 'LlamaForCausalLM.model.layers.15.input_layernorm', 'TrainableParams': {'weight': [2048]}, 'Inputs': [[84, 2048], [84, 2048]]}
0.0%	32.453 μs	1	32.453 μs	32.453 μs	32.453 μs	32.453 μs	0 ns	PushPop	:{'Module': 'LlamaForCausalLM.model.layers.4.input_layernorm', 'TrainableParams': {'weight': [2048]}, 'Inputs': [[16, 2048], [16, 2048]]}
0.0%	32.437 μs	1	32.437 μs	32.437 μs	32.437 μs	32.437 μs	0 ns	PushPop	:{'Module': 'LlamaForCausalLM.model.layers.10.input_layernorm', 'TrainableParams': {'weight': [2048]}, 'Inputs': [[16, 2048], [16, 2048]]}
0.0%	32.425 μs	1	32.425 μs	32.425 μs	32.425 μs	32.425 μs	0 ns	PushPop	:{'Module': 'LlamaForCausalLM.model.layers.9.post_attention_layernorm', 'TrainableParams': {'weight': [2048]}, 'Inputs': [[52, 2048], [52, 2048]]}
0.0%	32.416 μs	1	32.416 μs	32.416 μs	32.416 μs	32.416 μs	0 ns	PushPop	:{'Module': 'LlamaForCausalLM.model.layers.7.post_attention_layernorm', 'TrainableParams': {'weight': [2048]}, 'Inputs': [[52, 2048], [52, 2048]]}
0.0%	32.403 μs	1	32.403 μs	32.403 μs	32.403 μs	32.403 μs	0 ns	PushPop	:{'Module': 'LlamaForCausalLM.model.layers.8.post_attention_layernorm', 'TrainableParams': {'weight': [2048]}, 'Inputs': [[99, 2048], [99, 2048]]}
0.0%	32.392 μs	1	32.392 μs	32.392 μs	32.392 μs	32.392 μs	0 ns	PushPop	:{'Module': 'LlamaForCausalLM.model.layers.11.input_layernorm', 'TrainableParams': {'weight': [2048]}, 'Inputs': [[52, 2048], [52, 2048]]}
0.0%	32.372 μs	1	32.372 μs	32.372 μs	32.372 μs	32.372 μs	0 ns	PushPop	:{'Module': 'LlamaForCausalLM.model.layers.7.post_attention_layernorm', 'TrainableParams': {'weight': [2048]}, 'Inputs': [[20, 2048], [20, 2048]]}
0.0%	32.354 μs	1	32.354 μs	32.354 μs	32.354 μs	32.354 μs	0 ns	PushPop	:{'Module': 'LlamaForCausalLM.model.layers.14.post_attention_layernorm', 'TrainableParams': {'weight': [2048]}, 'Inputs': [[68, 2048], [68, 2048]]}
0.0%	32.322 μs	1	32.322 μs	32.322 μs	32.322 μs	32.322 μs	0 ns	PushPop	:{'Module': 'LlamaForCausalLM.model.layers.2.post_attention_layernorm', 'TrainableParams': {'weight': [2048]}, 'Inputs': [[68, 2048], [68, 2048]]}
0.0%	32.315 μs	1	32.315 μs	32.315 μs	32.315 μs	32.315 μs	0 ns	PushPop	:{'Module': 'LlamaForCausalLM.model.layers.4.post_attention_layernorm', 'TrainableParams': {'weight': [2048]}, 'Inputs': [[256, 2048], [256, 2048]]}
0.0%	32.298 μs	1	32.298 μs	32.298 μs	32.298 μs	32.298 μs	0 ns	PushPop	:{'Module': 'LlamaForCausalLM.model.layers.13.post_attention_layernorm', 'TrainableParams': {'weight': [2048]}, 'Inputs': [[84, 2048], [84, 2048]]}
0.0%	32.283 μs	1	32.283 μs	32.283 μs	32.283 μs	32.283 μs	0 ns	PushPop	:{'Module': 'LlamaForCausalLM.model.layers.3.input_layernorm', 'TrainableParams': {'weight': [2048]}, 'Inputs': [[1873, 2048], [1873, 2048]]}
0.0%	32.257 μs	1	32.257 μs	32.257 μs	32.257 μs	32.257 μs	0 ns	PushPop	:{'Module': 'LlamaForCausalLM.model.layers.11.post_attention_layernorm', 'TrainableParams': {'weight': [2048]}, 'Inputs': [[84, 2048], [84, 2048]]}
0.0%	32.255 μs	1	32.255 μs	32.255 μs	32.255 μs	32.255 μs	0 ns	PushPop	:{'Module': 'LlamaForCausalLM.model.layers.4.post_attention_layernorm', 'TrainableParams': {'weight': [2048]}, 'Inputs': [[68, 2048], [68, 2048]]}
0.0%	32.244 μs	1	32.244 μs	32.244 μs	32.244 μs	32.244 μs	0 ns	PushPop	:{'Module': 'LlamaForCausalLM.model.layers.5.post_attention_layernorm', 'TrainableParams': {'weight': [2048]}, 'Inputs': [[4, 2048], [4, 2048]]}
0.0%	32.179 μs	1	32.179 μs	32.179 μs	32.179 μs	32.179 μs	0 ns	PushPop	:{'Module': 'LlamaForCausalLM.model.layers.6.input_layernorm', 'TrainableParams': {'weight': [2048]}, 'Inputs': [[36, 2048], [36, 2048]]}
0.0%	32.176 μs	1	32.176 μs	32.176 μs	32.176 μs	32.176 μs	0 ns	PushPop	:{'Module': 'LlamaForCausalLM.model.layers.4.input_layernorm', 'TrainableParams': {'weight': [2048]}, 'Inputs': [[84, 2048], [84, 2048]]}
0.0%	32.150 μs	1	32.150 μs	32.150 μs	32.150 μs	32.150 μs	0 ns	PushPop	:{'Module': 'LlamaForCausalLM.model.layers.10.input_layernorm', 'TrainableParams': {'weight': [2048]}, 'Inputs': [[256, 2048], [256, 2048]]}
0.0%	32.136 μs	1	32.136 μs	32.136 μs	32.136 μs	32.136 μs	0 ns	PushPop	:{'Module': 'LlamaForCausalLM.model.layers.1.post_attention_layernorm', 'TrainableParams': {'weight': [2048]}, 'Inputs': [[99, 2048], [99, 2048]]}
0.0%	32.133 μs	1	32.133 μs	32.133 μs	32.133 μs	32.133 μs	0 ns	PushPop	:{'Module': 'LlamaForCausalLM.model.layers.9.input_layernorm', 'TrainableParams': {'weight': [2048]}, 'Inputs': [[4, 2048], [4, 2048]]}
0.0%	32.118 μs	1	32.118 μs	32.118 μs	32.118 μs	32.118 μs	0 ns	PushPop	:{'Module': 'LlamaForCausalLM.model.layers.4.post_attention_layernorm', 'TrainableParams': {'weight': [2048]}, 'Inputs': [[20, 2048], [20, 2048]]}
0.0%	32.113 μs	1	32.113 μs	32.113 μs	32.113 μs	32.113 μs	0 ns	PushPop	:{'Module': 'LlamaForCausalLM.model.layers.11.input_layernorm', 'TrainableParams': {'weight': [2048]}, 'Inputs': [[4, 2048], [4, 2048]]}
0.0%	32.086 μs	1	32.086 μs	32.086 μs	32.086 μs	32.086 μs	0 ns	PushPop	:{'Module': 'LlamaForCausalLM.model.layers.3.post_attention_layernorm', 'TrainableParams': {'weight': [2048]}, 'Inputs': [[20, 2048], [20, 2048]]}
0.0%	32.076 μs	1	32.076 μs	32.076 μs	32.076 μs	32.076 μs	0 ns	PushPop	:{'Module': 'LlamaForCausalLM.model.layers.10.post_attention_layernorm', 'TrainableParams': {'weight': [2048]}, 'Inputs': [[52, 2048], [52, 2048]]}
0.0%	32.065 μs	1	32.065 μs	32.065 μs	32.065 μs	32.065 μs	0 ns	PushPop	:{'Module': 'LlamaForCausalLM.model.layers.2.input_layernorm', 'TrainableParams': {'weight': [2048]}, 'Inputs': [[99, 2048], [99, 2048]]}
0.0%	32.056 μs	1	32.056 μs	32.056 μs	32.056 μs	32.056 μs	0 ns	PushPop	:{'Module': 'LlamaForCausalLM.model.layers.8.input_layernorm', 'TrainableParams': {'weight': [2048]}, 'Inputs': [[1873, 2048], [1873, 2048]]}
0.0%	32.053 μs	1	32.053 μs	32.053 μs	32.053 μs	32.053 μs	0 ns	PushPop	:{'Module': 'LlamaForCausalLM.model.layers.9.input_layernorm', 'TrainableParams': {'weight': [2048]}, 'Inputs': [[1873, 2048], [1873, 2048]]}
0.0%	32.051 μs	1	32.051 μs	32.051 μs	32.051 μs	32.051 μs	0 ns	PushPop	:{'Module': 'LlamaForCausalLM.model.layers.12.input_layernorm', 'TrainableParams': {'weight': [2048]}, 'Inputs': [[512, 2048], [512, 2048]]}
0.0%	32.041 μs	1	32.041 μs	32.041 μs	32.041 μs	32.041 μs	0 ns	PushPop	:{'Module': 'LlamaForCausalLM.model.layers.11.post_attention_layernorm', 'TrainableParams': {'weight': [2048]}, 'Inputs': [[36, 2048], [36, 2048]]}
0.0%	32.035 μs	1	32.035 μs	32.035 μs	32.035 μs	32.035 μs	0 ns	PushPop	:{'Module': 'LlamaForCausalLM.model.layers.12.post_attention_layernorm', 'TrainableParams': {'weight': [2048]}, 'Inputs': [[99, 2048], [99, 2048]]}
0.0%	32.015 μs	1	32.015 μs	32.015 μs	32.015 μs	32.015 μs	0 ns	PushPop	:{'Module': 'LlamaForCausalLM.model.layers.7.input_layernorm', 'TrainableParams': {'weight': [2048]}, 'Inputs': [[52, 2048], [52, 2048]]}
0.0%	32.014 μs	1	32.014 μs	32.014 μs	32.014 μs	32.014 μs	0 ns	PushPop	:{'Module': 'LlamaForCausalLM.model.layers.3.post_attention_layernorm', 'TrainableParams': {'weight': [2048]}, 'Inputs': [[84, 2048], [84, 2048]]}
0.0%	32.010 μs	1	32.010 μs	32.010 μs	32.010 μs	32.010 μs	0 ns	PushPop	:{'Module': 'LlamaForCausalLM.model.layers.8.input_layernorm', 'TrainableParams': {'weight': [2048]}, 'Inputs': [[16, 2048], [16, 2048]]}
0.0%	31.987 μs	1	31.987 μs	31.987 μs	31.987 μs	31.987 μs	0 ns	PushPop	:{'Module': 'LlamaForCausalLM.model.layers.13.post_attention_layernorm', 'TrainableParams': {'weight': [2048]}, 'Inputs': [[36, 2048], [36, 2048]]}
0.0%	31.986 μs	1	31.986 μs	31.986 μs	31.986 μs	31.986 μs	0 ns	PushPop	:{'Module': 'LlamaForCausalLM.model.layers.6.post_attention_layernorm', 'TrainableParams': {'weight': [2048]}, 'Inputs': [[4, 2048], [4, 2048]]}
0.0%	31.984 μs	1	31.984 μs	31.984 μs	31.984 μs	31.984 μs	0 ns	PushPop	:{'Module': 'LlamaForCausalLM.model.layers.12.post_attention_layernorm', 'TrainableParams': {'weight': [2048]}, 'Inputs': [[36, 2048], [36, 2048]]}
0.0%	31.976 μs	1	31.976 μs	31.976 μs	31.976 μs	31.976 μs	0 ns	PushPop	:{'Module': 'LlamaForCausalLM.model.layers.14.post_attention_layernorm', 'TrainableParams': {'weight': [2048]}, 'Inputs': [[36, 2048], [36, 2048]]}
0.0%	31.974 μs	1	31.974 μs	31.974 μs	31.974 μs	31.974 μs	0 ns	PushPop	:{'Module': 'LlamaForCausalLM.model.layers.12.post_attention_layernorm', 'TrainableParams': {'weight': [2048]}, 'Inputs': [[20, 2048], [20, 2048]]}
0.0%	31.970 μs	1	31.970 μs	31.970 μs	31.970 μs	31.970 μs	0 ns	PushPop	:{'Module': 'LlamaForCausalLM.model.layers.7.input_layernorm', 'TrainableParams': {'weight': [2048]}, 'Inputs': [[99, 2048], [99, 2048]]}
0.0%	31.928 μs	1	31.928 μs	31.928 μs	31.928 μs	31.928 μs	0 ns	PushPop	:{'Module': 'LlamaForCausalLM.model.layers.4.input_layernorm', 'TrainableParams': {'weight': [2048]}, 'Inputs': [[99, 2048], [99, 2048]]}
0.0%	31.896 μs	1	31.896 μs	31.896 μs	31.896 μs	31.896 μs	0 ns	PushPop	:{'Module': 'LlamaForCausalLM.model.layers.14.input_layernorm', 'TrainableParams': {'weight': [2048]}, 'Inputs': [[1873, 2048], [1873, 2048]]}
0.0%	31.888 μs	1	31.888 μs	31.888 μs	31.888 μs	31.888 μs	0 ns	PushPop	:{'Module': 'LlamaForCausalLM.model.layers.8.input_layernorm', 'TrainableParams': {'weight': [2048]}, 'Inputs': [[36, 2048], [36, 2048]]}
0.0%	31.887 μs	1	31.887 μs	31.887 μs	31.887 μs	31.887 μs	0 ns	PushPop	:{'Module': 'LlamaForCausalLM.model.layers.12.post_attention_layernorm', 'TrainableParams': {'weight': [2048]}, 'Inputs': [[4, 2048], [4, 2048]]}
0.0%	31.883 μs	1	31.883 μs	31.883 μs	31.883 μs	31.883 μs	0 ns	PushPop	:{'Module': 'LlamaForCausalLM.model.layers.9.input_layernorm', 'TrainableParams': {'weight': [2048]}, 'Inputs': [[52, 2048], [52, 2048]]}
0.0%	31.879 μs	1	31.879 μs	31.879 μs	31.879 μs	31.879 μs	0 ns	PushPop	:{'Module': 'LlamaForCausalLM.model.layers.14.input_layernorm', 'TrainableParams': {'weight': [2048]}, 'Inputs': [[52, 2048], [52, 2048]]}
0.0%	31.868 μs	1	31.868 μs	31.868 μs	31.868 μs	31.868 μs	0 ns	PushPop	:{'Module': 'LlamaForCausalLM.model.layers.4.input_layernorm', 'TrainableParams': {'weight': [2048]}, 'Inputs': [[52, 2048], [52, 2048]]}
0.0%	31.859 μs	1	31.859 μs	31.859 μs	31.859 μs	31.859 μs	0 ns	PushPop	:{'Module': 'LlamaForCausalLM.model.layers.6.post_attention_layernorm', 'TrainableParams': {'weight': [2048]}, 'Inputs': [[20, 2048], [20, 2048]]}
0.0%	31.851 μs	1	31.851 μs	31.851 μs	31.851 μs	31.851 μs	0 ns	PushPop	:{'Module': 'LlamaForCausalLM.model.layers.7.input_layernorm', 'TrainableParams': {'weight': [2048]}, 'Inputs': [[36, 2048], [36, 2048]]}
0.0%	31.832 μs	1	31.832 μs	31.832 μs	31.832 μs	31.832 μs	0 ns	PushPop	:{'Module': 'LlamaForCausalLM.model.layers.10.input_layernorm', 'TrainableParams': {'weight': [2048]}, 'Inputs': [[20, 2048], [20, 2048]]}
0.0%	31.831 μs	1	31.831 μs	31.831 μs	31.831 μs	31.831 μs	0 ns	PushPop	:{'Module': 'LlamaForCausalLM.model.layers.10.input_layernorm', 'TrainableParams': {'weight': [2048]}, 'Inputs': [[68, 2048], [68, 2048]]}
0.0%	31.831 μs	1	31.831 μs	31.831 μs	31.831 μs	31.831 μs	0 ns	PushPop	:{'Module': 'LlamaForCausalLM.model.layers.14.post_attention_layernorm', 'TrainableParams': {'weight': [2048]}, 'Inputs': [[20, 2048], [20, 2048]]}
0.0%	31.799 μs	1	31.799 μs	31.799 μs	31.799 μs	31.799 μs	0 ns	PushPop	:{'Module': 'LlamaForCausalLM.model.layers.1.post_attention_layernorm', 'TrainableParams': {'weight': [2048]}, 'Inputs': [[68, 2048], [68, 2048]]}
0.0%	31.789 μs	1	31.789 μs	31.789 μs	31.789 μs	31.789 μs	0 ns	PushPop	:{'Module': 'LlamaForCausalLM.model.layers.5.input_layernorm', 'TrainableParams': {'weight': [2048]}, 'Inputs': [[68, 2048], [68, 2048]]}
0.0%	31.788 μs	1	31.788 μs	31.788 μs	31.788 μs	31.788 μs	0 ns	PushPop	:{'Module': 'LlamaForCausalLM.model.layers.2.post_attention_layernorm', 'TrainableParams': {'weight': [2048]}, 'Inputs': [[99, 2048], [99, 2048]]}
0.0%	31.780 μs	1	31.780 μs	31.780 μs	31.780 μs	31.780 μs	0 ns	PushPop	:{'Module': 'LlamaForCausalLM.model.layers.9.post_attention_layernorm', 'TrainableParams': {'weight': [2048]}, 'Inputs': [[20, 2048], [20, 2048]]}
0.0%	31.774 μs	1	31.774 μs	31.774 μs	31.774 μs	31.774 μs	0 ns	PushPop	:{'Module': 'LlamaForCausalLM.model.layers.15.post_attention_layernorm', 'TrainableParams': {'weight': [2048]}, 'Inputs': [[20, 2048], [20, 2048]]}
0.0%	31.770 μs	1	31.770 μs	31.770 μs	31.770 μs	31.770 μs	0 ns	PushPop	:{'Module': 'LlamaForCausalLM.model.layers.11.post_attention_layernorm', 'TrainableParams': {'weight': [2048]}, 'Inputs': [[20, 2048], [20, 2048]]}
0.0%	31.768 μs	1	31.768 μs	31.768 μs	31.768 μs	31.768 μs	0 ns	PushPop	:{'Module': 'LlamaForCausalLM.model.layers.4.post_attention_layernorm', 'TrainableParams': {'weight': [2048]}, 'Inputs': [[52, 2048], [52, 2048]]}
0.0%	31.742 μs	1	31.742 μs	31.742 μs	31.742 μs	31.742 μs	0 ns	PushPop	:{'Module': 'LlamaForCausalLM.model.layers.15.input_layernorm', 'TrainableParams': {'weight': [2048]}, 'Inputs': [[16, 2048], [16, 2048]]}
0.0%	31.739 μs	1	31.739 μs	31.739 μs	31.739 μs	31.739 μs	0 ns	PushPop	:{'Module': 'LlamaForCausalLM.model.layers.2.input_layernorm', 'TrainableParams': {'weight': [2048]}, 'Inputs': [[256, 2048], [256, 2048]]}
0.0%	31.739 μs	1	31.739 μs	31.739 μs	31.739 μs	31.739 μs	0 ns	PushPop	:{'Module': 'LlamaForCausalLM.model.layers.2.post_attention_layernorm', 'TrainableParams': {'weight': [2048]}, 'Inputs': [[84, 2048], [84, 2048]]}
0.0%	31.734 μs	1	31.734 μs	31.734 μs	31.734 μs	31.734 μs	0 ns	PushPop	:{'Module': 'LlamaForCausalLM.model.layers.14.post_attention_layernorm', 'TrainableParams': {'weight': [2048]}, 'Inputs': [[4, 2048], [4, 2048]]}
0.0%	31.728 μs	1	31.728 μs	31.728 μs	31.728 μs	31.728 μs	0 ns	PushPop	:{'Module': 'LlamaForCausalLM.model.layers.5.post_attention_layernorm', 'TrainableParams': {'weight': [2048]}, 'Inputs': [[20, 2048], [20, 2048]]}
0.0%	31.688 μs	1	31.688 μs	31.688 μs	31.688 μs	31.688 μs	0 ns	PushPop	:{'Module': 'LlamaForCausalLM.model.layers.7.input_layernorm', 'TrainableParams': {'weight': [2048]}, 'Inputs': [[16, 2048], [16, 2048]]}
0.0%	31.677 μs	1	31.677 μs	31.677 μs	31.677 μs	31.677 μs	0 ns	PushPop	:{'Module': 'LlamaForCausalLM.model.layers.3.input_layernorm', 'TrainableParams': {'weight': [2048]}, 'Inputs': [[4, 2048], [4, 2048]]}
0.0%	31.623 μs	1	31.623 μs	31.623 μs	31.623 μs	31.623 μs	0 ns	PushPop	:{'Module': 'LlamaForCausalLM.model.layers.2.input_layernorm', 'TrainableParams': {'weight': [2048]}, 'Inputs': [[52, 2048], [52, 2048]]}
0.0%	31.612 μs	1	31.612 μs	31.612 μs	31.612 μs	31.612 μs	0 ns	PushPop	:{'Module': 'LlamaForCausalLM.model.layers.8.input_layernorm', 'TrainableParams': {'weight': [2048]}, 'Inputs': [[52, 2048], [52, 2048]]}
0.0%	31.611 μs	1	31.611 μs	31.611 μs	31.611 μs	31.611 μs	0 ns	PushPop	:{'Module': 'LlamaForCausalLM.model.layers.6.input_layernorm', 'TrainableParams': {'weight': [2048]}, 'Inputs': [[20, 2048], [20, 2048]]}
0.0%	31.606 μs	1	31.606 μs	31.606 μs	31.606 μs	31.606 μs	0 ns	PushPop	:{'Module': 'LlamaForCausalLM.model.layers.9.post_attention_layernorm', 'TrainableParams': {'weight': [2048]}, 'Inputs': [[36, 2048], [36, 2048]]}
0.0%	31.578 μs	1	31.578 μs	31.578 μs	31.578 μs	31.578 μs	0 ns	PushPop	:{'Module': 'LlamaForCausalLM.model.layers.13.input_layernorm', 'TrainableParams': {'weight': [2048]}, 'Inputs': [[4, 2048], [4, 2048]]}
0.0%	31.576 μs	1	31.576 μs	31.576 μs	31.576 μs	31.576 μs	0 ns	PushPop	:{'Module': 'LlamaForCausalLM.model.layers.15.input_layernorm', 'TrainableParams': {'weight': [2048]}, 'Inputs': [[1873, 2048], [1873, 2048]]}
0.0%	31.573 μs	1	31.573 μs	31.573 μs	31.573 μs	31.573 μs	0 ns	PushPop	:{'Module': 'LlamaForCausalLM.model.layers.3.input_layernorm', 'TrainableParams': {'weight': [2048]}, 'Inputs': [[20, 2048], [20, 2048]]}
0.0%	31.572 μs	1	31.572 μs	31.572 μs	31.572 μs	31.572 μs	0 ns	PushPop	:{'Module': 'LlamaForCausalLM.model.layers.3.post_attention_layernorm', 'TrainableParams': {'weight': [2048]}, 'Inputs': [[68, 2048], [68, 2048]]}
0.0%	31.556 μs	1	31.556 μs	31.556 μs	31.556 μs	31.556 μs	0 ns	PushPop	:{'Module': 'LlamaForCausalLM.model.layers.13.input_layernorm', 'TrainableParams': {'weight': [2048]}, 'Inputs': [[52, 2048], [52, 2048]]}
0.0%	31.537 μs	1	31.537 μs	31.537 μs	31.537 μs	31.537 μs	0 ns	PushPop	:{'Module': 'LlamaForCausalLM.model.layers.3.post_attention_layernorm', 'TrainableParams': {'weight': [2048]}, 'Inputs': [[36, 2048], [36, 2048]]}
0.0%	31.528 μs	1	31.528 μs	31.528 μs	31.528 μs	31.528 μs	0 ns	PushPop	:{'Module': 'LlamaForCausalLM.model.layers.15.input_layernorm', 'TrainableParams': {'weight': [2048]}, 'Inputs': [[52, 2048], [52, 2048]]}
0.0%	31.521 μs	1	31.521 μs	31.521 μs	31.521 μs	31.521 μs	0 ns	PushPop	:{'Module': 'LlamaForCausalLM.model.layers.7.post_attention_layernorm', 'TrainableParams': {'weight': [2048]}, 'Inputs': [[36, 2048], [36, 2048]]}
0.0%	31.516 μs	1	31.516 μs	31.516 μs	31.516 μs	31.516 μs	0 ns	PushPop	:{'Module': 'LlamaForCausalLM.model.layers.12.input_layernorm', 'TrainableParams': {'weight': [2048]}, 'Inputs': [[256, 2048], [256, 2048]]}
0.0%	31.500 μs	1	31.500 μs	31.500 μs	31.500 μs	31.500 μs	0 ns	PushPop	:{'Module': 'LlamaForCausalLM.model.layers.9.input_layernorm', 'TrainableParams': {'weight': [2048]}, 'Inputs': [[16, 2048], [16, 2048]]}
0.0%	31.497 μs	1	31.497 μs	31.497 μs	31.497 μs	31.497 μs	0 ns	PushPop	:{'Module': 'LlamaForCausalLM.model.layers.1.post_attention_layernorm', 'TrainableParams': {'weight': [2048]}, 'Inputs': [[4, 2048], [4, 2048]]}
0.0%	31.496 μs	1	31.496 μs	31.496 μs	31.496 μs	31.496 μs	0 ns	PushPop	:{'Module': 'LlamaForCausalLM.model.layers.9.input_layernorm', 'TrainableParams': {'weight': [2048]}, 'Inputs': [[68, 2048], [68, 2048]]}
0.0%	31.473 μs	1	31.473 μs	31.473 μs	31.473 μs	31.473 μs	0 ns	PushPop	:{'Module': 'LlamaForCausalLM.model.layers.15.post_attention_layernorm', 'TrainableParams': {'weight': [2048]}, 'Inputs': [[84, 2048], [84, 2048]]}
0.0%	31.466 μs	1	31.466 μs	31.466 μs	31.466 μs	31.466 μs	0 ns	PushPop	:{'Module': 'LlamaForCausalLM.model.layers.4.input_layernorm', 'TrainableParams': {'weight': [2048]}, 'Inputs': [[36, 2048], [36, 2048]]}
0.0%	31.465 μs	1	31.465 μs	31.465 μs	31.465 μs	31.465 μs	0 ns	PushPop	:{'Module': 'LlamaForCausalLM.model.layers.2.input_layernorm', 'TrainableParams': {'weight': [2048]}, 'Inputs': [[68, 2048], [68, 2048]]}
0.0%	31.440 μs	1	31.440 μs	31.440 μs	31.440 μs	31.440 μs	0 ns	PushPop	:{'Module': 'LlamaForCausalLM.model.layers.11.input_layernorm', 'TrainableParams': {'weight': [2048]}, 'Inputs': [[36, 2048], [36, 2048]]}
0.0%	31.437 μs	1	31.437 μs	31.437 μs	31.437 μs	31.437 μs	0 ns	PushPop	:{'Module': 'LlamaForCausalLM.model.layers.13.input_layernorm', 'TrainableParams': {'weight': [2048]}, 'Inputs': [[20, 2048], [20, 2048]]}
0.0%	31.427 μs	1	31.427 μs	31.427 μs	31.427 μs	31.427 μs	0 ns	PushPop	:{'Module': 'LlamaForCausalLM.model.layers.7.post_attention_layernorm', 'TrainableParams': {'weight': [2048]}, 'Inputs': [[68, 2048], [68, 2048]]}
0.0%	31.423 μs	1	31.423 μs	31.423 μs	31.423 μs	31.423 μs	0 ns	PushPop	:{'Module': 'LlamaForCausalLM.model.layers.5.post_attention_layernorm', 'TrainableParams': {'weight': [2048]}, 'Inputs': [[84, 2048], [84, 2048]]}
0.0%	31.398 μs	1	31.398 μs	31.398 μs	31.398 μs	31.398 μs	0 ns	PushPop	:{'Module': 'LlamaForCausalLM.model.layers.13.post_attention_layernorm', 'TrainableParams': {'weight': [2048]}, 'Inputs': [[256, 2048], [256, 2048]]}
0.0%	31.376 μs	1	31.376 μs	31.376 μs	31.376 μs	31.376 μs	0 ns	PushPop	:{'Module': 'LlamaForCausalLM.model.layers.5.input_layernorm', 'TrainableParams': {'weight': [2048]}, 'Inputs': [[84, 2048], [84, 2048]]}
0.0%	31.375 μs	1	31.375 μs	31.375 μs	31.375 μs	31.375 μs	0 ns	PushPop	:{'Module': 'LlamaForCausalLM.model.layers.11.post_attention_layernorm', 'TrainableParams': {'weight': [2048]}, 'Inputs': [[99, 2048], [99, 2048]]}
0.0%	31.348 μs	1	31.348 μs	31.348 μs	31.348 μs	31.348 μs	0 ns	PushPop	:{'Module': 'LlamaForCausalLM.model.layers.9.input_layernorm', 'TrainableParams': {'weight': [2048]}, 'Inputs': [[36, 2048], [36, 2048]]}
0.0%	31.346 μs	1	31.346 μs	31.346 μs	31.346 μs	31.346 μs	0 ns	PushPop	:{'Module': 'LlamaForCausalLM.model.layers.14.post_attention_layernorm', 'TrainableParams': {'weight': [2048]}, 'Inputs': [[99, 2048], [99, 2048]]}
0.0%	31.340 μs	1	31.340 μs	31.340 μs	31.340 μs	31.340 μs	0 ns	PushPop	:{'Module': 'LlamaForCausalLM.model.layers.10.input_layernorm', 'TrainableParams': {'weight': [2048]}, 'Inputs': [[84, 2048], [84, 2048]]}
0.0%	31.306 μs	1	31.306 μs	31.306 μs	31.306 μs	31.306 μs	0 ns	PushPop	:{'Module': 'LlamaForCausalLM.model.layers.3.input_layernorm', 'TrainableParams': {'weight': [2048]}, 'Inputs': [[52, 2048], [52, 2048]]}
0.0%	31.294 μs	1	31.294 μs	31.294 μs	31.294 μs	31.294 μs	0 ns	PushPop	:{'Module': 'LlamaForCausalLM.model.layers.9.post_attention_layernorm', 'TrainableParams': {'weight': [2048]}, 'Inputs': [[256, 2048], [256, 2048]]}
0.0%	31.271 μs	1	31.271 μs	31.271 μs	31.271 μs	31.271 μs	0 ns	PushPop	:{'Module': 'LlamaForCausalLM.model.layers.10.input_layernorm', 'TrainableParams': {'weight': [2048]}, 'Inputs': [[36, 2048], [36, 2048]]}
0.0%	31.266 μs	1	31.266 μs	31.266 μs	31.266 μs	31.266 μs	0 ns	PushPop	:{'Module': 'LlamaForCausalLM.model.layers.3.input_layernorm', 'TrainableParams': {'weight': [2048]}, 'Inputs': [[36, 2048], [36, 2048]]}
0.0%	31.244 μs	1	31.244 μs	31.244 μs	31.244 μs	31.244 μs	0 ns	PushPop	:{'Module': 'LlamaForCausalLM.model.layers.15.post_attention_layernorm', 'TrainableParams': {'weight': [2048]}, 'Inputs': [[68, 2048], [68, 2048]]}
0.0%	31.243 μs	1	31.243 μs	31.243 μs	31.243 μs	31.243 μs	0 ns	PushPop	:{'Module': 'LlamaForCausalLM.model.layers.7.input_layernorm', 'TrainableParams': {'weight': [2048]}, 'Inputs': [[68, 2048], [68, 2048]]}
0.0%	31.240 μs	1	31.240 μs	31.240 μs	31.240 μs	31.240 μs	0 ns	PushPop	:{'Module': 'LlamaForCausalLM.model.layers.6.input_layernorm', 'TrainableParams': {'weight': [2048]}, 'Inputs': [[52, 2048], [52, 2048]]}
0.0%	31.238 μs	1	31.238 μs	31.238 μs	31.238 μs	31.238 μs	0 ns	PushPop	:{'Module': 'LlamaForCausalLM.model.layers.3.post_attention_layernorm', 'TrainableParams': {'weight': [2048]}, 'Inputs': [[256, 2048], [256, 2048]]}
0.0%	31.229 μs	1	31.229 μs	31.229 μs	31.229 μs	31.229 μs	0 ns	PushPop	:{'Module': 'LlamaForCausalLM.model.layers.10.post_attention_layernorm', 'TrainableParams': {'weight': [2048]}, 'Inputs': [[99, 2048], [99, 2048]]}
0.0%	31.217 μs	1	31.217 μs	31.217 μs	31.217 μs	31.217 μs	0 ns	PushPop	:{'Module': 'LlamaForCausalLM.model.layers.13.post_attention_layernorm', 'TrainableParams': {'weight': [2048]}, 'Inputs': [[68, 2048], [68, 2048]]}
0.0%	31.198 μs	1	31.198 μs	31.198 μs	31.198 μs	31.198 μs	0 ns	PushPop	:{'Module': 'LlamaForCausalLM.model.layers.10.post_attention_layernorm', 'TrainableParams': {'weight': [2048]}, 'Inputs': [[84, 2048], [84, 2048]]}
0.0%	31.187 μs	1	31.187 μs	31.187 μs	31.187 μs	31.187 μs	0 ns	PushPop	:{'Module': 'LlamaForCausalLM.model.layers.11.post_attention_layernorm', 'TrainableParams': {'weight': [2048]}, 'Inputs': [[68, 2048], [68, 2048]]}
0.0%	31.186 μs	1	31.186 μs	31.186 μs	31.186 μs	31.186 μs	0 ns	PushPop	:{'Module': 'LlamaForCausalLM.model.layers.2.input_layernorm', 'TrainableParams': {'weight': [2048]}, 'Inputs': [[84, 2048], [84, 2048]]}
0.0%	31.182 μs	1	31.182 μs	31.182 μs	31.182 μs	31.182 μs	0 ns	PushPop	:{'Module': 'LlamaForCausalLM.model.layers.11.input_layernorm', 'TrainableParams': {'weight': [2048]}, 'Inputs': [[68, 2048], [68, 2048]]}
0.0%	31.148 μs	1	31.148 μs	31.148 μs	31.148 μs	31.148 μs	0 ns	PushPop	:{'Module': 'LlamaForCausalLM.model.layers.9.input_layernorm', 'TrainableParams': {'weight': [2048]}, 'Inputs': [[84, 2048], [84, 2048]]}
0.0%	31.130 μs	1	31.130 μs	31.130 μs	31.130 μs	31.130 μs	0 ns	PushPop	:{'Module': 'LlamaForCausalLM.model.layers.7.post_attention_layernorm', 'TrainableParams': {'weight': [2048]}, 'Inputs': [[84, 2048], [84, 2048]]}
0.0%	31.123 μs	1	31.123 μs	31.123 μs	31.123 μs	31.123 μs	0 ns	PushPop	:{'Module': 'LlamaForCausalLM.model.layers.11.input_layernorm', 'TrainableParams': {'weight': [2048]}, 'Inputs': [[84, 2048], [84, 2048]]}
0.0%	31.108 μs	1	31.108 μs	31.108 μs	31.108 μs	31.108 μs	0 ns	PushPop	:{'Module': 'LlamaForCausalLM.model.layers.4.input_layernorm', 'TrainableParams': {'weight': [2048]}, 'Inputs': [[20, 2048], [20, 2048]]}
0.0%	31.088 μs	1	31.088 μs	31.088 μs	31.088 μs	31.088 μs	0 ns	PushPop	:{'Module': 'LlamaForCausalLM.model.layers.4.post_attention_layernorm', 'TrainableParams': {'weight': [2048]}, 'Inputs': [[36, 2048], [36, 2048]]}
0.0%	31.079 μs	1	31.079 μs	31.079 μs	31.079 μs	31.079 μs	0 ns	PushPop	:{'Module': 'LlamaForCausalLM.model.layers.15.input_layernorm', 'TrainableParams': {'weight': [2048]}, 'Inputs': [[99, 2048], [99, 2048]]}
0.0%	30.988 μs	1	30.988 μs	30.988 μs	30.988 μs	30.988 μs	0 ns	PushPop	:{'Module': 'LlamaForCausalLM.model.layers.5.input_layernorm', 'TrainableParams': {'weight': [2048]}, 'Inputs': [[4, 2048], [4, 2048]]}
0.0%	30.961 μs	1	30.961 μs	30.961 μs	30.961 μs	30.961 μs	0 ns	PushPop	:{'Module': 'LlamaForCausalLM.model.layers.8.post_attention_layernorm', 'TrainableParams': {'weight': [2048]}, 'Inputs': [[256, 2048], [256, 2048]]}
0.0%	30.955 μs	1	30.955 μs	30.955 μs	30.955 μs	30.955 μs	0 ns	PushPop	:{'Module': 'LlamaForCausalLM.model.layers.1.post_attention_layernorm', 'TrainableParams': {'weight': [2048]}, 'Inputs': [[256, 2048], [256, 2048]]}
0.0%	30.933 μs	1	30.933 μs	30.933 μs	30.933 μs	30.933 μs	0 ns	PushPop	:{'Module': 'LlamaForCausalLM.model.layers.5.post_attention_layernorm', 'TrainableParams': {'weight': [2048]}, 'Inputs': [[256, 2048], [256, 2048]]}
0.0%	30.909 μs	1	30.909 μs	30.909 μs	30.909 μs	30.909 μs	0 ns	PushPop	:{'Module': 'LlamaForCausalLM.model.layers.12.post_attention_layernorm', 'TrainableParams': {'weight': [2048]}, 'Inputs': [[52, 2048], [52, 2048]]}
0.0%	30.900 μs	1	30.900 μs	30.900 μs	30.900 μs	30.900 μs	0 ns	PushPop	:{'Module': 'LlamaForCausalLM.model.layers.9.post_attention_layernorm', 'TrainableParams': {'weight': [2048]}, 'Inputs': [[84, 2048], [84, 2048]]}
0.0%	30.884 μs	1	30.884 μs	30.884 μs	30.884 μs	30.884 μs	0 ns	PushPop	:{'Module': 'LlamaForCausalLM.model.layers.2.input_layernorm', 'TrainableParams': {'weight': [2048]}, 'Inputs': [[20, 2048], [20, 2048]]}
0.0%	30.883 μs	1	30.883 μs	30.883 μs	30.883 μs	30.883 μs	0 ns	PushPop	:{'Module': 'LlamaForCausalLM.model.layers.1.post_attention_layernorm', 'TrainableParams': {'weight': [2048]}, 'Inputs': [[36, 2048], [36, 2048]]}
0.0%	30.869 μs	1	30.869 μs	30.869 μs	30.869 μs	30.869 μs	0 ns	PushPop	:{'Module': 'LlamaForCausalLM.model.layers.3.input_layernorm', 'TrainableParams': {'weight': [2048]}, 'Inputs': [[99, 2048], [99, 2048]]}
0.0%	30.862 μs	1	30.862 μs	30.862 μs	30.862 μs	30.862 μs	0 ns	PushPop	:{'Module': 'LlamaForCausalLM.model.norm', 'TrainableParams': {'weight': [2048]}, 'Inputs': [[20, 2048], [20, 2048]]}
0.0%	30.832 μs	1	30.832 μs	30.832 μs	30.832 μs	30.832 μs	0 ns	PushPop	:{'Module': 'LlamaForCausalLM.model.layers.15.input_layernorm', 'TrainableParams': {'weight': [2048]}, 'Inputs': [[20, 2048], [20, 2048]]}
0.0%	30.827 μs	1	30.827 μs	30.827 μs	30.827 μs	30.827 μs	0 ns	PushPop	:{'Module': 'LlamaForCausalLM.model.norm', 'TrainableParams': {'weight': [2048]}, 'Inputs': [[256, 2048], [256, 2048]]}
0.0%	30.826 μs	1	30.826 μs	30.826 μs	30.826 μs	30.826 μs	0 ns	PushPop	:{'Module': 'LlamaForCausalLM.model.layers.8.post_attention_layernorm', 'TrainableParams': {'weight': [2048]}, 'Inputs': [[84, 2048], [84, 2048]]}
0.0%	30.808 μs	1	30.808 μs	30.808 μs	30.808 μs	30.808 μs	0 ns	PushPop	:{'Module': 'LlamaForCausalLM.model.layers.5.input_layernorm', 'TrainableParams': {'weight': [2048]}, 'Inputs': [[36, 2048], [36, 2048]]}
0.0%	30.802 μs	1	30.802 μs	30.802 μs	30.802 μs	30.802 μs	0 ns	PushPop	:{'Module': 'LlamaForCausalLM.model.layers.15.input_layernorm', 'TrainableParams': {'weight': [2048]}, 'Inputs': [[256, 2048], [256, 2048]]}
0.0%	30.770 μs	1	30.770 μs	30.770 μs	30.770 μs	30.770 μs	0 ns	PushPop	:{'Module': 'LlamaForCausalLM.model.layers.8.input_layernorm', 'TrainableParams': {'weight': [2048]}, 'Inputs': [[84, 2048], [84, 2048]]}
0.0%	30.725 μs	1	30.725 μs	30.725 μs	30.725 μs	30.725 μs	0 ns	PushPop	:{'Module': 'LlamaForCausalLM.model.layers.7.input_layernorm', 'TrainableParams': {'weight': [2048]}, 'Inputs': [[20, 2048], [20, 2048]]}
0.0%	30.721 μs	1	30.721 μs	30.721 μs	30.721 μs	30.721 μs	0 ns	PushPop	:{'Module': 'LlamaForCausalLM.model.layers.12.input_layernorm', 'TrainableParams': {'weight': [2048]}, 'Inputs': [[52, 2048], [52, 2048]]}
0.0%	30.706 μs	1	30.706 μs	30.706 μs	30.706 μs	30.706 μs	0 ns	PushPop	:{'Module': 'LlamaForCausalLM.model.layers.12.input_layernorm', 'TrainableParams': {'weight': [2048]}, 'Inputs': [[4, 2048], [4, 2048]]}
0.0%	30.658 μs	1	30.658 μs	30.658 μs	30.658 μs	30.658 μs	0 ns	PushPop	:{'Module': 'LlamaForCausalLM.model.layers.14.input_layernorm', 'TrainableParams': {'weight': [2048]}, 'Inputs': [[20, 2048], [20, 2048]]}
0.0%	30.588 μs	1	30.588 μs	30.588 μs	30.588 μs	30.588 μs	0 ns	PushPop	:{'Module': 'LlamaForCausalLM.model.layers.13.input_layernorm', 'TrainableParams': {'weight': [2048]}, 'Inputs': [[1873, 2048], [1873, 2048]]}
0.0%	30.581 μs	1	30.581 μs	30.581 μs	30.581 μs	30.581 μs	0 ns	PushPop	:{'Module': 'LlamaForCausalLM.model.layers.10.input_layernorm', 'TrainableParams': {'weight': [2048]}, 'Inputs': [[4, 2048], [4, 2048]]}
0.0%	30.566 μs	1	30.566 μs	30.566 μs	30.566 μs	30.566 μs	0 ns	PushPop	:{'Module': 'LlamaForCausalLM.model.layers.4.input_layernorm', 'TrainableParams': {'weight': [2048]}, 'Inputs': [[68, 2048], [68, 2048]]}
0.0%	30.541 μs	1	30.541 μs	30.541 μs	30.541 μs	30.541 μs	0 ns	PushPop	:{'Module': 'LlamaForCausalLM.model.layers.4.input_layernorm', 'TrainableParams': {'weight': [2048]}, 'Inputs': [[4, 2048], [4, 2048]]}
0.0%	30.531 μs	1	30.531 μs	30.531 μs	30.531 μs	30.531 μs	0 ns	PushPop	:{'Module': 'LlamaForCausalLM.model.layers.3.input_layernorm', 'TrainableParams': {'weight': [2048]}, 'Inputs': [[84, 2048], [84, 2048]]}
0.0%	30.508 μs	1	30.508 μs	30.508 μs	30.508 μs	30.508 μs	0 ns	PushPop	:{'Module': 'LlamaForCausalLM.model.layers.7.input_layernorm', 'TrainableParams': {'weight': [2048]}, 'Inputs': [[4, 2048], [4, 2048]]}
0.0%	30.505 μs	1	30.505 μs	30.505 μs	30.505 μs	30.505 μs	0 ns	PushPop	:{'Module': 'LlamaForCausalLM.model.layers.7.post_attention_layernorm', 'TrainableParams': {'weight': [2048]}, 'Inputs': [[256, 2048], [256, 2048]]}
0.0%	30.454 μs	1	30.454 μs	30.454 μs	30.454 μs	30.454 μs	0 ns	PushPop	:{'Module': 'LlamaForCausalLM.model.layers.8.input_layernorm', 'TrainableParams': {'weight': [2048]}, 'Inputs': [[68, 2048], [68, 2048]]}
0.0%	30.439 μs	1	30.439 μs	30.439 μs	30.439 μs	30.439 μs	0 ns	PushPop	:{'Module': 'LlamaForCausalLM.model.layers.2.input_layernorm', 'TrainableParams': {'weight': [2048]}, 'Inputs': [[4, 2048], [4, 2048]]}
0.0%	30.423 μs	1	30.423 μs	30.423 μs	30.423 μs	30.423 μs	0 ns	PushPop	:{'Module': 'LlamaForCausalLM.model.layers.15.post_attention_layernorm', 'TrainableParams': {'weight': [2048]}, 'Inputs': [[256, 2048], [256, 2048]]}
0.0%	30.404 μs	1	30.404 μs	30.404 μs	30.404 μs	30.404 μs	0 ns	PushPop	:{'Module': 'LlamaForCausalLM.model.layers.6.input_layernorm', 'TrainableParams': {'weight': [2048]}, 'Inputs': [[84, 2048], [84, 2048]]}
0.0%	30.385 μs	1	30.385 μs	30.385 μs	30.385 μs	30.385 μs	0 ns	PushPop	:{'Module': 'LlamaForCausalLM.model.layers.6.input_layernorm', 'TrainableParams': {'weight': [2048]}, 'Inputs': [[68, 2048], [68, 2048]]}
0.0%	30.366 μs	1	30.366 μs	30.366 μs	30.366 μs	30.366 μs	0 ns	PushPop	:{'Module': 'LlamaForCausalLM.model.norm', 'TrainableParams': {'weight': [2048]}, 'Inputs': [[52, 2048], [52, 2048]]}
0.0%	30.364 μs	1	30.364 μs	30.364 μs	30.364 μs	30.364 μs	0 ns	PushPop	:{'Module': 'LlamaForCausalLM.model.layers.14.post_attention_layernorm', 'TrainableParams': {'weight': [2048]}, 'Inputs': [[256, 2048], [256, 2048]]}
0.0%	30.361 μs	1	30.361 μs	30.361 μs	30.361 μs	30.361 μs	0 ns	PushPop	:{'Module': 'LlamaForCausalLM.model.layers.5.input_layernorm', 'TrainableParams': {'weight': [2048]}, 'Inputs': [[20, 2048], [20, 2048]]}
0.0%	30.278 μs	1	30.278 μs	30.278 μs	30.278 μs	30.278 μs	0 ns	PushPop	:{'Module': 'LlamaForCausalLM.model.layers.13.input_layernorm', 'TrainableParams': {'weight': [2048]}, 'Inputs': [[36, 2048], [36, 2048]]}
0.0%	30.276 μs	1	30.276 μs	30.276 μs	30.276 μs	30.276 μs	0 ns	PushPop	:{'Module': 'LlamaForCausalLM.model.layers.12.input_layernorm', 'TrainableParams': {'weight': [2048]}, 'Inputs': [[20, 2048], [20, 2048]]}
0.0%	30.199 μs	1	30.199 μs	30.199 μs	30.199 μs	30.199 μs	0 ns	PushPop	:{'Module': 'LlamaForCausalLM.model.layers.14.input_layernorm', 'TrainableParams': {'weight': [2048]}, 'Inputs': [[4, 2048], [4, 2048]]}
0.0%	30.196 μs	1	30.196 μs	30.196 μs	30.196 μs	30.196 μs	0 ns	PushPop	:{'Module': 'LlamaForCausalLM.model.layers.15.input_layernorm', 'TrainableParams': {'weight': [2048]}, 'Inputs': [[4, 2048], [4, 2048]]}
0.0%	30.169 μs	1	30.169 μs	30.169 μs	30.169 μs	30.169 μs	0 ns	PushPop	:{'Module': 'LlamaForCausalLM.model.layers.8.input_layernorm', 'TrainableParams': {'weight': [2048]}, 'Inputs': [[4, 2048], [4, 2048]]}
0.0%	30.085 μs	1	30.085 μs	30.085 μs	30.085 μs	30.085 μs	0 ns	PushPop	:{'Module': 'LlamaForCausalLM.model.norm', 'TrainableParams': {'weight': [2048]}, 'Inputs': [[36, 2048], [36, 2048]]}
0.0%	29.983 μs	1	29.983 μs	29.983 μs	29.983 μs	29.983 μs	0 ns	PushPop	:{'Module': 'LlamaForCausalLM.model.layers.12.input_layernorm', 'TrainableParams': {'weight': [2048]}, 'Inputs': [[36, 2048], [36, 2048]]}
0.0%	29.925 μs	1	29.925 μs	29.925 μs	29.925 μs	29.925 μs	0 ns	PushPop	:{'Module': 'LlamaForCausalLM.model.layers.15.input_layernorm', 'TrainableParams': {'weight': [2048]}, 'Inputs': [[36, 2048], [36, 2048]]}
0.0%	29.810 μs	1	29.810 μs	29.810 μs	29.810 μs	29.810 μs	0 ns	PushPop	:{'Module': 'LlamaForCausalLM.model.layers.14.input_layernorm', 'TrainableParams': {'weight': [2048]}, 'Inputs': [[36, 2048], [36, 2048]]}
0.0%	29.762 μs	1	29.762 μs	29.762 μs	29.762 μs	29.762 μs	0 ns	PushPop	:{'Module': 'LlamaForCausalLM.model.layers.6.input_layernorm', 'TrainableParams': {'weight': [2048]}, 'Inputs': [[4, 2048], [4, 2048]]}
0.0%	29.519 μs	1	29.519 μs	29.519 μs	29.519 μs	29.519 μs	0 ns	PushPop	:{'Module': 'LlamaForCausalLM.model.layers.5.input_layernorm', 'TrainableParams': {'weight': [2048]}, 'Inputs': [[52, 2048], [52, 2048]]}
0.0%	27.141 μs	16	1.696 μs	1.211 μs	1.115 μs	3.883 μs	1.016 μs	PushPop	:{'Module': 'LlamaForCausalLM.model.layers.0.self_attn.rotary_emb', 'Outputs': [[16, 2048], [16, 512]]}
0.0%	23.964 μs	6	3.994 μs	1.094 μs	958 ns	11.169 μs	4.645 μs	PushPop	:{'Module': 'LlamaForCausalLM.model.layers.12.mlp.act_fn', 'Outputs': [[8192, 8192]]}
0.0%	23.467 μs	16	1.466 μs	1.179 μs	1.007 μs	3.732 μs	846 ns	PushPop	:{'Module': 'LlamaForCausalLM.model.layers.0.self_attn.rotary_emb', 'Outputs': [[256, 2048], [256, 512]]}
0.0%	21.069 μs	16	1.316 μs	1.272 μs	1.165 μs	1.614 μs	149 ns	PushPop	:{'Module': 'LlamaForCausalLM.model.layers.0.self_attn.rotary_emb', 'Outputs': [[512, 2048], [512, 512]]}
0.0%	18.599 μs	16	1.162 μs	1.159 μs	1.053 μs	1.342 μs	78 ns	PushPop	:{'Module': 'LlamaForCausalLM.model.layers.0.self_attn.rotary_emb', 'Outputs': [[1873, 2048], [1873, 512]]}
0.0%	18.599 μs	16	1.162 μs	1.192 μs	995 ns	1.411 μs	133 ns	PushPop	:{'Module': 'LlamaForCausalLM.model.layers.0.self_attn.rotary_emb', 'Outputs': [[52, 2048], [52, 512]]}
0.0%	18.419 μs	16	1.151 μs	1.134 μs	997 ns	1.370 μs	90 ns	PushPop	:{'Module': 'LlamaForCausalLM.model.layers.0.self_attn.rotary_emb', 'Outputs': [[99, 2048], [99, 512]]}
0.0%	18.160 μs	16	1.135 μs	1.123 μs	1.010 μs	1.289 μs	73 ns	PushPop	:{'Module': 'LlamaForCausalLM.model.layers.0.self_attn.rotary_emb', 'Outputs': [[68, 2048], [68, 512]]}
0.0%	18.071 μs	16	1.129 μs	1.064 μs	982 ns	1.495 μs	142 ns	PushPop	:{'Module': 'LlamaForCausalLM.model.layers.0.self_attn.rotary_emb', 'Outputs': [[84, 2048], [84, 512]]}
0.0%	17.746 μs	6	2.957 μs	1.439 μs	1.339 μs	10.621 μs	3.754 μs	PushPop	:{'Module': 'LlamaForCausalLM.model.layers.11.self_attn.attn', 'Outputs': [[8192, 2048]]}
0.0%	17.220 μs	16	1.076 μs	1.055 μs	944 ns	1.455 μs	116 ns	PushPop	:{'Module': 'LlamaForCausalLM.model.layers.0.self_attn.rotary_emb', 'Outputs': [[4, 2048], [4, 512]]}
0.0%	17.171 μs	16	1.073 μs	1.052 μs	984 ns	1.224 μs	71 ns	PushPop	:{'Module': 'LlamaForCausalLM.model.layers.0.self_attn.rotary_emb', 'Outputs': [[36, 2048], [36, 512]]}
0.0%	16.872 μs	1	16.872 μs	16.872 μs	16.872 μs	16.872 μs	0 ns	PushPop	:{'Module': 'LlamaForCausalLM.model.layers.5.mlp.gate_up_proj', 'TrainableParams': {'weight': [16384, 2048]}, 'Outputs': [[512, 16384]]}
0.0%	16.690 μs	16	1.043 μs	1.030 μs	962 ns	1.221 μs	72 ns	PushPop	:{'Module': 'LlamaForCausalLM.model.layers.0.self_attn.rotary_emb', 'Outputs': [[20, 2048], [20, 512]]}
0.0%	16.554 μs	1	16.554 μs	16.554 μs	16.554 μs	16.554 μs	0 ns	PushPop	:{'Module': 'LlamaForCausalLM.model.norm', 'TrainableParams': {'weight': [2048]}, 'Outputs': [[4, 2048], [4, 2048]]}
0.0%	16.551 μs	6	2.758 μs	1.086 μs	1.020 μs	11.122 μs	4.097 μs	PushPop	:{'Module': 'LlamaForCausalLM.model.layers.13.mlp.act_fn', 'Outputs': [[8192, 8192]]}
0.0%	14.316 μs	6	2.386 μs	1.275 μs	1.178 μs	5.779 μs	1.905 μs	PushPop	:{'Module': 'LlamaForCausalLM.model.layers.12.mlp.down_proj', 'TrainableParams': {'weight': [2048, 8192]}, 'Outputs': [[8192, 2048]]}
0.0%	13.283 μs	6	2.213 μs	1.160 μs	1.091 μs	7.578 μs	2.628 μs	PushPop	:{'Module': 'LlamaForCausalLM.model.layers.3.self_attn.qkv_proj', 'TrainableParams': {'weight': [3072, 2048]}, 'Outputs': [[8192, 3072]]}
0.0%	13.160 μs	6	2.193 μs	1.547 μs	1.402 μs	5.351 μs	1.556 μs	PushPop	:{'Module': 'LlamaForCausalLM.model.embed_tokens', 'TrainableParams': {'weight': [128256, 2048]}, 'Outputs': [[8192, 2048]]}
0.0%	12.358 μs	6	2.059 μs	1.550 μs	1.310 μs	4.665 μs	1.291 μs	PushPop	:{'Module': 'LlamaForCausalLM.model.layers.0.self_attn.qkv_proj', 'TrainableParams': {'weight': [3072, 2048]}, 'Outputs': [[8192, 3072]]}
0.0%	11.946 μs	6	1.991 μs	1.405 μs	1.383 μs	4.775 μs	1.365 μs	PushPop	:{'Module': 'LlamaForCausalLM.model.layers.0.self_attn.attn', 'Outputs': [[8192, 2048]]}
0.0%	11.411 μs	1	11.411 μs	11.411 μs	11.411 μs	11.411 μs	0 ns	PushPop	:{'Module': 'LlamaForCausalLM.model.layers.11.self_attn.o_proj', 'TrainableParams': {'weight': [2048, 2048]}, 'Outputs': [[52, 2048]]}
0.0%	11.318 μs	6	1.886 μs	1.424 μs	1.261 μs	4.363 μs	1.215 μs	PushPop	:{'Module': 'LlamaForCausalLM.model.layers.5.self_attn.attn', 'Outputs': [[8192, 2048]]}
0.0%	11.066 μs	6	1.844 μs	1.266 μs	1.154 μs	4.804 μs	1.452 μs	PushPop	:{'Module': 'LlamaForCausalLM.model.layers.15.self_attn.o_proj', 'TrainableParams': {'weight': [2048, 2048]}, 'Outputs': [[8192, 2048]]}
0.0%	11.053 μs	6	1.842 μs	1.340 μs	1.102 μs	3.114 μs	893 ns	PushPop	:{'Module': 'LlamaForCausalLM.model.layers.13.input_layernorm', 'TrainableParams': {'weight': [2048]}, 'Outputs': [[8192, 2048], [8192, 2048]]}
0.0%	11.013 μs	1	11.013 μs	11.013 μs	11.013 μs	11.013 μs	0 ns	PushPop	:{'Module': 'LlamaForCausalLM.model.layers.12.mlp', 'Outputs': [[512, 2048]]}
0.0%	10.954 μs	6	1.825 μs	1.295 μs	1.199 μs	4.529 μs	1.325 μs	PushPop	:{'Module': 'LlamaForCausalLM.model.layers.1.self_attn.o_proj', 'TrainableParams': {'weight': [2048, 2048]}, 'Outputs': [[8192, 2048]]}
0.0%	10.952 μs	6	1.825 μs	1.249 μs	1.161 μs	4.563 μs	1.349 μs	PushPop	:{'Module': 'LlamaForCausalLM.model.layers.12.self_attn.o_proj', 'TrainableParams': {'weight': [2048, 2048]}, 'Outputs': [[8192, 2048]]}
0.0%	10.642 μs	6	1.773 μs	1.319 μs	1.256 μs	4.054 μs	1.119 μs	PushPop	:{'Module': 'LlamaForCausalLM.model.layers.6.self_attn.o_proj', 'TrainableParams': {'weight': [2048, 2048]}, 'Outputs': [[8192, 2048]]}
0.0%	10.577 μs	6	1.762 μs	1.317 μs	1.147 μs	4.192 μs	1.192 μs	PushPop	:{'Module': 'LlamaForCausalLM.model.layers.0.post_attention_layernorm', 'TrainableParams': {'weight': [2048]}, 'Outputs': [[8192, 2048], [8192, 2048]]}
0.0%	10.431 μs	6	1.738 μs	1.336 μs	1.177 μs	3.895 μs	1.060 μs	PushPop	:{'Module': 'LlamaForCausalLM.model.layers.5.post_attention_layernorm', 'TrainableParams': {'weight': [2048]}, 'Outputs': [[8192, 2048], [8192, 2048]]}
0.0%	10.072 μs	6	1.678 μs	1.299 μs	1.159 μs	3.702 μs	993 ns	PushPop	:{'Module': 'LlamaForCausalLM.model.layers.14.post_attention_layernorm', 'TrainableParams': {'weight': [2048]}, 'Outputs': [[8192, 2048], [8192, 2048]]}
0.0%	9.832 μs	6	1.638 μs	1.232 μs	1.170 μs	3.734 μs	1.026 μs	PushPop	:{'Module': 'LlamaForCausalLM.model.layers.3.mlp.down_proj', 'TrainableParams': {'weight': [2048, 8192]}, 'Outputs': [[8192, 2048]]}
0.0%	9.749 μs	6	1.624 μs	1.344 μs	1.166 μs	3.169 μs	762 ns	PushPop	:{'Module': 'LlamaForCausalLM.model.layers.7.input_layernorm', 'TrainableParams': {'weight': [2048]}, 'Outputs': [[8192, 2048], [8192, 2048]]}
0.0%	9.741 μs	6	1.623 μs	1.202 μs	1.101 μs	3.829 μs	1.081 μs	PushPop	:{'Module': 'LlamaForCausalLM.model.layers.7.mlp.gate_up_proj', 'TrainableParams': {'weight': [16384, 2048]}, 'Outputs': [[8192, 16384]]}
0.0%	9.635 μs	6	1.605 μs	1.202 μs	821 ns	4.207 μs	1.286 μs	PushPop	:{'Module': 'LlamaForCausalLM.model.layers.10.self_attn', 'Outputs': [[8192, 2048]]}
0.0%	9.618 μs	6	1.603 μs	1.316 μs	1.217 μs	3.131 μs	752 ns	PushPop	:{'Module': 'LlamaForCausalLM.model.layers.2.input_layernorm', 'TrainableParams': {'weight': [2048]}, 'Outputs': [[8192, 2048], [8192, 2048]]}
0.0%	9.397 μs	6	1.566 μs	1.264 μs	1.168 μs	3.171 μs	788 ns	PushPop	:{'Module': 'LlamaForCausalLM.model.layers.4.input_layernorm', 'TrainableParams': {'weight': [2048]}, 'Outputs': [[8192, 2048], [8192, 2048]]}
0.0%	9.396 μs	6	1.566 μs	1.217 μs	1.088 μs	3.486 μs	942 ns	PushPop	:{'Module': 'LlamaForCausalLM.model.layers.9.self_attn.qkv_proj', 'TrainableParams': {'weight': [3072, 2048]}, 'Outputs': [[8192, 3072]]}
0.0%	9.304 μs	6	1.550 μs	1.139 μs	1.076 μs	3.643 μs	1.025 μs	PushPop	:{'Module': 'LlamaForCausalLM.model.layers.15.self_attn.qkv_proj', 'TrainableParams': {'weight': [3072, 2048]}, 'Outputs': [[8192, 3072]]}
0.0%	9.252 μs	6	1.542 μs	1.203 μs	1.099 μs	3.312 μs	872 ns	PushPop	:{'Module': 'LlamaForCausalLM.model.layers.1.mlp.gate_up_proj', 'TrainableParams': {'weight': [16384, 2048]}, 'Outputs': [[8192, 16384]]}
0.0%	9.248 μs	6	1.541 μs	980 ns	932 ns	4.362 μs	1.382 μs	PushPop	:{'Module': 'LlamaForCausalLM.model.layers.13.self_attn', 'Outputs': [[8192, 2048]]}
0.0%	9.112 μs	6	1.518 μs	1.159 μs	990 ns	3.523 μs	984 ns	PushPop	:{'Module': 'LlamaForCausalLM.model.layers.6.self_attn.qkv_proj', 'TrainableParams': {'weight': [3072, 2048]}, 'Outputs': [[8192, 3072]]}
0.0%	9.048 μs	6	1.508 μs	1.191 μs	1.099 μs	3.089 μs	780 ns	PushPop	:{'Module': 'LlamaForCausalLM.model.norm', 'TrainableParams': {'weight': [2048]}, 'Outputs': [[8192, 2048], [8192, 2048]]}
0.0%	8.930 μs	6	1.488 μs	1.463 μs	1.183 μs	1.870 μs	240 ns	PushPop	:{'Module': 'LlamaForCausalLM.model.layers.0.self_attn.o_proj', 'TrainableParams': {'weight': [2048, 2048]}, 'Outputs': [[8192, 2048]]}
0.0%	8.874 μs	6	1.479 μs	1.083 μs	954 ns	3.456 μs	975 ns	PushPop	:{'Module': 'LlamaForCausalLM.model.layers.2.mlp.act_fn', 'Outputs': [[8192, 8192]]}
0.0%	8.798 μs	6	1.466 μs	1.162 μs	1.092 μs	3.053 μs	777 ns	PushPop	:{'Module': 'LlamaForCausalLM.model.layers.13.mlp.gate_up_proj', 'TrainableParams': {'weight': [16384, 2048]}, 'Outputs': [[8192, 16384]]}
0.0%	8.771 μs	6	1.461 μs	1.430 μs	1.351 μs	1.630 μs	103 ns	PushPop	:{'Module': 'LlamaForCausalLM.model.layers.8.self_attn.attn', 'Outputs': [[8192, 2048]]}
0.0%	8.707 μs	6	1.451 μs	1.426 μs	1.309 μs	1.711 μs	135 ns	PushPop	:{'Module': 'LlamaForCausalLM.model.layers.3.self_attn.attn', 'Outputs': [[8192, 2048]]}
0.0%	8.688 μs	1	8.688 μs	8.688 μs	8.688 μs	8.688 μs	0 ns	PushPop	:{'Module': 'LlamaForCausalLM.model.layers.13.self_attn.o_proj', 'TrainableParams': {'weight': [2048, 2048]}, 'Outputs': [[84, 2048]]}
0.0%	8.469 μs	6	1.411 μs	1.011 μs	863 ns	3.591 μs	1.069 μs	PushPop	:{'Module': 'LlamaForCausalLM.model.layers.4.self_attn', 'Outputs': [[8192, 2048]]}
0.0%	8.460 μs	6	1.410 μs	1.361 μs	1.308 μs	1.607 μs	109 ns	PushPop	:{'Module': 'LlamaForCausalLM.model.layers.10.self_attn.attn', 'Outputs': [[8192, 2048]]}
0.0%	8.449 μs	6	1.408 μs	1.396 μs	1.357 μs	1.497 μs	56 ns	PushPop	:{'Module': 'LlamaForCausalLM.model.layers.13.self_attn.attn', 'Outputs': [[8192, 2048]]}
0.0%	8.416 μs	6	1.402 μs	1.329 μs	1.194 μs	1.766 μs	203 ns	PushPop	:{'Module': 'LlamaForCausalLM.model.layers.2.self_attn.o_proj', 'TrainableParams': {'weight': [2048, 2048]}, 'Outputs': [[8192, 2048]]}
0.0%	8.409 μs	6	1.401 μs	1.409 μs	1.351 μs	1.435 μs	30 ns	PushPop	:{'Module': 'LlamaForCausalLM.model.layers.7.self_attn.attn', 'Outputs': [[8192, 2048]]}
0.0%	8.406 μs	6	1.401 μs	1.398 μs	1.276 μs	1.520 μs	86 ns	PushPop	:{'Module': 'LlamaForCausalLM.model.layers.2.self_attn.attn', 'Outputs': [[8192, 2048]]}
0.0%	8.396 μs	6	1.399 μs	1.313 μs	1.221 μs	1.653 μs	196 ns	PushPop	:{'Module': 'LlamaForCausalLM.model.layers.8.post_attention_layernorm', 'TrainableParams': {'weight': [2048]}, 'Outputs': [[8192, 2048], [8192, 2048]]}
0.0%	8.395 μs	6	1.399 μs	1.348 μs	1.297 μs	1.608 μs	119 ns	PushPop	:{'Module': 'LlamaForCausalLM.model.layers.15.self_attn.attn', 'Outputs': [[8192, 2048]]}
0.0%	8.363 μs	6	1.393 μs	1.376 μs	1.336 μs	1.471 μs	53 ns	PushPop	:{'Module': 'LlamaForCausalLM.model.layers.1.self_attn.attn', 'Outputs': [[8192, 2048]]}
0.0%	8.329 μs	6	1.388 μs	1.033 μs	879 ns	3.278 μs	930 ns	PushPop	:{'Module': 'LlamaForCausalLM.model.layers.8.mlp.act_fn', 'Outputs': [[8192, 8192]]}
0.0%	8.319 μs	6	1.386 μs	1.400 μs	1.251 μs	1.464 μs	76 ns	PushPop	:{'Module': 'LlamaForCausalLM.model.layers.14.self_attn.attn', 'Outputs': [[8192, 2048]]}
0.0%	8.277 μs	6	1.379 μs	1.358 μs	1.256 μs	1.518 μs	100 ns	PushPop	:{'Module': 'LlamaForCausalLM.model.layers.6.self_attn.attn', 'Outputs': [[8192, 2048]]}
0.0%	8.271 μs	6	1.378 μs	1.045 μs	983 ns	2.994 μs	794 ns	PushPop	:{'Module': 'LlamaForCausalLM.model.layers.5', 'Outputs': [[8192, 2048], [8192, 2048]]}
0.0%	8.237 μs	6	1.372 μs	1.374 μs	1.259 μs	1.520 μs	100 ns	PushPop	:{'Module': 'LlamaForCausalLM.model.layers.4.self_attn.attn', 'Outputs': [[8192, 2048]]}
0.0%	8.220 μs	6	1.370 μs	1.278 μs	1.211 μs	1.683 μs	193 ns	PushPop	:{'Module': 'LlamaForCausalLM.model.layers.8.self_attn.o_proj', 'TrainableParams': {'weight': [2048, 2048]}, 'Outputs': [[8192, 2048]]}
0.0%	8.207 μs	6	1.367 μs	1.375 μs	1.278 μs	1.450 μs	55 ns	PushPop	:{'Module': 'LlamaForCausalLM.model.layers.9.self_attn.attn', 'Outputs': [[8192, 2048]]}
0.0%	8.196 μs	6	1.366 μs	1.330 μs	1.274 μs	1.554 μs	103 ns	PushPop	:{'Module': 'LlamaForCausalLM.model.layers.12.self_attn.attn', 'Outputs': [[8192, 2048]]}
0.0%	8.143 μs	6	1.357 μs	1.311 μs	1.232 μs	1.519 μs	125 ns	PushPop	:{'Module': 'LlamaForCausalLM.model.layers.6.input_layernorm', 'TrainableParams': {'weight': [2048]}, 'Outputs': [[8192, 2048], [8192, 2048]]}
0.0%	8.115 μs	6	1.352 μs	993 ns	901 ns	3.221 μs	917 ns	PushPop	:{'Module': 'LlamaForCausalLM.model.layers.14', 'Outputs': [[8192, 2048], [8192, 2048]]}
0.0%	8.100 μs	6	1.350 μs	1.289 μs	1.049 μs	1.722 μs	228 ns	PushPop	:{'Module': 'LlamaForCausalLM.model.layers.0.input_layernorm', 'TrainableParams': {'weight': [2048]}, 'Outputs': [[8192, 2048]]}
0.0%	8.050 μs	6	1.341 μs	1.274 μs	1.096 μs	1.877 μs	282 ns	PushPop	:{'Module': 'LlamaForCausalLM.model.layers.4.mlp.down_proj', 'TrainableParams': {'weight': [2048, 8192]}, 'Outputs': [[8192, 2048]]}
0.0%	8.029 μs	6	1.338 μs	1.326 μs	1.196 μs	1.449 μs	97 ns	PushPop	:{'Module': 'LlamaForCausalLM.model.layers.7.self_attn.o_proj', 'TrainableParams': {'weight': [2048, 2048]}, 'Outputs': [[8192, 2048]]}
0.0%	8.018 μs	6	1.336 μs	988 ns	871 ns	3.208 μs	918 ns	PushPop	:{'Module': 'LlamaForCausalLM.model.layers.7.mlp', 'Outputs': [[8192, 2048]]}
0.0%	8.007 μs	6	1.334 μs	1.297 μs	1.163 μs	1.678 μs	177 ns	PushPop	:{'Module': 'LlamaForCausalLM.model.layers.2.post_attention_layernorm', 'TrainableParams': {'weight': [2048]}, 'Outputs': [[8192, 2048], [8192, 2048]]}
0.0%	7.995 μs	6	1.332 μs	1.337 μs	1.178 μs	1.505 μs	119 ns	PushPop	:{'Module': 'LlamaForCausalLM.model.layers.10.self_attn.o_proj', 'TrainableParams': {'weight': [2048, 2048]}, 'Outputs': [[8192, 2048]]}
0.0%	7.925 μs	6	1.320 μs	1.312 μs	1.222 μs	1.417 μs	76 ns	PushPop	:{'Module': 'LlamaForCausalLM.model.layers.3.self_attn.o_proj', 'TrainableParams': {'weight': [2048, 2048]}, 'Outputs': [[8192, 2048]]}
0.0%	7.903 μs	1	7.903 μs	7.903 μs	7.903 μs	7.903 μs	0 ns	PushPop	:{'Module': 'LlamaForCausalLM.model.layers.10.self_attn.qkv_proj', 'TrainableParams': {'weight': [3072, 2048]}, 'Outputs': [[68, 3072]]}
0.0%	7.903 μs	6	1.317 μs	1.280 μs	1.235 μs	1.534 μs	113 ns	PushPop	:{'Module': 'LlamaForCausalLM.model.layers.4.self_attn.o_proj', 'TrainableParams': {'weight': [2048, 2048]}, 'Outputs': [[8192, 2048]]}
0.0%	7.902 μs	6	1.317 μs	1.269 μs	1.194 μs	1.590 μs	147 ns	PushPop	:{'Module': 'LlamaForCausalLM.model.layers.13.self_attn.o_proj', 'TrainableParams': {'weight': [2048, 2048]}, 'Outputs': [[8192, 2048]]}
0.0%	7.851 μs	6	1.308 μs	1.186 μs	1.085 μs	2.058 μs	370 ns	PushPop	:{'Module': 'LlamaForCausalLM.model.layers.0.mlp.gate_up_proj', 'TrainableParams': {'weight': [16384, 2048]}, 'Outputs': [[8192, 16384]]}
0.0%	7.832 μs	6	1.305 μs	1.288 μs	1.123 μs	1.539 μs	136 ns	PushPop	:{'Module': 'LlamaForCausalLM.model.layers.5.input_layernorm', 'TrainableParams': {'weight': [2048]}, 'Outputs': [[8192, 2048], [8192, 2048]]}
0.0%	7.811 μs	6	1.301 μs	1.292 μs	1.258 μs	1.359 μs	36 ns	PushPop	:{'Module': 'LlamaForCausalLM.model.layers.3.post_attention_layernorm', 'TrainableParams': {'weight': [2048]}, 'Outputs': [[8192, 2048], [8192, 2048]]}
0.0%	7.803 μs	1	7.803 μs	7.803 μs	7.803 μs	7.803 μs	0 ns	PushPop	:{'Module': 'LlamaForCausalLM.model.layers.7.input_layernorm', 'TrainableParams': {'weight': [2048]}, 'Outputs': [[20, 2048], [20, 2048]]}
0.0%	7.802 μs	6	1.300 μs	1.291 μs	1.249 μs	1.396 μs	55 ns	PushPop	:{'Module': 'LlamaForCausalLM.model.layers.5.self_attn.o_proj', 'TrainableParams': {'weight': [2048, 2048]}, 'Outputs': [[8192, 2048]]}
0.0%	7.778 μs	6	1.296 μs	1.324 μs	1.145 μs	1.394 μs	94 ns	PushPop	:{'Module': 'LlamaForCausalLM.model.layers.14.self_attn.o_proj', 'TrainableParams': {'weight': [2048, 2048]}, 'Outputs': [[8192, 2048]]}
0.0%	7.764 μs	6	1.294 μs	1.226 μs	1.157 μs	1.625 μs	171 ns	PushPop	:{'Module': 'LlamaForCausalLM.model.layers.9.post_attention_layernorm', 'TrainableParams': {'weight': [2048]}, 'Outputs': [[8192, 2048], [8192, 2048]]}
0.0%	7.762 μs	6	1.293 μs	1.277 μs	1.186 μs	1.488 μs	105 ns	PushPop	:{'Module': 'LlamaForCausalLM.model.layers.15.input_layernorm', 'TrainableParams': {'weight': [2048]}, 'Outputs': [[8192, 2048], [8192, 2048]]}
0.0%	7.715 μs	6	1.285 μs	1.270 μs	1.231 μs	1.347 μs	48 ns	PushPop	:{'Module': 'LlamaForCausalLM.model.layers.13.post_attention_layernorm', 'TrainableParams': {'weight': [2048]}, 'Outputs': [[8192, 2048], [8192, 2048]]}
0.0%	7.677 μs	6	1.279 μs	1.245 μs	1.214 μs	1.463 μs	94 ns	PushPop	:{'Module': 'LlamaForCausalLM.model.layers.9.input_layernorm', 'TrainableParams': {'weight': [2048]}, 'Outputs': [[8192, 2048], [8192, 2048]]}
0.0%	7.672 μs	6	1.278 μs	1.282 μs	1.146 μs	1.376 μs	91 ns	PushPop	:{'Module': 'LlamaForCausalLM.model.layers.10.post_attention_layernorm', 'TrainableParams': {'weight': [2048]}, 'Outputs': [[8192, 2048], [8192, 2048]]}
0.0%	7.645 μs	6	1.274 μs	1.234 μs	1.155 μs	1.416 μs	115 ns	PushPop	:{'Module': 'LlamaForCausalLM.model.layers.3.mlp.gate_up_proj', 'TrainableParams': {'weight': [16384, 2048]}, 'Outputs': [[8192, 16384]]}
0.0%	7.637 μs	6	1.272 μs	1.272 μs	1.245 μs	1.314 μs	24 ns	PushPop	:{'Module': 'LlamaForCausalLM.model.layers.7.post_attention_layernorm', 'TrainableParams': {'weight': [2048]}, 'Outputs': [[8192, 2048], [8192, 2048]]}
0.0%	7.620 μs	6	1.270 μs	1.265 μs	1.166 μs	1.403 μs	83 ns	PushPop	:{'Module': 'LlamaForCausalLM.model.layers.8.input_layernorm', 'TrainableParams': {'weight': [2048]}, 'Outputs': [[8192, 2048], [8192, 2048]]}
0.0%	7.614 μs	6	1.269 μs	1.249 μs	1.156 μs	1.385 μs	90 ns	PushPop	:{'Module': 'LlamaForCausalLM.model.layers.11.self_attn.o_proj', 'TrainableParams': {'weight': [2048, 2048]}, 'Outputs': [[8192, 2048]]}
0.0%	7.600 μs	6	1.266 μs	1.244 μs	1.227 μs	1.385 μs	59 ns	PushPop	:{'Module': 'LlamaForCausalLM.model.layers.12.post_attention_layernorm', 'TrainableParams': {'weight': [2048]}, 'Outputs': [[8192, 2048], [8192, 2048]]}
0.0%	7.577 μs	6	1.262 μs	1.241 μs	1.151 μs	1.456 μs	115 ns	PushPop	:{'Module': 'LlamaForCausalLM.model.layers.1.mlp.down_proj', 'TrainableParams': {'weight': [2048, 8192]}, 'Outputs': [[8192, 2048]]}
0.0%	7.568 μs	6	1.261 μs	887 ns	803 ns	3.100 μs	904 ns	PushPop	:{'Module': 'LlamaForCausalLM.model.layers.1.mlp', 'Outputs': [[8192, 2048]]}
0.0%	7.560 μs	6	1.260 μs	1.225 μs	1.188 μs	1.407 μs	82 ns	PushPop	:{'Module': 'LlamaForCausalLM.model.layers.0.mlp.down_proj', 'TrainableParams': {'weight': [2048, 8192]}, 'Outputs': [[8192, 2048]]}
0.0%	7.533 μs	6	1.255 μs	1.254 μs	1.196 μs	1.336 μs	49 ns	PushPop	:{'Module': 'LlamaForCausalLM.model.layers.4.post_attention_layernorm', 'TrainableParams': {'weight': [2048]}, 'Outputs': [[8192, 2048], [8192, 2048]]}
0.0%	7.509 μs	6	1.251 μs	1.247 μs	1.195 μs	1.339 μs	48 ns	PushPop	:{'Module': 'LlamaForCausalLM.model.layers.3.input_layernorm', 'TrainableParams': {'weight': [2048]}, 'Outputs': [[8192, 2048], [8192, 2048]]}
0.0%	7.504 μs	6	1.250 μs	1.258 μs	1.186 μs	1.306 μs	49 ns	PushPop	:{'Module': 'LlamaForCausalLM.model.layers.11.mlp.down_proj', 'TrainableParams': {'weight': [2048, 8192]}, 'Outputs': [[8192, 2048]]}
0.0%	7.479 μs	6	1.246 μs	1.188 μs	1.096 μs	1.597 μs	179 ns	PushPop	:{'Module': 'LlamaForCausalLM.model.layers.8.mlp.down_proj', 'TrainableParams': {'weight': [2048, 8192]}, 'Outputs': [[8192, 2048]]}
0.0%	7.463 μs	6	1.243 μs	1.252 μs	1.166 μs	1.294 μs	45 ns	PushPop	:{'Module': 'LlamaForCausalLM.model.layers.1.post_attention_layernorm', 'TrainableParams': {'weight': [2048]}, 'Outputs': [[8192, 2048], [8192, 2048]]}
0.0%	7.442 μs	6	1.240 μs	1.257 μs	1.143 μs	1.348 μs	77 ns	PushPop	:{'Module': 'LlamaForCausalLM.model.layers.9.self_attn.o_proj', 'TrainableParams': {'weight': [2048, 2048]}, 'Outputs': [[8192, 2048]]}
0.0%	7.437 μs	6	1.239 μs	1.242 μs	1.138 μs	1.348 μs	82 ns	PushPop	:{'Module': 'LlamaForCausalLM.model.layers.15.post_attention_layernorm', 'TrainableParams': {'weight': [2048]}, 'Outputs': [[8192, 2048], [8192, 2048]]}
0.0%	7.419 μs	6	1.236 μs	1.253 μs	1.091 μs	1.296 μs	76 ns	PushPop	:{'Module': 'LlamaForCausalLM.model.layers.6.mlp.down_proj', 'TrainableParams': {'weight': [2048, 8192]}, 'Outputs': [[8192, 2048]]}
0.0%	7.392 μs	6	1.232 μs	1.228 μs	1.136 μs	1.321 μs	77 ns	PushPop	:{'Module': 'LlamaForCausalLM.model.layers.11.input_layernorm', 'TrainableParams': {'weight': [2048]}, 'Outputs': [[8192, 2048], [8192, 2048]]}
0.0%	7.390 μs	6	1.231 μs	1.165 μs	1.112 μs	1.592 μs	179 ns	PushPop	:{'Module': 'LlamaForCausalLM.model.layers.8.self_attn.qkv_proj', 'TrainableParams': {'weight': [3072, 2048]}, 'Outputs': [[8192, 3072]]}
0.0%	7.372 μs	6	1.228 μs	1.225 μs	1.112 μs	1.355 μs	96 ns	PushPop	:{'Module': 'LlamaForCausalLM.model.layers.10.input_layernorm', 'TrainableParams': {'weight': [2048]}, 'Outputs': [[8192, 2048], [8192, 2048]]}
0.0%	7.362 μs	6	1.227 μs	1.228 μs	1.126 μs	1.323 μs	67 ns	PushPop	:{'Module': 'LlamaForCausalLM.model.layers.10.mlp.down_proj', 'TrainableParams': {'weight': [2048, 8192]}, 'Outputs': [[8192, 2048]]}
0.0%	7.351 μs	6	1.225 μs	1.220 μs	1.188 μs	1.285 μs	36 ns	PushPop	:{'Module': 'LlamaForCausalLM.model.layers.7.mlp.down_proj', 'TrainableParams': {'weight': [2048, 8192]}, 'Outputs': [[8192, 2048]]}
0.0%	7.349 μs	6	1.224 μs	1.176 μs	1.149 μs	1.348 μs	94 ns	PushPop	:{'Module': 'LlamaForCausalLM.model.layers.14.mlp.down_proj', 'TrainableParams': {'weight': [2048, 8192]}, 'Outputs': [[8192, 2048]]}
0.0%	7.331 μs	6	1.221 μs	1.193 μs	1.110 μs	1.506 μs	145 ns	PushPop	:{'Module': 'LlamaForCausalLM.model.layers.2.self_attn.qkv_proj', 'TrainableParams': {'weight': [3072, 2048]}, 'Outputs': [[8192, 3072]]}
0.0%	7.330 μs	6	1.221 μs	1.195 μs	1.164 μs	1.389 μs	83 ns	PushPop	:{'Module': 'LlamaForCausalLM.model.layers.12.input_layernorm', 'TrainableParams': {'weight': [2048]}, 'Outputs': [[8192, 2048], [8192, 2048]]}
0.0%	7.319 μs	6	1.219 μs	1.200 μs	1.147 μs	1.301 μs	62 ns	PushPop	:{'Module': 'LlamaForCausalLM.model.layers.14.input_layernorm', 'TrainableParams': {'weight': [2048]}, 'Outputs': [[8192, 2048], [8192, 2048]]}
0.0%	7.305 μs	6	1.217 μs	1.214 μs	1.106 μs	1.336 μs	77 ns	PushPop	:{'Module': 'LlamaForCausalLM.model.layers.6.post_attention_layernorm', 'TrainableParams': {'weight': [2048]}, 'Outputs': [[8192, 2048], [8192, 2048]]}
0.0%	7.284 μs	6	1.214 μs	1.211 μs	1.149 μs	1.276 μs	57 ns	PushPop	:{'Module': 'LlamaForCausalLM.model.layers.11.post_attention_layernorm', 'TrainableParams': {'weight': [2048]}, 'Outputs': [[8192, 2048], [8192, 2048]]}
0.0%	7.271 μs	6	1.211 μs	1.190 μs	1.134 μs	1.321 μs	78 ns	PushPop	:{'Module': 'LlamaForCausalLM.model.layers.5.mlp.down_proj', 'TrainableParams': {'weight': [2048, 8192]}, 'Outputs': [[8192, 2048]]}
0.0%	7.270 μs	6	1.211 μs	1.222 μs	1.150 μs	1.261 μs	44 ns	PushPop	:{'Module': 'LlamaForCausalLM.model.layers.2.mlp.down_proj', 'TrainableParams': {'weight': [2048, 8192]}, 'Outputs': [[8192, 2048]]}
0.0%	7.267 μs	6	1.211 μs	1.184 μs	1.047 μs	1.495 μs	149 ns	PushPop	:{'Module': 'LlamaForCausalLM.model.layers.5.self_attn.qkv_proj', 'TrainableParams': {'weight': [3072, 2048]}, 'Outputs': [[8192, 3072]]}
0.0%	7.261 μs	6	1.210 μs	1.241 μs	1.074 μs	1.306 μs	87 ns	PushPop	:{'Module': 'LlamaForCausalLM.model.layers.1.input_layernorm', 'TrainableParams': {'weight': [2048]}, 'Outputs': [[8192, 2048], [8192, 2048]]}
0.0%	7.256 μs	6	1.209 μs	1.186 μs	1.035 μs	1.497 μs	155 ns	PushPop	:{'Module': 'LlamaForCausalLM.model.layers.15.mlp.gate_up_proj', 'TrainableParams': {'weight': [16384, 2048]}, 'Outputs': [[8192, 16384]]}
0.0%	7.247 μs	6	1.207 μs	1.135 μs	1.069 μs	1.442 μs	166 ns	PushPop	:{'Module': 'LlamaForCausalLM.model.layers.0.mlp.act_fn', 'Outputs': [[8192, 8192]]}
0.0%	7.151 μs	1	7.151 μs	7.151 μs	7.151 μs	7.151 μs	0 ns	PushPop	:{'Module': 'LlamaForCausalLM.model.layers.3.input_layernorm', 'TrainableParams': {'weight': [2048]}, 'Outputs': [[1873, 2048], [1873, 2048]]}
0.0%	7.125 μs	6	1.187 μs	1.139 μs	1.045 μs	1.491 μs	158 ns	PushPop	:{'Module': 'LlamaForCausalLM.model.layers.13.self_attn.qkv_proj', 'TrainableParams': {'weight': [3072, 2048]}, 'Outputs': [[8192, 3072]]}
0.0%	7.113 μs	6	1.185 μs	1.143 μs	1.063 μs	1.467 μs	145 ns	PushPop	:{'Module': 'LlamaForCausalLM.model.layers.7.self_attn.qkv_proj', 'TrainableParams': {'weight': [3072, 2048]}, 'Outputs': [[8192, 3072]]}
0.0%	7.091 μs	6	1.181 μs	1.179 μs	1.124 μs	1.231 μs	38 ns	PushPop	:{'Module': 'LlamaForCausalLM.model.layers.2.mlp.gate_up_proj', 'TrainableParams': {'weight': [16384, 2048]}, 'Outputs': [[8192, 16384]]}
0.0%	7.089 μs	6	1.181 μs	1.174 μs	1.099 μs	1.298 μs	75 ns	PushPop	:{'Module': 'LlamaForCausalLM.model.layers.9.mlp.down_proj', 'TrainableParams': {'weight': [2048, 8192]}, 'Outputs': [[8192, 2048]]}
0.0%	7.086 μs	6	1.181 μs	1.193 μs	1.074 μs	1.252 μs	69 ns	PushPop	:{'Module': 'LlamaForCausalLM.model.layers.11.self_attn.qkv_proj', 'TrainableParams': {'weight': [3072, 2048]}, 'Outputs': [[8192, 3072]]}
0.0%	7.080 μs	6	1.180 μs	1.163 μs	1.079 μs	1.317 μs	86 ns	PushPop	:{'Module': 'LlamaForCausalLM.model.layers.6.mlp.gate_up_proj', 'TrainableParams': {'weight': [16384, 2048]}, 'Outputs': [[8192, 16384]]}
0.0%	7.072 μs	6	1.178 μs	1.176 μs	1.087 μs	1.281 μs	84 ns	PushPop	:{'Module': 'LlamaForCausalLM.model.layers.5.mlp.gate_up_proj', 'TrainableParams': {'weight': [16384, 2048]}, 'Outputs': [[8192, 16384]]}
0.0%	7.065 μs	6	1.177 μs	1.179 μs	1.079 μs	1.284 μs	73 ns	PushPop	:{'Module': 'LlamaForCausalLM.model.layers.13.mlp.down_proj', 'TrainableParams': {'weight': [2048, 8192]}, 'Outputs': [[8192, 2048]]}
0.0%	7.061 μs	6	1.176 μs	1.168 μs	1.126 μs	1.268 μs	48 ns	PushPop	:{'Module': 'LlamaForCausalLM.model.layers.1.self_attn.qkv_proj', 'TrainableParams': {'weight': [3072, 2048]}, 'Outputs': [[8192, 3072]]}
0.0%	6.990 μs	6	1.165 μs	1.161 μs	1.113 μs	1.236 μs	40 ns	PushPop	:{'Module': 'LlamaForCausalLM.model.layers.15.mlp.down_proj', 'TrainableParams': {'weight': [2048, 8192]}, 'Outputs': [[8192, 2048]]}
0.0%	6.946 μs	6	1.157 μs	1.149 μs	1.087 μs	1.259 μs	56 ns	PushPop	:{'Module': 'LlamaForCausalLM.model.layers.4.self_attn.qkv_proj', 'TrainableParams': {'weight': [3072, 2048]}, 'Outputs': [[8192, 3072]]}
0.0%	6.941 μs	6	1.156 μs	1.110 μs	1.039 μs	1.368 μs	117 ns	PushPop	:{'Module': 'LlamaForCausalLM.model.layers.10.self_attn.qkv_proj', 'TrainableParams': {'weight': [3072, 2048]}, 'Outputs': [[8192, 3072]]}
0.0%	6.936 μs	6	1.156 μs	1.154 μs	1.054 μs	1.284 μs	79 ns	PushPop	:{'Module': 'LlamaForCausalLM.model.layers.9.mlp.gate_up_proj', 'TrainableParams': {'weight': [16384, 2048]}, 'Outputs': [[8192, 16384]]}
0.0%	6.911 μs	6	1.151 μs	1.158 μs	1.088 μs	1.206 μs	50 ns	PushPop	:{'Module': 'LlamaForCausalLM.model.layers.14.mlp.gate_up_proj', 'TrainableParams': {'weight': [16384, 2048]}, 'Outputs': [[8192, 16384]]}
0.0%	6.910 μs	6	1.151 μs	1.117 μs	1.011 μs	1.432 μs	150 ns	PushPop	:{'Module': 'LlamaForCausalLM.model.layers.4.mlp.gate_up_proj', 'TrainableParams': {'weight': [16384, 2048]}, 'Outputs': [[8192, 16384]]}
0.0%	6.888 μs	6	1.148 μs	1.164 μs	1.051 μs	1.193 μs	52 ns	PushPop	:{'Module': 'LlamaForCausalLM.model.layers.8.mlp.gate_up_proj', 'TrainableParams': {'weight': [16384, 2048]}, 'Outputs': [[8192, 16384]]}
0.0%	6.877 μs	6	1.146 μs	1.144 μs	1.088 μs	1.205 μs	42 ns	PushPop	:{'Module': 'LlamaForCausalLM.model.layers.10.mlp.gate_up_proj', 'TrainableParams': {'weight': [16384, 2048]}, 'Outputs': [[8192, 16384]]}
0.0%	6.820 μs	6	1.136 μs	1.116 μs	998 ns	1.393 μs	138 ns	PushPop	:{'Module': 'LlamaForCausalLM.model.layers.7.mlp.act_fn', 'Outputs': [[8192, 8192]]}
0.0%	6.781 μs	6	1.130 μs	1.120 μs	1.096 μs	1.202 μs	39 ns	PushPop	:{'Module': 'LlamaForCausalLM.model.layers.12.self_attn.qkv_proj', 'TrainableParams': {'weight': [3072, 2048]}, 'Outputs': [[8192, 3072]]}
0.0%	6.768 μs	6	1.128 μs	1.119 μs	1.092 μs	1.176 μs	38 ns	PushPop	:{'Module': 'LlamaForCausalLM.model.layers.12.mlp.gate_up_proj', 'TrainableParams': {'weight': [16384, 2048]}, 'Outputs': [[8192, 16384]]}
0.0%	6.765 μs	6	1.127 μs	1.022 μs	992 ns	1.554 μs	221 ns	PushPop	:{'Module': 'LlamaForCausalLM.model.layers.1.mlp.act_fn', 'Outputs': [[8192, 8192]]}
0.0%	6.741 μs	6	1.123 μs	1.105 μs	970 ns	1.318 μs	129 ns	PushPop	:{'Module': 'LlamaForCausalLM.model.layers.14.self_attn.qkv_proj', 'TrainableParams': {'weight': [3072, 2048]}, 'Outputs': [[8192, 3072]]}
0.0%	6.733 μs	6	1.122 μs	1.122 μs	1.090 μs	1.152 μs	26 ns	PushPop	:{'Module': 'LlamaForCausalLM.model.layers.11.mlp.gate_up_proj', 'TrainableParams': {'weight': [16384, 2048]}, 'Outputs': [[8192, 16384]]}
0.0%	6.678 μs	6	1.113 μs	1.044 μs	969 ns	1.335 μs	143 ns	PushPop	:{'Module': 'LlamaForCausalLM.model.layers.3', 'Outputs': [[8192, 2048], [8192, 2048]]}
0.0%	6.669 μs	6	1.111 μs	1.098 μs	953 ns	1.359 μs	153 ns	PushPop	:{'Module': 'LlamaForCausalLM.model.layers.13', 'Outputs': [[8192, 2048], [8192, 2048]]}
0.0%	6.647 μs	6	1.107 μs	1.054 μs	993 ns	1.376 μs	143 ns	PushPop	:{'Module': 'LlamaForCausalLM.model.layers.6.mlp.act_fn', 'Outputs': [[8192, 8192]]}
0.0%	6.591 μs	6	1.098 μs	1.080 μs	988 ns	1.282 μs	110 ns	PushPop	:{'Module': 'LlamaForCausalLM.model.layers.14.mlp.act_fn', 'Outputs': [[8192, 8192]]}
0.0%	6.586 μs	6	1.097 μs	1.088 μs	1.008 μs	1.229 μs	83 ns	PushPop	:{'Module': 'LlamaForCausalLM.model.layers.3.mlp.act_fn', 'Outputs': [[8192, 8192]]}
0.0%	6.532 μs	6	1.088 μs	1.083 μs	970 ns	1.327 μs	129 ns	PushPop	:{'Module': 'LlamaForCausalLM.model.layers.0.self_attn', 'Outputs': [[8192, 2048]]}
0.0%	6.517 μs	6	1.086 μs	1.065 μs	938 ns	1.359 μs	142 ns	PushPop	:{'Module': 'LlamaForCausalLM.model.layers.12', 'Outputs': [[8192, 2048], [8192, 2048]]}
0.0%	6.510 μs	6	1.085 μs	1.065 μs	987 ns	1.266 μs	103 ns	PushPop	:{'Module': 'LlamaForCausalLM.model.layers.7', 'Outputs': [[8192, 2048], [8192, 2048]]}
0.0%	6.493 μs	6	1.082 μs	1.082 μs	947 ns	1.316 μs	135 ns	PushPop	:{'Module': 'LlamaForCausalLM.model.layers.2', 'Outputs': [[8192, 2048], [8192, 2048]]}
0.0%	6.461 μs	6	1.076 μs	1.069 μs	957 ns	1.213 μs	87 ns	PushPop	:{'Module': 'LlamaForCausalLM.model.layers.6', 'Outputs': [[8192, 2048], [8192, 2048]]}
0.0%	6.388 μs	6	1.064 μs	1.033 μs	898 ns	1.399 μs	176 ns	PushPop	:{'Module': 'LlamaForCausalLM.model.layers.2.self_attn', 'Outputs': [[8192, 2048]]}
0.0%	6.387 μs	6	1.064 μs	1.043 μs	928 ns	1.336 μs	146 ns	PushPop	:{'Module': 'LlamaForCausalLM.model.layers.1', 'Outputs': [[8192, 2048], [8192, 2048]]}
0.0%	6.354 μs	6	1.059 μs	1.054 μs	916 ns	1.187 μs	95 ns	PushPop	:{'Module': 'LlamaForCausalLM.model.layers.10', 'Outputs': [[8192, 2048], [8192, 2048]]}
0.0%	6.344 μs	6	1.057 μs	1.049 μs	961 ns	1.202 μs	79 ns	PushPop	:{'Module': 'LlamaForCausalLM.model.layers.15.mlp.act_fn', 'Outputs': [[8192, 8192]]}
0.0%	6.325 μs	6	1.054 μs	1.043 μs	982 ns	1.210 μs	81 ns	PushPop	:{'Module': 'LlamaForCausalLM.model.layers.5.mlp.act_fn', 'Outputs': [[8192, 8192]]}
0.0%	6.291 μs	6	1.048 μs	1.042 μs	990 ns	1.120 μs	47 ns	PushPop	:{'Module': 'LlamaForCausalLM.model.layers.4.mlp.act_fn', 'Outputs': [[8192, 8192]]}
0.0%	6.283 μs	6	1.047 μs	1.033 μs	969 ns	1.193 μs	79 ns	PushPop	:{'Module': 'LlamaForCausalLM.model.layers.11', 'Outputs': [[8192, 2048], [8192, 2048]]}
0.0%	6.275 μs	6	1.045 μs	1.041 μs	941 ns	1.207 μs	88 ns	PushPop	:{'Module': 'LlamaForCausalLM.model.layers.6.self_attn', 'Outputs': [[8192, 2048]]}
0.0%	6.253 μs	6	1.042 μs	1.054 μs	931 ns	1.108 μs	70 ns	PushPop	:{'Module': 'LlamaForCausalLM.model.layers.7.self_attn', 'Outputs': [[8192, 2048]]}
0.0%	6.194 μs	6	1.032 μs	1.038 μs	949 ns	1.086 μs	56 ns	PushPop	:{'Module': 'LlamaForCausalLM.model.layers.9', 'Outputs': [[8192, 2048], [8192, 2048]]}
0.0%	6.185 μs	6	1.030 μs	1.015 μs	927 ns	1.241 μs	111 ns	PushPop	:{'Module': 'LlamaForCausalLM.model.layers.10.mlp.act_fn', 'Outputs': [[8192, 8192]]}
0.0%	6.135 μs	6	1.022 μs	1.019 μs	981 ns	1.093 μs	39 ns	PushPop	:{'Module': 'LlamaForCausalLM.model.layers.4', 'Outputs': [[8192, 2048], [8192, 2048]]}
0.0%	6.081 μs	6	1.013 μs	984 ns	912 ns	1.212 μs	107 ns	PushPop	:{'Module': 'LlamaForCausalLM.model.layers.15', 'Outputs': [[8192, 2048], [8192, 2048]]}
0.0%	6.076 μs	6	1.012 μs	1.015 μs	883 ns	1.129 μs	82 ns	PushPop	:{'Module': 'LlamaForCausalLM.model.layers.9.mlp.act_fn', 'Outputs': [[8192, 8192]]}
0.0%	6.072 μs	6	1.012 μs	1.030 μs	837 ns	1.107 μs	101 ns	PushPop	:{'Module': 'LlamaForCausalLM.model.layers.14.self_attn', 'Outputs': [[8192, 2048]]}
0.0%	6.064 μs	6	1.010 μs	1.005 μs	980 ns	1.069 μs	32 ns	PushPop	:{'Module': 'LlamaForCausalLM.model.layers.8.self_attn', 'Outputs': [[8192, 2048]]}
0.0%	6.060 μs	6	1.010 μs	1.023 μs	906 ns	1.110 μs	72 ns	PushPop	:{'Module': 'LlamaForCausalLM.model.layers.9.self_attn', 'Outputs': [[8192, 2048]]}
0.0%	6.017 μs	6	1.002 μs	989 ns	949 ns	1.095 μs	51 ns	PushPop	:{'Module': 'LlamaForCausalLM.model.layers.0', 'Outputs': [[8192, 2048], [8192, 2048]]}
0.0%	6.014 μs	6	1.002 μs	1.020 μs	906 ns	1.049 μs	55 ns	PushPop	:{'Module': 'LlamaForCausalLM.model.layers.3.mlp', 'Outputs': [[8192, 2048]]}
0.0%	6.006 μs	6	1.001 μs	1.009 μs	908 ns	1.090 μs	83 ns	PushPop	:{'Module': 'LlamaForCausalLM.model.layers.5.self_attn', 'Outputs': [[8192, 2048]]}
0.0%	6.003 μs	6	1.000 μs	988 ns	837 ns	1.202 μs	126 ns	PushPop	:{'Module': 'LlamaForCausalLM.model.layers.8', 'Outputs': [[8192, 2048], [8192, 2048]]}
0.0%	5.998 μs	6	999 ns	986 ns	921 ns	1.132 μs	76 ns	PushPop	:{'Module': 'LlamaForCausalLM.model.layers.11.mlp.act_fn', 'Outputs': [[8192, 8192]]}
0.0%	5.964 μs	6	994 ns	990 ns	947 ns	1.055 μs	44 ns	PushPop	:{'Module': 'LlamaForCausalLM.model.layers.3.self_attn', 'Outputs': [[8192, 2048]]}
0.0%	5.950 μs	6	991 ns	981 ns	895 ns	1.113 μs	85 ns	PushPop	:{'Module': 'LlamaForCausalLM.model.layers.0.mlp', 'Outputs': [[8192, 2048]]}
0.0%	5.927 μs	6	987 ns	1.009 μs	869 ns	1.056 μs	68 ns	PushPop	:{'Module': 'LlamaForCausalLM.model.layers.1.self_attn', 'Outputs': [[8192, 2048]]}
0.0%	5.909 μs	6	984 ns	993 ns	857 ns	1.088 μs	85 ns	PushPop	:{'Module': 'LlamaForCausalLM.model.layers.12.self_attn', 'Outputs': [[8192, 2048]]}
0.0%	5.849 μs	6	974 ns	934 ns	848 ns	1.232 μs	136 ns	PushPop	:{'Module': 'LlamaForCausalLM.model.layers.10.mlp', 'Outputs': [[8192, 2048]]}
0.0%	5.845 μs	6	974 ns	980 ns	930 ns	1.016 μs	36 ns	PushPop	:{'Module': 'LlamaForCausalLM.model.layers.8.mlp', 'Outputs': [[8192, 2048]]}
0.0%	5.810 μs	6	968 ns	963 ns	865 ns	1.114 μs	90 ns	PushPop	:{'Module': 'LlamaForCausalLM', 'Outputs': [[8192, 2048]]}
0.0%	5.743 μs	6	957 ns	966 ns	874 ns	1.010 μs	47 ns	PushPop	:{'Module': 'LlamaForCausalLM.model.layers.15.self_attn', 'Outputs': [[8192, 2048]]}
0.0%	5.708 μs	6	951 ns	943 ns	874 ns	1.111 μs	86 ns	PushPop	:{'Module': 'LlamaForCausalLM.model.layers.4.mlp', 'Outputs': [[8192, 2048]]}
0.0%	5.706 μs	6	951 ns	959 ns	836 ns	1.053 μs	85 ns	PushPop	:{'Module': 'LlamaForCausalLM.model.layers.11.self_attn', 'Outputs': [[8192, 2048]]}
0.0%	5.663 μs	6	943 ns	935 ns	833 ns	1.060 μs	80 ns	PushPop	:{'Module': 'LlamaForCausalLM.model.layers.6.mlp', 'Outputs': [[8192, 2048]]}
0.0%	5.620 μs	6	936 ns	903 ns	856 ns	1.156 μs	111 ns	PushPop	:{'Module': 'LlamaForCausalLM.model.layers.12.mlp', 'Outputs': [[8192, 2048]]}
0.0%	5.602 μs	6	933 ns	934 ns	813 ns	1.064 μs	81 ns	PushPop	:{'Module': 'LlamaForCausalLM.model.layers.5.mlp', 'Outputs': [[8192, 2048]]}
0.0%	5.580 μs	6	930 ns	901 ns	867 ns	1.028 μs	68 ns	PushPop	:{'Module': 'LlamaForCausalLM.model.layers.2.mlp', 'Outputs': [[8192, 2048]]}
0.0%	5.566 μs	6	927 ns	901 ns	834 ns	1.067 μs	83 ns	PushPop	:{'Module': 'LlamaForCausalLM.model.layers.14.mlp', 'Outputs': [[8192, 2048]]}
0.0%	5.495 μs	6	915 ns	909 ns	827 ns	1.018 μs	65 ns	PushPop	:{'Module': 'LlamaForCausalLM.model.layers.11.mlp', 'Outputs': [[8192, 2048]]}
0.0%	5.398 μs	6	899 ns	908 ns	809 ns	960 ns	54 ns	PushPop	:{'Module': 'LlamaForCausalLM.model.layers.9.mlp', 'Outputs': [[8192, 2048]]}
0.0%	5.378 μs	1	5.378 μs	5.378 μs	5.378 μs	5.378 μs	0 ns	PushPop	:{'Module': 'LlamaForCausalLM.model.layers.2.mlp.act_fn', 'Outputs': [[68, 8192]]}
0.0%	5.324 μs	6	887 ns	901 ns	846 ns	909 ns	27 ns	PushPop	:{'Module': 'LlamaForCausalLM.model.layers.13.mlp', 'Outputs': [[8192, 2048]]}
0.0%	5.247 μs	6	874 ns	857 ns	809 ns	953 ns	61 ns	PushPop	:{'Module': 'LlamaForCausalLM.model.layers.15.mlp', 'Outputs': [[8192, 2048]]}
0.0%	4.916 μs	1	4.916 μs	4.916 μs	4.916 μs	4.916 μs	0 ns	PushPop	:{'Module': 'LlamaForCausalLM.model.layers.4.self_attn.attn', 'Outputs': [[16, 2048]]}
0.0%	4.652 μs	1	4.652 μs	4.652 μs	4.652 μs	4.652 μs	0 ns	PushPop	:{'Module': 'LlamaForCausalLM.model.layers.15.self_attn.attn', 'Outputs': [[16, 2048]]}
0.0%	4.598 μs	1	4.598 μs	4.598 μs	4.598 μs	4.598 μs	0 ns	PushPop	:{'Module': 'LlamaForCausalLM.model.layers.8.self_attn.o_proj', 'TrainableParams': {'weight': [2048, 2048]}, 'Outputs': [[16, 2048]]}
0.0%	4.528 μs	1	4.528 μs	4.528 μs	4.528 μs	4.528 μs	0 ns	PushPop	:{'Module': 'LlamaForCausalLM.model.layers.5.self_attn.o_proj', 'TrainableParams': {'weight': [2048, 2048]}, 'Outputs': [[16, 2048]]}
0.0%	4.387 μs	1	4.387 μs	4.387 μs	4.387 μs	4.387 μs	0 ns	PushPop	:{'Module': 'LlamaForCausalLM.model.layers.3.self_attn', 'Outputs': [[16, 2048]]}
0.0%	4.368 μs	1	4.368 μs	4.368 μs	4.368 μs	4.368 μs	0 ns	PushPop	:{'Module': 'LlamaForCausalLM.model.layers.11.mlp.gate_up_proj', 'TrainableParams': {'weight': [16384, 2048]}, 'Outputs': [[16, 16384]]}
0.0%	4.237 μs	1	4.237 μs	4.237 μs	4.237 μs	4.237 μs	0 ns	PushPop	:{'Module': 'LlamaForCausalLM.model.layers.5.self_attn.attn', 'Outputs': [[256, 2048]]}
0.0%	4.144 μs	1	4.144 μs	4.144 μs	4.144 μs	4.144 μs	0 ns	PushPop	:{'Module': 'LlamaForCausalLM.model.layers.8.self_attn.attn', 'Outputs': [[256, 2048]]}
0.0%	4.102 μs	1	4.102 μs	4.102 μs	4.102 μs	4.102 μs	0 ns	PushPop	:{'Module': 'LlamaForCausalLM.model.layers.14.self_attn', 'Outputs': [[16, 2048]]}
0.0%	4.083 μs	1	4.083 μs	4.083 μs	4.083 μs	4.083 μs	0 ns	PushPop	:{'Module': 'LlamaForCausalLM.model.layers.2.mlp.down_proj', 'TrainableParams': {'weight': [2048, 8192]}, 'Outputs': [[16, 2048]]}
0.0%	4.075 μs	1	4.075 μs	4.075 μs	4.075 μs	4.075 μs	0 ns	PushPop	:{'Module': 'LlamaForCausalLM.model.layers.9.self_attn.o_proj', 'TrainableParams': {'weight': [2048, 2048]}, 'Outputs': [[256, 2048]]}
0.0%	3.956 μs	1	3.956 μs	3.956 μs	3.956 μs	3.956 μs	0 ns	PushPop	:{'Module': 'LlamaForCausalLM.model.layers.4.self_attn', 'Outputs': [[256, 2048]]}
0.0%	3.943 μs	1	3.943 μs	3.943 μs	3.943 μs	3.943 μs	0 ns	PushPop	:{'Module': 'LlamaForCausalLM.model.layers.5.mlp.down_proj', 'TrainableParams': {'weight': [2048, 8192]}, 'Outputs': [[16, 2048]]}
0.0%	3.897 μs	1	3.897 μs	3.897 μs	3.897 μs	3.897 μs	0 ns	PushPop	:{'Module': 'LlamaForCausalLM.model.layers.4.post_attention_layernorm', 'TrainableParams': {'weight': [2048]}, 'Outputs': [[16, 2048], [16, 2048]]}
0.0%	3.885 μs	1	3.885 μs	3.885 μs	3.885 μs	3.885 μs	0 ns	PushPop	:{'Module': 'LlamaForCausalLM.model.layers.0.mlp', 'Outputs': [[16, 2048]]}
0.0%	3.869 μs	1	3.869 μs	3.869 μs	3.869 μs	3.869 μs	0 ns	PushPop	:{'Module': 'LlamaForCausalLM.model.layers.4.mlp.act_fn', 'Outputs': [[16, 8192]]}
0.0%	3.833 μs	1	3.833 μs	3.833 μs	3.833 μs	3.833 μs	0 ns	PushPop	:{'Module': 'LlamaForCausalLM.model.layers.7.self_attn', 'Outputs': [[256, 2048]]}
0.0%	3.816 μs	1	3.816 μs	3.816 μs	3.816 μs	3.816 μs	0 ns	PushPop	:{'Module': 'LlamaForCausalLM.model.layers.3.self_attn.qkv_proj', 'TrainableParams': {'weight': [3072, 2048]}, 'Outputs': [[256, 3072]]}
0.0%	3.778 μs	1	3.778 μs	3.778 μs	3.778 μs	3.778 μs	0 ns	PushPop	:{'Module': 'LlamaForCausalLM.model.layers.0.mlp.gate_up_proj', 'TrainableParams': {'weight': [16384, 2048]}, 'Outputs': [[16, 16384]]}
0.0%	3.777 μs	1	3.777 μs	3.777 μs	3.777 μs	3.777 μs	0 ns	PushPop	:{'Module': 'LlamaForCausalLM.model.layers.2.self_attn.qkv_proj', 'TrainableParams': {'weight': [3072, 2048]}, 'Outputs': [[16, 3072]]}
0.0%	3.776 μs	1	3.776 μs	3.776 μs	3.776 μs	3.776 μs	0 ns	PushPop	:{'Module': 'LlamaForCausalLM.model.layers.9.mlp.down_proj', 'TrainableParams': {'weight': [2048, 8192]}, 'Outputs': [[256, 2048]]}
0.0%	3.746 μs	1	3.746 μs	3.746 μs	3.746 μs	3.746 μs	0 ns	PushPop	:{'Module': 'LlamaForCausalLM.model.layers.1.mlp.act_fn', 'Outputs': [[16, 8192]]}
0.0%	3.643 μs	1	3.643 μs	3.643 μs	3.643 μs	3.643 μs	0 ns	PushPop	:{'Module': 'LlamaForCausalLM.model.layers.5.mlp.act_fn', 'Outputs': [[256, 8192]]}
0.0%	3.636 μs	1	3.636 μs	3.636 μs	3.636 μs	3.636 μs	0 ns	PushPop	:{'Module': 'LlamaForCausalLM.model.layers.4.mlp.gate_up_proj', 'TrainableParams': {'weight': [16384, 2048]}, 'Outputs': [[256, 16384]]}
0.0%	3.625 μs	2	1.812 μs	1.812 μs	1.602 μs	2.023 μs	297 ns	PushPop	:{'Module': 'LlamaForCausalLM.logits_processor', 'Outputs': [[256, 128256]]}
0.0%	3.619 μs	1	3.619 μs	3.619 μs	3.619 μs	3.619 μs	0 ns	PushPop	:{'Module': 'LlamaForCausalLM.model.layers.7.post_attention_layernorm', 'TrainableParams': {'weight': [2048]}, 'Outputs': [[16, 2048], [16, 2048]]}
0.0%	3.480 μs	1	3.480 μs	3.480 μs	3.480 μs	3.480 μs	0 ns	PushPop	:{'Module': 'LlamaForCausalLM.model.layers.14.mlp.gate_up_proj', 'TrainableParams': {'weight': [16384, 2048]}, 'Outputs': [[16, 16384]]}
0.0%	3.476 μs	1	3.476 μs	3.476 μs	3.476 μs	3.476 μs	0 ns	PushPop	:{'Module': 'LlamaForCausalLM.model.layers.13.self_attn.qkv_proj', 'TrainableParams': {'weight': [3072, 2048]}, 'Outputs': [[16, 3072]]}
0.0%	3.473 μs	1	3.473 μs	3.473 μs	3.473 μs	3.473 μs	0 ns	PushPop	:{'Module': 'LlamaForCausalLM.model.layers.4.mlp', 'Outputs': [[256, 2048]]}
0.0%	3.434 μs	1	3.434 μs	3.434 μs	3.434 μs	3.434 μs	0 ns	PushPop	:{'Module': 'LlamaForCausalLM.model.layers.9', 'Outputs': [[16, 2048], [16, 2048]]}
0.0%	3.412 μs	1	3.412 μs	3.412 μs	3.412 μs	3.412 μs	0 ns	PushPop	:{'Module': 'LlamaForCausalLM.model.layers.6.mlp.down_proj', 'TrainableParams': {'weight': [2048, 8192]}, 'Outputs': [[256, 2048]]}
0.0%	3.350 μs	1	3.350 μs	3.350 μs	3.350 μs	3.350 μs	0 ns	PushPop	:{'Module': 'LlamaForCausalLM.model.layers.1.mlp.gate_up_proj', 'TrainableParams': {'weight': [16384, 2048]}, 'Outputs': [[256, 16384]]}
0.0%	3.309 μs	1	3.309 μs	3.309 μs	3.309 μs	3.309 μs	0 ns	PushPop	:{'Module': 'LlamaForCausalLM.model.layers.2', 'Outputs': [[256, 2048], [256, 2048]]}
0.0%	3.299 μs	1	3.299 μs	3.299 μs	3.299 μs	3.299 μs	0 ns	PushPop	:{'Module': 'LlamaForCausalLM.model.layers.3.mlp', 'Outputs': [[16, 2048]]}
0.0%	3.285 μs	1	3.285 μs	3.285 μs	3.285 μs	3.285 μs	0 ns	PushPop	:{'Module': 'LlamaForCausalLM.model.embed_tokens', 'TrainableParams': {'weight': [128256, 2048]}, 'Outputs': [[16, 2048]]}
0.0%	3.163 μs	1	3.163 μs	3.163 μs	3.163 μs	3.163 μs	0 ns	PushPop	:{'Module': 'LlamaForCausalLM.model.layers.14.mlp', 'Outputs': [[16, 2048]]}
0.0%	3.159 μs	1	3.159 μs	3.159 μs	3.159 μs	3.159 μs	0 ns	PushPop	:{'Module': 'LlamaForCausalLM.model.layers.6.input_layernorm', 'TrainableParams': {'weight': [2048]}, 'Outputs': [[16, 2048], [16, 2048]]}
0.0%	3.054 μs	1	3.054 μs	3.054 μs	3.054 μs	3.054 μs	0 ns	PushPop	:{'Module': 'LlamaForCausalLM.model.layers.12', 'Outputs': [[16, 2048], [16, 2048]]}
0.0%	2.964 μs	1	2.964 μs	2.964 μs	2.964 μs	2.964 μs	0 ns	PushPop	:{'Module': 'LlamaForCausalLM.model.layers.8.post_attention_layernorm', 'TrainableParams': {'weight': [2048]}, 'Outputs': [[256, 2048], [256, 2048]]}
0.0%	2.801 μs	1	2.801 μs	2.801 μs	2.801 μs	2.801 μs	0 ns	PushPop	:{'Module': 'LlamaForCausalLM.model.layers.7.input_layernorm', 'TrainableParams': {'weight': [2048]}, 'Outputs': [[256, 2048], [256, 2048]]}
0.0%	2.745 μs	1	2.745 μs	2.745 μs	2.745 μs	2.745 μs	0 ns	PushPop	:{'Module': 'LlamaForCausalLM.model.embed_tokens', 'TrainableParams': {'weight': [128256, 2048]}, 'Outputs': [[256, 2048]]}
0.0%	2.421 μs	1	2.421 μs	2.421 μs	2.421 μs	2.421 μs	0 ns	PushPop	:{'Module': 'LlamaForCausalLM.model.layers.15.mlp.act_fn', 'Outputs': [[16, 8192]]}
0.0%	2.403 μs	1	2.403 μs	2.403 μs	2.403 μs	2.403 μs	0 ns	PushPop	:{'Module': 'LlamaForCausalLM.model.layers.10.input_layernorm', 'TrainableParams': {'weight': [2048]}, 'Outputs': [[256, 2048], [256, 2048]]}
0.0%	2.217 μs	1	2.217 μs	2.217 μs	2.217 μs	2.217 μs	0 ns	PushPop	:{'Module': 'LlamaForCausalLM.logits_processor', 'Outputs': [[1, 128256]]}
0.0%	2.212 μs	1	2.212 μs	2.212 μs	2.212 μs	2.212 μs	0 ns	PushPop	:{'Module': 'LlamaForCausalLM.model.layers.0.mlp.gate_up_proj', 'TrainableParams': {'weight': [16384, 2048]}, 'Outputs': [[256, 16384]]}
0.0%	2.061 μs	1	2.061 μs	2.061 μs	2.061 μs	2.061 μs	0 ns	PushPop	:{'Module': 'LlamaForCausalLM.model.layers.0.self_attn.o_proj', 'TrainableParams': {'weight': [2048, 2048]}, 'Outputs': [[512, 2048]]}
0.0%	1.933 μs	1	1.933 μs	1.933 μs	1.933 μs	1.933 μs	0 ns	PushPop	:{'Module': 'LlamaForCausalLM.model.layers.0.mlp.gate_up_proj', 'TrainableParams': {'weight': [16384, 2048]}, 'Outputs': [[52, 16384]]}
0.0%	1.927 μs	1	1.927 μs	1.927 μs	1.927 μs	1.927 μs	0 ns	PushPop	:{'Module': 'LlamaForCausalLM.model.layers.15.self_attn.o_proj', 'TrainableParams': {'weight': [2048, 2048]}, 'Outputs': [[16, 2048]]}
0.0%	1.924 μs	1	1.924 μs	1.924 μs	1.924 μs	1.924 μs	0 ns	PushPop	:{'Module': 'LlamaForCausalLM.model.layers.0.self_attn.qkv_proj', 'TrainableParams': {'weight': [3072, 2048]}, 'Outputs': [[512, 3072]]}
0.0%	1.923 μs	1	1.923 μs	1.923 μs	1.923 μs	1.923 μs	0 ns	PushPop	:{'Module': 'LlamaForCausalLM.model.layers.0.mlp.gate_up_proj', 'TrainableParams': {'weight': [16384, 2048]}, 'Outputs': [[512, 16384]]}
0.0%	1.898 μs	1	1.898 μs	1.898 μs	1.898 μs	1.898 μs	0 ns	PushPop	:{'Module': 'LlamaForCausalLM.model.layers.0.self_attn.qkv_proj', 'TrainableParams': {'weight': [3072, 2048]}, 'Outputs': [[16, 3072]]}
0.0%	1.895 μs	1	1.895 μs	1.895 μs	1.895 μs	1.895 μs	0 ns	PushPop	:{'Module': 'LlamaForCausalLM.model.layers.0.self_attn.o_proj', 'TrainableParams': {'weight': [2048, 2048]}, 'Outputs': [[20, 2048]]}
0.0%	1.875 μs	1	1.875 μs	1.875 μs	1.875 μs	1.875 μs	0 ns	PushPop	:{'Module': 'LlamaForCausalLM.model.layers.0.self_attn.o_proj', 'TrainableParams': {'weight': [2048, 2048]}, 'Outputs': [[1873, 2048]]}
0.0%	1.866 μs	1	1.866 μs	1.866 μs	1.866 μs	1.866 μs	0 ns	PushPop	:{'Module': 'LlamaForCausalLM.model.layers.15.mlp.gate_up_proj', 'TrainableParams': {'weight': [16384, 2048]}, 'Outputs': [[4, 16384]]}
0.0%	1.864 μs	1	1.864 μs	1.864 μs	1.864 μs	1.864 μs	0 ns	PushPop	:{'Module': 'LlamaForCausalLM.model.layers.0.mlp.down_proj', 'TrainableParams': {'weight': [2048, 8192]}, 'Outputs': [[256, 2048]]}
0.0%	1.860 μs	1	1.860 μs	1.860 μs	1.860 μs	1.860 μs	0 ns	PushPop	:{'Module': 'LlamaForCausalLM.model.layers.9.self_attn.o_proj', 'TrainableParams': {'weight': [2048, 2048]}, 'Outputs': [[68, 2048]]}
0.0%	1.850 μs	1	1.850 μs	1.850 μs	1.850 μs	1.850 μs	0 ns	PushPop	:{'Module': 'LlamaForCausalLM.model.layers.0.self_attn.o_proj', 'TrainableParams': {'weight': [2048, 2048]}, 'Outputs': [[84, 2048]]}
0.0%	1.802 μs	1	1.802 μs	1.802 μs	1.802 μs	1.802 μs	0 ns	PushPop	:{'Module': 'LlamaForCausalLM.model.layers.0.self_attn.o_proj', 'TrainableParams': {'weight': [2048, 2048]}, 'Outputs': [[256, 2048]]}
0.0%	1.794 μs	1	1.794 μs	1.794 μs	1.794 μs	1.794 μs	0 ns	PushPop	:{'Module': 'LlamaForCausalLM.model.layers.5.self_attn.qkv_proj', 'TrainableParams': {'weight': [3072, 2048]}, 'Outputs': [[99, 3072]]}
0.0%	1.793 μs	1	1.793 μs	1.793 μs	1.793 μs	1.793 μs	0 ns	PushPop	:{'Module': 'LlamaForCausalLM.model.layers.8.post_attention_layernorm', 'TrainableParams': {'weight': [2048]}, 'Outputs': [[512, 2048], [512, 2048]]}
0.0%	1.783 μs	1	1.783 μs	1.783 μs	1.783 μs	1.783 μs	0 ns	PushPop	:{'Module': 'LlamaForCausalLM.model.layers.0.post_attention_layernorm', 'TrainableParams': {'weight': [2048]}, 'Outputs': [[4, 2048], [4, 2048]]}
0.0%	1.778 μs	1	1.778 μs	1.778 μs	1.778 μs	1.778 μs	0 ns	PushPop	:{'Module': 'LlamaForCausalLM.model.layers.0', 'Outputs': [[256, 2048], [256, 2048]]}
0.0%	1.775 μs	1	1.775 μs	1.775 μs	1.775 μs	1.775 μs	0 ns	PushPop	:{'Module': 'LlamaForCausalLM.model.layers.0.self_attn.qkv_proj', 'TrainableParams': {'weight': [3072, 2048]}, 'Outputs': [[1873, 3072]]}
0.0%	1.760 μs	1	1.760 μs	1.760 μs	1.760 μs	1.760 μs	0 ns	PushPop	:{'Module': 'LlamaForCausalLM.model.layers.15.self_attn.attn', 'Outputs': [[4, 2048]]}
0.0%	1.750 μs	1	1.750 μs	1.750 μs	1.750 μs	1.750 μs	0 ns	PushPop	:{'Module': 'LlamaForCausalLM.model.layers.8.self_attn.o_proj', 'TrainableParams': {'weight': [2048, 2048]}, 'Outputs': [[36, 2048]]}
0.0%	1.723 μs	1	1.723 μs	1.723 μs	1.723 μs	1.723 μs	0 ns	PushPop	:{'Module': 'LlamaForCausalLM.model.layers.8.post_attention_layernorm', 'TrainableParams': {'weight': [2048]}, 'Outputs': [[36, 2048], [36, 2048]]}
0.0%	1.722 μs	1	1.722 μs	1.722 μs	1.722 μs	1.722 μs	0 ns	PushPop	:{'Module': 'LlamaForCausalLM.model.layers.0.self_attn.attn', 'Outputs': [[16, 2048]]}
0.0%	1.693 μs	1	1.693 μs	1.693 μs	1.693 μs	1.693 μs	0 ns	PushPop	:{'Module': 'LlamaForCausalLM.model.embed_tokens', 'TrainableParams': {'weight': [128256, 2048]}, 'Outputs': [[1873, 2048]]}
0.0%	1.693 μs	1	1.693 μs	1.693 μs	1.693 μs	1.693 μs	0 ns	PushPop	:{'Module': 'LlamaForCausalLM.model.layers.0.self_attn.o_proj', 'TrainableParams': {'weight': [2048, 2048]}, 'Outputs': [[4, 2048]]}
0.0%	1.686 μs	1	1.686 μs	1.686 μs	1.686 μs	1.686 μs	0 ns	PushPop	:{'Module': 'LlamaForCausalLM.model.layers.0.self_attn.o_proj', 'TrainableParams': {'weight': [2048, 2048]}, 'Outputs': [[52, 2048]]}
0.0%	1.680 μs	1	1.680 μs	1.680 μs	1.680 μs	1.680 μs	0 ns	PushPop	:{'Module': 'LlamaForCausalLM.model.layers.0.mlp.down_proj', 'TrainableParams': {'weight': [2048, 8192]}, 'Outputs': [[512, 2048]]}
0.0%	1.679 μs	1	1.679 μs	1.679 μs	1.679 μs	1.679 μs	0 ns	PushPop	:{'Module': 'LlamaForCausalLM.model.layers.9.input_layernorm', 'TrainableParams': {'weight': [2048]}, 'Outputs': [[512, 2048], [512, 2048]]}
0.0%	1.669 μs	1	1.669 μs	1.669 μs	1.669 μs	1.669 μs	0 ns	PushPop	:{'Module': 'LlamaForCausalLM.model.layers.0.mlp.down_proj', 'TrainableParams': {'weight': [2048, 8192]}, 'Outputs': [[4, 2048]]}
0.0%	1.667 μs	1	1.667 μs	1.667 μs	1.667 μs	1.667 μs	0 ns	PushPop	:{'Module': 'LlamaForCausalLM.model.layers.4.self_attn.attn', 'Outputs': [[52, 2048]]}
0.0%	1.663 μs	1	1.663 μs	1.663 μs	1.663 μs	1.663 μs	0 ns	PushPop	:{'Module': 'LlamaForCausalLM.model.embed_tokens', 'TrainableParams': {'weight': [128256, 2048]}, 'Outputs': [[99, 2048]]}
0.0%	1.662 μs	1	1.662 μs	1.662 μs	1.662 μs	1.662 μs	0 ns	PushPop	:{'Module': 'LlamaForCausalLM.model.layers.0.self_attn.o_proj', 'TrainableParams': {'weight': [2048, 2048]}, 'Outputs': [[68, 2048]]}
0.0%	1.660 μs	1	1.660 μs	1.660 μs	1.660 μs	1.660 μs	0 ns	PushPop	:{'Module': 'LlamaForCausalLM.model.layers.4.self_attn.o_proj', 'TrainableParams': {'weight': [2048, 2048]}, 'Outputs': [[99, 2048]]}
0.0%	1.657 μs	1	1.657 μs	1.657 μs	1.657 μs	1.657 μs	0 ns	PushPop	:{'Module': 'LlamaForCausalLM.model.layers.5.self_attn.attn', 'Outputs': [[1873, 2048]]}
0.0%	1.653 μs	1	1.653 μs	1.653 μs	1.653 μs	1.653 μs	0 ns	PushPop	:{'Module': 'LlamaForCausalLM.model.layers.0.mlp.gate_up_proj', 'TrainableParams': {'weight': [16384, 2048]}, 'Outputs': [[36, 16384]]}
0.0%	1.644 μs	1	1.644 μs	1.644 μs	1.644 μs	1.644 μs	0 ns	PushPop	:{'Module': 'LlamaForCausalLM.model.layers.15.self_attn.attn', 'Outputs': [[1873, 2048]]}
0.0%	1.638 μs	1	1.638 μs	1.638 μs	1.638 μs	1.638 μs	0 ns	PushPop	:{'Module': 'LlamaForCausalLM.model.layers.1.self_attn.qkv_proj', 'TrainableParams': {'weight': [3072, 2048]}, 'Outputs': [[52, 3072]]}
0.0%	1.635 μs	1	1.635 μs	1.635 μs	1.635 μs	1.635 μs	0 ns	PushPop	:{'Module': 'LlamaForCausalLM.model.layers.7.self_attn.attn', 'Outputs': [[512, 2048]]}
0.0%	1.632 μs	1	1.632 μs	1.632 μs	1.632 μs	1.632 μs	0 ns	PushPop	:{'Module': 'LlamaForCausalLM.model.layers.3.self_attn.o_proj', 'TrainableParams': {'weight': [2048, 2048]}, 'Outputs': [[16, 2048]]}
0.0%	1.628 μs	1	1.628 μs	1.628 μs	1.628 μs	1.628 μs	0 ns	PushPop	:{'Module': 'LlamaForCausalLM.model.layers.0.mlp.down_proj', 'TrainableParams': {'weight': [2048, 8192]}, 'Outputs': [[68, 2048]]}
0.0%	1.624 μs	1	1.624 μs	1.624 μs	1.624 μs	1.624 μs	0 ns	PushPop	:{'Module': 'LlamaForCausalLM.model.layers.0.self_attn.o_proj', 'TrainableParams': {'weight': [2048, 2048]}, 'Outputs': [[36, 2048]]}
0.0%	1.623 μs	1	1.623 μs	1.623 μs	1.623 μs	1.623 μs	0 ns	PushPop	:{'Module': 'LlamaForCausalLM.model.embed_tokens', 'TrainableParams': {'weight': [128256, 2048]}, 'Outputs': [[84, 2048]]}
0.0%	1.617 μs	1	1.617 μs	1.617 μs	1.617 μs	1.617 μs	0 ns	PushPop	:{'Module': 'LlamaForCausalLM.model.layers.0.mlp.gate_up_proj', 'TrainableParams': {'weight': [16384, 2048]}, 'Outputs': [[68, 16384]]}
0.0%	1.608 μs	1	1.608 μs	1.608 μs	1.608 μs	1.608 μs	0 ns	PushPop	:{'Module': 'LlamaForCausalLM.model.embed_tokens', 'TrainableParams': {'weight': [128256, 2048]}, 'Outputs': [[512, 2048]]}
0.0%	1.607 μs	1	1.607 μs	1.607 μs	1.607 μs	1.607 μs	0 ns	PushPop	:{'Module': 'LlamaForCausalLM.model.layers.0.mlp.down_proj', 'TrainableParams': {'weight': [2048, 8192]}, 'Outputs': [[52, 2048]]}
0.0%	1.604 μs	1	1.604 μs	1.604 μs	1.604 μs	1.604 μs	0 ns	PushPop	:{'Module': 'LlamaForCausalLM.model.layers.15.self_attn.attn', 'Outputs': [[68, 2048]]}
0.0%	1.589 μs	1	1.589 μs	1.589 μs	1.589 μs	1.589 μs	0 ns	PushPop	:{'Module': 'LlamaForCausalLM.model.layers.0.mlp.down_proj', 'TrainableParams': {'weight': [2048, 8192]}, 'Outputs': [[36, 2048]]}
0.0%	1.587 μs	1	1.587 μs	1.587 μs	1.587 μs	1.587 μs	0 ns	PushPop	:{'Module': 'LlamaForCausalLM.model.layers.1.self_attn.attn', 'Outputs': [[52, 2048]]}
0.0%	1.586 μs	1	1.586 μs	1.586 μs	1.586 μs	1.586 μs	0 ns	PushPop	:{'Module': 'LlamaForCausalLM.model.layers.3.self_attn.o_proj', 'TrainableParams': {'weight': [2048, 2048]}, 'Outputs': [[52, 2048]]}
0.0%	1.584 μs	1	1.584 μs	1.584 μs	1.584 μs	1.584 μs	0 ns	PushPop	:{'Module': 'LlamaForCausalLM.model.layers.0.self_attn.o_proj', 'TrainableParams': {'weight': [2048, 2048]}, 'Outputs': [[16, 2048]]}
0.0%	1.583 μs	1	1.583 μs	1.583 μs	1.583 μs	1.583 μs	0 ns	PushPop	:{'Module': 'LlamaForCausalLM.model.layers.13.post_attention_layernorm', 'TrainableParams': {'weight': [2048]}, 'Outputs': [[16, 2048], [16, 2048]]}
0.0%	1.580 μs	1	1.580 μs	1.580 μs	1.580 μs	1.580 μs	0 ns	PushPop	:{'Module': 'LlamaForCausalLM.model.layers.14.input_layernorm', 'TrainableParams': {'weight': [2048]}, 'Outputs': [[512, 2048], [512, 2048]]}
0.0%	1.579 μs	1	1.579 μs	1.579 μs	1.579 μs	1.579 μs	0 ns	PushPop	:{'Module': 'LlamaForCausalLM.model.layers.0.post_attention_layernorm', 'TrainableParams': {'weight': [2048]}, 'Outputs': [[84, 2048], [84, 2048]]}
0.0%	1.574 μs	1	1.574 μs	1.574 μs	1.574 μs	1.574 μs	0 ns	PushPop	:{'Module': 'LlamaForCausalLM.model.layers.6.input_layernorm', 'TrainableParams': {'weight': [2048]}, 'Outputs': [[84, 2048], [84, 2048]]}
0.0%	1.571 μs	1	1.571 μs	1.571 μs	1.571 μs	1.571 μs	0 ns	PushPop	:{'Module': 'LlamaForCausalLM.model.layers.13.self_attn.attn', 'Outputs': [[52, 2048]]}
0.0%	1.571 μs	1	1.571 μs	1.571 μs	1.571 μs	1.571 μs	0 ns	PushPop	:{'Module': 'LlamaForCausalLM.model.layers.7.self_attn.o_proj', 'TrainableParams': {'weight': [2048, 2048]}, 'Outputs': [[16, 2048]]}
0.0%	1.569 μs	1	1.569 μs	1.569 μs	1.569 μs	1.569 μs	0 ns	PushPop	:{'Module': 'LlamaForCausalLM.model.layers.3.mlp.gate_up_proj', 'TrainableParams': {'weight': [16384, 2048]}, 'Outputs': [[16, 16384]]}
0.0%	1.562 μs	1	1.562 μs	1.562 μs	1.562 μs	1.562 μs	0 ns	PushPop	:{'Module': 'LlamaForCausalLM.model.layers.0.self_attn.qkv_proj', 'TrainableParams': {'weight': [3072, 2048]}, 'Outputs': [[52, 3072]]}
0.0%	1.561 μs	1	1.561 μs	1.561 μs	1.561 μs	1.561 μs	0 ns	PushPop	:{'Module': 'LlamaForCausalLM.model.layers.6.self_attn.qkv_proj', 'TrainableParams': {'weight': [3072, 2048]}, 'Outputs': [[512, 3072]]}
0.0%	1.559 μs	1	1.559 μs	1.559 μs	1.559 μs	1.559 μs	0 ns	PushPop	:{'Module': 'LlamaForCausalLM.model.layers.10.self_attn.attn', 'Outputs': [[512, 2048]]}
0.0%	1.556 μs	1	1.556 μs	1.556 μs	1.556 μs	1.556 μs	0 ns	PushPop	:{'Module': 'LlamaForCausalLM.model.embed_tokens', 'TrainableParams': {'weight': [128256, 2048]}, 'Outputs': [[52, 2048]]}
0.0%	1.555 μs	1	1.555 μs	1.555 μs	1.555 μs	1.555 μs	0 ns	PushPop	:{'Module': 'LlamaForCausalLM.model.layers.0.self_attn.attn', 'Outputs': [[1873, 2048]]}
0.0%	1.553 μs	1	1.553 μs	1.553 μs	1.553 μs	1.553 μs	0 ns	PushPop	:{'Module': 'LlamaForCausalLM.model.layers.13.input_layernorm', 'TrainableParams': {'weight': [2048]}, 'Outputs': [[99, 2048], [99, 2048]]}
0.0%	1.552 μs	1	1.552 μs	1.552 μs	1.552 μs	1.552 μs	0 ns	PushPop	:{'Module': 'LlamaForCausalLM.model.layers.3.mlp.down_proj', 'TrainableParams': {'weight': [2048, 8192]}, 'Outputs': [[16, 2048]]}
0.0%	1.551 μs	1	1.551 μs	1.551 μs	1.551 μs	1.551 μs	0 ns	PushPop	:{'Module': 'LlamaForCausalLM.model.layers.1.input_layernorm', 'TrainableParams': {'weight': [2048]}, 'Outputs': [[256, 2048], [256, 2048]]}
0.0%	1.551 μs	1	1.551 μs	1.551 μs	1.551 μs	1.551 μs	0 ns	PushPop	:{'Module': 'LlamaForCausalLM.model.layers.10.mlp.down_proj', 'TrainableParams': {'weight': [2048, 8192]}, 'Outputs': [[256, 2048]]}
0.0%	1.550 μs	1	1.550 μs	1.550 μs	1.550 μs	1.550 μs	0 ns	PushPop	:{'Module': 'LlamaForCausalLM.model.layers.2.input_layernorm', 'TrainableParams': {'weight': [2048]}, 'Outputs': [[84, 2048], [84, 2048]]}
0.0%	1.544 μs	1	1.544 μs	1.544 μs	1.544 μs	1.544 μs	0 ns	PushPop	:{'Module': 'LlamaForCausalLM.model.layers.0.input_layernorm', 'TrainableParams': {'weight': [2048]}, 'Outputs': [[256, 2048]]}
0.0%	1.544 μs	1	1.544 μs	1.544 μs	1.544 μs	1.544 μs	0 ns	PushPop	:{'Module': 'LlamaForCausalLM.model.layers.1.input_layernorm', 'TrainableParams': {'weight': [2048]}, 'Outputs': [[52, 2048], [52, 2048]]}
0.0%	1.542 μs	1	1.542 μs	1.542 μs	1.542 μs	1.542 μs	0 ns	PushPop	:{'Module': 'LlamaForCausalLM.model.layers.15.input_layernorm', 'TrainableParams': {'weight': [2048]}, 'Outputs': [[16, 2048], [16, 2048]]}
0.0%	1.541 μs	1	1.541 μs	1.541 μs	1.541 μs	1.541 μs	0 ns	PushPop	:{'Module': 'LlamaForCausalLM.model.layers.10.self_attn.o_proj', 'TrainableParams': {'weight': [2048, 2048]}, 'Outputs': [[4, 2048]]}
0.0%	1.539 μs	1	1.539 μs	1.539 μs	1.539 μs	1.539 μs	0 ns	PushPop	:{'Module': 'LlamaForCausalLM.model.layers.0.mlp.act_fn', 'Outputs': [[512, 8192]]}
0.0%	1.536 μs	1	1.536 μs	1.536 μs	1.536 μs	1.536 μs	0 ns	PushPop	:{'Module': 'LlamaForCausalLM.model.layers.2.self_attn.qkv_proj', 'TrainableParams': {'weight': [3072, 2048]}, 'Outputs': [[512, 3072]]}
0.0%	1.535 μs	1	1.535 μs	1.535 μs	1.535 μs	1.535 μs	0 ns	PushPop	:{'Module': 'LlamaForCausalLM.model.layers.0.self_attn.attn', 'Outputs': [[512, 2048]]}
0.0%	1.534 μs	1	1.534 μs	1.534 μs	1.534 μs	1.534 μs	0 ns	PushPop	:{'Module': 'LlamaForCausalLM.model.embed_tokens', 'TrainableParams': {'weight': [128256, 2048]}, 'Outputs': [[4, 2048]]}
0.0%	1.533 μs	1	1.533 μs	1.533 μs	1.533 μs	1.533 μs	0 ns	PushPop	:{'Module': 'LlamaForCausalLM.model.layers.0.post_attention_layernorm', 'TrainableParams': {'weight': [2048]}, 'Outputs': [[52, 2048], [52, 2048]]}
0.0%	1.525 μs	1	1.525 μs	1.525 μs	1.525 μs	1.525 μs	0 ns	PushPop	:{'Module': 'LlamaForCausalLM.model.layers.0.self_attn.attn', 'Outputs': [[52, 2048]]}
0.0%	1.525 μs	1	1.525 μs	1.525 μs	1.525 μs	1.525 μs	0 ns	PushPop	:{'Module': 'LlamaForCausalLM.model.layers.1.self_attn.attn', 'Outputs': [[1873, 2048]]}
0.0%	1.524 μs	1	1.524 μs	1.524 μs	1.524 μs	1.524 μs	0 ns	PushPop	:{'Module': 'LlamaForCausalLM.model.layers.6.self_attn.attn', 'Outputs': [[68, 2048]]}
0.0%	1.523 μs	1	1.523 μs	1.523 μs	1.523 μs	1.523 μs	0 ns	PushPop	:{'Module': 'LlamaForCausalLM.model.layers.3.mlp.down_proj', 'TrainableParams': {'weight': [2048, 8192]}, 'Outputs': [[512, 2048]]}
0.0%	1.520 μs	1	1.520 μs	1.520 μs	1.520 μs	1.520 μs	0 ns	PushPop	:{'Module': 'LlamaForCausalLM.model.layers.0.mlp.act_fn', 'Outputs': [[256, 8192]]}
0.0%	1.519 μs	1	1.519 μs	1.519 μs	1.519 μs	1.519 μs	0 ns	PushPop	:{'Module': 'LlamaForCausalLM.model.layers.15.self_attn.o_proj', 'TrainableParams': {'weight': [2048, 2048]}, 'Outputs': [[84, 2048]]}
0.0%	1.515 μs	1	1.515 μs	1.515 μs	1.515 μs	1.515 μs	0 ns	PushPop	:{'Module': 'LlamaForCausalLM.model.layers.5.self_attn.attn', 'Outputs': [[512, 2048]]}
0.0%	1.512 μs	1	1.512 μs	1.512 μs	1.512 μs	1.512 μs	0 ns	PushPop	:{'Module': 'LlamaForCausalLM.logits_processor', 'Outputs': [[4, 128256]]}
0.0%	1.512 μs	1	1.512 μs	1.512 μs	1.512 μs	1.512 μs	0 ns	PushPop	:{'Module': 'LlamaForCausalLM.model.layers.1.self_attn.qkv_proj', 'TrainableParams': {'weight': [3072, 2048]}, 'Outputs': [[4, 3072]]}
0.0%	1.512 μs	1	1.512 μs	1.512 μs	1.512 μs	1.512 μs	0 ns	PushPop	:{'Module': 'LlamaForCausalLM.model.layers.3.self_attn.attn', 'Outputs': [[99, 2048]]}
0.0%	1.512 μs	1	1.512 μs	1.512 μs	1.512 μs	1.512 μs	0 ns	PushPop	:{'Module': 'LlamaForCausalLM.model.layers.9.self_attn.o_proj', 'TrainableParams': {'weight': [2048, 2048]}, 'Outputs': [[512, 2048]]}
0.0%	1.509 μs	1	1.509 μs	1.509 μs	1.509 μs	1.509 μs	0 ns	PushPop	:{'Module': 'LlamaForCausalLM.logits_processor', 'Outputs': [[33, 128256]]}
0.0%	1.508 μs	1	1.508 μs	1.508 μs	1.508 μs	1.508 μs	0 ns	PushPop	:{'Module': 'LlamaForCausalLM.model.layers.1.input_layernorm', 'TrainableParams': {'weight': [2048]}, 'Outputs': [[4, 2048], [4, 2048]]}
0.0%	1.505 μs	1	1.505 μs	1.505 μs	1.505 μs	1.505 μs	0 ns	PushPop	:{'Module': 'LlamaForCausalLM.model.layers.2.self_attn.o_proj', 'TrainableParams': {'weight': [2048, 2048]}, 'Outputs': [[99, 2048]]}
0.0%	1.505 μs	1	1.505 μs	1.505 μs	1.505 μs	1.505 μs	0 ns	PushPop	:{'Module': 'LlamaForCausalLM.model.layers.7.input_layernorm', 'TrainableParams': {'weight': [2048]}, 'Outputs': [[512, 2048], [512, 2048]]}
0.0%	1.502 μs	1	1.502 μs	1.502 μs	1.502 μs	1.502 μs	0 ns	PushPop	:{'Module': 'LlamaForCausalLM.model.layers.5.self_attn.qkv_proj', 'TrainableParams': {'weight': [3072, 2048]}, 'Outputs': [[84, 3072]]}
0.0%	1.499 μs	1	1.499 μs	1.499 μs	1.499 μs	1.499 μs	0 ns	PushPop	:{'Module': 'LlamaForCausalLM.model.layers.0.post_attention_layernorm', 'TrainableParams': {'weight': [2048]}, 'Outputs': [[68, 2048], [68, 2048]]}
0.0%	1.499 μs	1	1.499 μs	1.499 μs	1.499 μs	1.499 μs	0 ns	PushPop	:{'Module': 'LlamaForCausalLM.model.layers.2.self_attn.attn', 'Outputs': [[16, 2048]]}
0.0%	1.497 μs	1	1.497 μs	1.497 μs	1.497 μs	1.497 μs	0 ns	PushPop	:{'Module': 'LlamaForCausalLM.model.layers.11.mlp.gate_up_proj', 'TrainableParams': {'weight': [16384, 2048]}, 'Outputs': [[99, 16384]]}
0.0%	1.494 μs	1	1.494 μs	1.494 μs	1.494 μs	1.494 μs	0 ns	PushPop	:{'Module': 'LlamaForCausalLM.model.layers.0.mlp.gate_up_proj', 'TrainableParams': {'weight': [16384, 2048]}, 'Outputs': [[20, 16384]]}
0.0%	1.493 μs	1	1.493 μs	1.493 μs	1.493 μs	1.493 μs	0 ns	PushPop	:{'Module': 'LlamaForCausalLM.model.layers.0.mlp.gate_up_proj', 'TrainableParams': {'weight': [16384, 2048]}, 'Outputs': [[4, 16384]]}
0.0%	1.492 μs	1	1.492 μs	1.492 μs	1.492 μs	1.492 μs	0 ns	PushPop	:{'Module': 'LlamaForCausalLM.model.layers.0.post_attention_layernorm', 'TrainableParams': {'weight': [2048]}, 'Outputs': [[20, 2048], [20, 2048]]}
0.0%	1.492 μs	1	1.492 μs	1.492 μs	1.492 μs	1.492 μs	0 ns	PushPop	:{'Module': 'LlamaForCausalLM.model.layers.1.post_attention_layernorm', 'TrainableParams': {'weight': [2048]}, 'Outputs': [[52, 2048], [52, 2048]]}
0.0%	1.491 μs	1	1.491 μs	1.491 μs	1.491 μs	1.491 μs	0 ns	PushPop	:{'Module': 'LlamaForCausalLM.model.layers.2.self_attn.attn', 'Outputs': [[512, 2048]]}
0.0%	1.489 μs	1	1.489 μs	1.489 μs	1.489 μs	1.489 μs	0 ns	PushPop	:{'Module': 'LlamaForCausalLM.model.layers.8.self_attn.attn', 'Outputs': [[512, 2048]]}
0.0%	1.487 μs	1	1.487 μs	1.487 μs	1.487 μs	1.487 μs	0 ns	PushPop	:{'Module': 'LlamaForCausalLM.model.layers.3.self_attn.attn', 'Outputs': [[512, 2048]]}
0.0%	1.487 μs	1	1.487 μs	1.487 μs	1.487 μs	1.487 μs	0 ns	PushPop	:{'Module': 'LlamaForCausalLM.model.layers.4.self_attn.o_proj', 'TrainableParams': {'weight': [2048, 2048]}, 'Outputs': [[16, 2048]]}
0.0%	1.486 μs	1	1.486 μs	1.486 μs	1.486 μs	1.486 μs	0 ns	PushPop	:{'Module': 'LlamaForCausalLM.model.layers.0.post_attention_layernorm', 'TrainableParams': {'weight': [2048]}, 'Outputs': [[256, 2048], [256, 2048]]}
0.0%	1.483 μs	1	1.483 μs	1.483 μs	1.483 μs	1.483 μs	0 ns	PushPop	:{'Module': 'LlamaForCausalLM.model.layers.5', 'Outputs': [[99, 2048], [99, 2048]]}
0.0%	1.482 μs	1	1.482 μs	1.482 μs	1.482 μs	1.482 μs	0 ns	PushPop	:{'Module': 'LlamaForCausalLM.model.layers.8.self_attn', 'Outputs': [[36, 2048]]}
0.0%	1.481 μs	1	1.481 μs	1.481 μs	1.481 μs	1.481 μs	0 ns	PushPop	:{'Module': 'LlamaForCausalLM.model.layers.1.self_attn.o_proj', 'TrainableParams': {'weight': [2048, 2048]}, 'Outputs': [[52, 2048]]}
0.0%	1.481 μs	1	1.481 μs	1.481 μs	1.481 μs	1.481 μs	0 ns	PushPop	:{'Module': 'LlamaForCausalLM.model.layers.5.self_attn.attn', 'Outputs': [[16, 2048]]}
0.0%	1.479 μs	1	1.479 μs	1.479 μs	1.479 μs	1.479 μs	0 ns	PushPop	:{'Module': 'LlamaForCausalLM.model.layers.10.self_attn.attn', 'Outputs': [[1873, 2048]]}
0.0%	1.479 μs	1	1.479 μs	1.479 μs	1.479 μs	1.479 μs	0 ns	PushPop	:{'Module': 'LlamaForCausalLM.model.layers.4.post_attention_layernorm', 'TrainableParams': {'weight': [2048]}, 'Outputs': [[512, 2048], [512, 2048]]}
0.0%	1.478 μs	1	1.478 μs	1.478 μs	1.478 μs	1.478 μs	0 ns	PushPop	:{'Module': 'LlamaForCausalLM.model.layers.0.mlp.act_fn', 'Outputs': [[52, 8192]]}
0.0%	1.477 μs	1	1.477 μs	1.477 μs	1.477 μs	1.477 μs	0 ns	PushPop	:{'Module': 'LlamaForCausalLM.model.layers.0.mlp.act_fn', 'Outputs': [[36, 8192]]}
0.0%	1.476 μs	1	1.476 μs	1.476 μs	1.476 μs	1.476 μs	0 ns	PushPop	:{'Module': 'LlamaForCausalLM.model.layers.11.self_attn.attn', 'Outputs': [[16, 2048]]}
0.0%	1.475 μs	1	1.475 μs	1.475 μs	1.475 μs	1.475 μs	0 ns	PushPop	:{'Module': 'LlamaForCausalLM.model.layers.4.self_attn.attn', 'Outputs': [[99, 2048]]}
0.0%	1.475 μs	1	1.475 μs	1.475 μs	1.475 μs	1.475 μs	0 ns	PushPop	:{'Module': 'LlamaForCausalLM.model.layers.7.input_layernorm', 'TrainableParams': {'weight': [2048]}, 'Outputs': [[68, 2048], [68, 2048]]}
0.0%	1.473 μs	1	1.473 μs	1.473 μs	1.473 μs	1.473 μs	0 ns	PushPop	:{'Module': 'LlamaForCausalLM.model.layers.12.input_layernorm', 'TrainableParams': {'weight': [2048]}, 'Outputs': [[16, 2048], [16, 2048]]}
0.0%	1.472 μs	1	1.472 μs	1.472 μs	1.472 μs	1.472 μs	0 ns	PushPop	:{'Module': 'LlamaForCausalLM.model.layers.1.self_attn.attn', 'Outputs': [[16, 2048]]}
0.0%	1.471 μs	1	1.471 μs	1.471 μs	1.471 μs	1.471 μs	0 ns	PushPop	:{'Module': 'LlamaForCausalLM.model.layers.6.self_attn.attn', 'Outputs': [[1873, 2048]]}
0.0%	1.471 μs	1	1.471 μs	1.471 μs	1.471 μs	1.471 μs	0 ns	PushPop	:{'Module': 'LlamaForCausalLM.model.layers.7.self_attn.attn', 'Outputs': [[16, 2048]]}
0.0%	1.469 μs	1	1.469 μs	1.469 μs	1.469 μs	1.469 μs	0 ns	PushPop	:{'Module': 'LlamaForCausalLM.model.layers.0.self_attn.attn', 'Outputs': [[4, 2048]]}
0.0%	1.469 μs	1	1.469 μs	1.469 μs	1.469 μs	1.469 μs	0 ns	PushPop	:{'Module': 'LlamaForCausalLM.model.layers.14.input_layernorm', 'TrainableParams': {'weight': [2048]}, 'Outputs': [[99, 2048], [99, 2048]]}
0.0%	1.469 μs	1	1.469 μs	1.469 μs	1.469 μs	1.469 μs	0 ns	PushPop	:{'Module': 'LlamaForCausalLM.model.layers.5.mlp.down_proj', 'TrainableParams': {'weight': [2048, 8192]}, 'Outputs': [[256, 2048]]}
0.0%	1.467 μs	1	1.467 μs	1.467 μs	1.467 μs	1.467 μs	0 ns	PushPop	:{'Module': 'LlamaForCausalLM.model.layers.7.mlp.down_proj', 'TrainableParams': {'weight': [2048, 8192]}, 'Outputs': [[1873, 2048]]}
0.0%	1.465 μs	1	1.465 μs	1.465 μs	1.465 μs	1.465 μs	0 ns	PushPop	:{'Module': 'LlamaForCausalLM.model.layers.0.mlp.act_fn', 'Outputs': [[68, 8192]]}
0.0%	1.465 μs	1	1.465 μs	1.465 μs	1.465 μs	1.465 μs	0 ns	PushPop	:{'Module': 'LlamaForCausalLM.model.layers.11.input_layernorm', 'TrainableParams': {'weight': [2048]}, 'Outputs': [[16, 2048], [16, 2048]]}
0.0%	1.464 μs	1	1.464 μs	1.464 μs	1.464 μs	1.464 μs	0 ns	PushPop	:{'Module': 'LlamaForCausalLM.model.layers.4.self_attn.attn', 'Outputs': [[1873, 2048]]}
0.0%	1.463 μs	1	1.463 μs	1.463 μs	1.463 μs	1.463 μs	0 ns	PushPop	:{'Module': 'LlamaForCausalLM.model.layers.13.self_attn.attn', 'Outputs': [[16, 2048]]}
0.0%	1.463 μs	1	1.463 μs	1.463 μs	1.463 μs	1.463 μs	0 ns	PushPop	:{'Module': 'LlamaForCausalLM.model.layers.2.self_attn.qkv_proj', 'TrainableParams': {'weight': [3072, 2048]}, 'Outputs': [[256, 3072]]}
0.0%	1.459 μs	1	1.459 μs	1.459 μs	1.459 μs	1.459 μs	0 ns	PushPop	:{'Module': 'LlamaForCausalLM.model.layers.3.post_attention_layernorm', 'TrainableParams': {'weight': [2048]}, 'Outputs': [[16, 2048], [16, 2048]]}
0.0%	1.459 μs	1	1.459 μs	1.459 μs	1.459 μs	1.459 μs	0 ns	PushPop	:{'Module': 'LlamaForCausalLM.model.layers.8.self_attn.o_proj', 'TrainableParams': {'weight': [2048, 2048]}, 'Outputs': [[512, 2048]]}
0.0%	1.458 μs	1	1.458 μs	1.458 μs	1.458 μs	1.458 μs	0 ns	PushPop	:{'Module': 'LlamaForCausalLM.model.layers.9.self_attn.attn', 'Outputs': [[99, 2048]]}
0.0%	1.457 μs	1	1.457 μs	1.457 μs	1.457 μs	1.457 μs	0 ns	PushPop	:{'Module': 'LlamaForCausalLM.model.layers.8.self_attn.qkv_proj', 'TrainableParams': {'weight': [3072, 2048]}, 'Outputs': [[512, 3072]]}
0.0%	1.455 μs	1	1.455 μs	1.455 μs	1.455 μs	1.455 μs	0 ns	PushPop	:{'Module': 'LlamaForCausalLM.model.layers.14.input_layernorm', 'TrainableParams': {'weight': [2048]}, 'Outputs': [[16, 2048], [16, 2048]]}
0.0%	1.454 μs	1	1.454 μs	1.454 μs	1.454 μs	1.454 μs	0 ns	PushPop	:{'Module': 'LlamaForCausalLM.model.layers.5.mlp.down_proj', 'TrainableParams': {'weight': [2048, 8192]}, 'Outputs': [[68, 2048]]}
0.0%	1.452 μs	1	1.452 μs	1.452 μs	1.452 μs	1.452 μs	0 ns	PushPop	:{'Module': 'LlamaForCausalLM.model.layers.8.self_attn.o_proj', 'TrainableParams': {'weight': [2048, 2048]}, 'Outputs': [[52, 2048]]}
0.0%	1.450 μs	1	1.450 μs	1.450 μs	1.450 μs	1.450 μs	0 ns	PushPop	:{'Module': 'LlamaForCausalLM.model.layers.0.post_attention_layernorm', 'TrainableParams': {'weight': [2048]}, 'Outputs': [[36, 2048], [36, 2048]]}
0.0%	1.450 μs	1	1.450 μs	1.450 μs	1.450 μs	1.450 μs	0 ns	PushPop	:{'Module': 'LlamaForCausalLM.model.layers.0.self_attn', 'Outputs': [[256, 2048]]}
0.0%	1.450 μs	1	1.450 μs	1.450 μs	1.450 μs	1.450 μs	0 ns	PushPop	:{'Module': 'LlamaForCausalLM.model.layers.13.self_attn.attn', 'Outputs': [[4, 2048]]}
0.0%	1.449 μs	1	1.449 μs	1.449 μs	1.449 μs	1.449 μs	0 ns	PushPop	:{'Module': 'LlamaForCausalLM.model.layers.1.post_attention_layernorm', 'TrainableParams': {'weight': [2048]}, 'Outputs': [[512, 2048], [512, 2048]]}
0.0%	1.448 μs	1	1.448 μs	1.448 μs	1.448 μs	1.448 μs	0 ns	PushPop	:{'Module': 'LlamaForCausalLM.model.layers.3.mlp.act_fn', 'Outputs': [[512, 8192]]}
0.0%	1.446 μs	1	1.446 μs	1.446 μs	1.446 μs	1.446 μs	0 ns	PushPop	:{'Module': 'LlamaForCausalLM.model.embed_tokens', 'TrainableParams': {'weight': [128256, 2048]}, 'Outputs': [[36, 2048]]}
0.0%	1.446 μs	1	1.446 μs	1.446 μs	1.446 μs	1.446 μs	0 ns	PushPop	:{'Module': 'LlamaForCausalLM.model.layers.14.self_attn.qkv_proj', 'TrainableParams': {'weight': [3072, 2048]}, 'Outputs': [[16, 3072]]}
0.0%	1.446 μs	1	1.446 μs	1.446 μs	1.446 μs	1.446 μs	0 ns	PushPop	:{'Module': 'LlamaForCausalLM.model.layers.6.self_attn.attn', 'Outputs': [[16, 2048]]}
0.0%	1.446 μs	1	1.446 μs	1.446 μs	1.446 μs	1.446 μs	0 ns	PushPop	:{'Module': 'LlamaForCausalLM.model.layers.9.post_attention_layernorm', 'TrainableParams': {'weight': [2048]}, 'Outputs': [[256, 2048], [256, 2048]]}
0.0%	1.445 μs	1	1.445 μs	1.445 μs	1.445 μs	1.445 μs	0 ns	PushPop	:{'Module': 'LlamaForCausalLM.model.layers.3.post_attention_layernorm', 'TrainableParams': {'weight': [2048]}, 'Outputs': [[512, 2048], [512, 2048]]}
0.0%	1.445 μs	1	1.445 μs	1.445 μs	1.445 μs	1.445 μs	0 ns	PushPop	:{'Module': 'LlamaForCausalLM.model.layers.7.self_attn.attn', 'Outputs': [[99, 2048]]}
0.0%	1.444 μs	1	1.444 μs	1.444 μs	1.444 μs	1.444 μs	0 ns	PushPop	:{'Module': 'LlamaForCausalLM.model.layers.7.mlp.down_proj', 'TrainableParams': {'weight': [2048, 8192]}, 'Outputs': [[36, 2048]]}
0.0%	1.443 μs	1	1.443 μs	1.443 μs	1.443 μs	1.443 μs	0 ns	PushPop	:{'Module': 'LlamaForCausalLM.model.layers.6.self_attn.attn', 'Outputs': [[99, 2048]]}
0.0%	1.443 μs	1	1.443 μs	1.443 μs	1.443 μs	1.443 μs	0 ns	PushPop	:{'Module': 'LlamaForCausalLM.model.layers.8.post_attention_layernorm', 'TrainableParams': {'weight': [2048]}, 'Outputs': [[20, 2048], [20, 2048]]}
0.0%	1.440 μs	1	1.440 μs	1.440 μs	1.440 μs	1.440 μs	0 ns	PushPop	:{'Module': 'LlamaForCausalLM.model.layers.11.post_attention_layernorm', 'TrainableParams': {'weight': [2048]}, 'Outputs': [[16, 2048], [16, 2048]]}
0.0%	1.440 μs	1	1.440 μs	1.440 μs	1.440 μs	1.440 μs	0 ns	PushPop	:{'Module': 'LlamaForCausalLM.model.layers.2.self_attn.attn', 'Outputs': [[1873, 2048]]}
0.0%	1.438 μs	1	1.438 μs	1.438 μs	1.438 μs	1.438 μs	0 ns	PushPop	:{'Module': 'LlamaForCausalLM.model.embed_tokens', 'TrainableParams': {'weight': [128256, 2048]}, 'Outputs': [[68, 2048]]}
0.0%	1.436 μs	1	1.436 μs	1.436 μs	1.436 μs	1.436 μs	0 ns	PushPop	:{'Module': 'LlamaForCausalLM.model.layers.0.post_attention_layernorm', 'TrainableParams': {'weight': [2048]}, 'Outputs': [[512, 2048], [512, 2048]]}
0.0%	1.435 μs	1	1.435 μs	1.435 μs	1.435 μs	1.435 μs	0 ns	PushPop	:{'Module': 'LlamaForCausalLM.model.layers.5.self_attn.o_proj', 'TrainableParams': {'weight': [2048, 2048]}, 'Outputs': [[256, 2048]]}
0.0%	1.434 μs	1	1.434 μs	1.434 μs	1.434 μs	1.434 μs	0 ns	PushPop	:{'Module': 'LlamaForCausalLM.model.layers.14.mlp.down_proj', 'TrainableParams': {'weight': [2048, 8192]}, 'Outputs': [[16, 2048]]}
0.0%	1.433 μs	1	1.433 μs	1.433 μs	1.433 μs	1.433 μs	0 ns	PushPop	:{'Module': 'LlamaForCausalLM.model.layers.14.post_attention_layernorm', 'TrainableParams': {'weight': [2048]}, 'Outputs': [[512, 2048], [512, 2048]]}
0.0%	1.433 μs	1	1.433 μs	1.433 μs	1.433 μs	1.433 μs	0 ns	PushPop	:{'Module': 'LlamaForCausalLM.model.layers.5.input_layernorm', 'TrainableParams': {'weight': [2048]}, 'Outputs': [[512, 2048], [512, 2048]]}
0.0%	1.432 μs	1	1.432 μs	1.432 μs	1.432 μs	1.432 μs	0 ns	PushPop	:{'Module': 'LlamaForCausalLM.model.layers.6.self_attn.o_proj', 'TrainableParams': {'weight': [2048, 2048]}, 'Outputs': [[99, 2048]]}
0.0%	1.432 μs	1	1.432 μs	1.432 μs	1.432 μs	1.432 μs	0 ns	PushPop	:{'Module': 'LlamaForCausalLM.model.layers.7.self_attn.attn', 'Outputs': [[256, 2048]]}
0.0%	1.431 μs	1	1.431 μs	1.431 μs	1.431 μs	1.431 μs	0 ns	PushPop	:{'Module': 'LlamaForCausalLM.model.layers.7.self_attn.qkv_proj', 'TrainableParams': {'weight': [3072, 2048]}, 'Outputs': [[16, 3072]]}
0.0%	1.429 μs	1	1.429 μs	1.429 μs	1.429 μs	1.429 μs	0 ns	PushPop	:{'Module': 'LlamaForCausalLM.model.layers.15.self_attn.attn', 'Outputs': [[20, 2048]]}
0.0%	1.428 μs	1	1.428 μs	1.428 μs	1.428 μs	1.428 μs	0 ns	PushPop	:{'Module': 'LlamaForCausalLM.model.layers.3.self_attn.o_proj', 'TrainableParams': {'weight': [2048, 2048]}, 'Outputs': [[512, 2048]]}
0.0%	1.427 μs	1	1.427 μs	1.427 μs	1.427 μs	1.427 μs	0 ns	PushPop	:{'Module': 'LlamaForCausalLM.model.layers.0.mlp', 'Outputs': [[512, 2048]]}
0.0%	1.427 μs	1	1.427 μs	1.427 μs	1.427 μs	1.427 μs	0 ns	PushPop	:{'Module': 'LlamaForCausalLM.model.layers.15.input_layernorm', 'TrainableParams': {'weight': [2048]}, 'Outputs': [[512, 2048], [512, 2048]]}
0.0%	1.425 μs	1	1.425 μs	1.425 μs	1.425 μs	1.425 μs	0 ns	PushPop	:{'Module': 'LlamaForCausalLM.model.layers.9.self_attn.qkv_proj', 'TrainableParams': {'weight': [3072, 2048]}, 'Outputs': [[256, 3072]]}
0.0%	1.424 μs	1	1.424 μs	1.424 μs	1.424 μs	1.424 μs	0 ns	PushPop	:{'Module': 'LlamaForCausalLM.model.layers.8.self_attn.attn', 'Outputs': [[4, 2048]]}
0.0%	1.424 μs	1	1.424 μs	1.424 μs	1.424 μs	1.424 μs	0 ns	PushPop	:{'Module': 'LlamaForCausalLM.model.layers.9.self_attn.attn', 'Outputs': [[16, 2048]]}
0.0%	1.423 μs	1	1.423 μs	1.423 μs	1.423 μs	1.423 μs	0 ns	PushPop	:{'Module': 'LlamaForCausalLM.model.layers.13.self_attn.qkv_proj', 'TrainableParams': {'weight': [3072, 2048]}, 'Outputs': [[68, 3072]]}
0.0%	1.423 μs	1	1.423 μs	1.423 μs	1.423 μs	1.423 μs	0 ns	PushPop	:{'Module': 'LlamaForCausalLM.model.layers.15.self_attn.attn', 'Outputs': [[512, 2048]]}
0.0%	1.423 μs	1	1.423 μs	1.423 μs	1.423 μs	1.423 μs	0 ns	PushPop	:{'Module': 'LlamaForCausalLM.model.norm', 'TrainableParams': {'weight': [2048]}, 'Outputs': [[68, 2048], [68, 2048]]}
0.0%	1.420 μs	1	1.420 μs	1.420 μs	1.420 μs	1.420 μs	0 ns	PushPop	:{'Module': 'LlamaForCausalLM.model.layers.0.mlp.act_fn', 'Outputs': [[4, 8192]]}
0.0%	1.419 μs	1	1.419 μs	1.419 μs	1.419 μs	1.419 μs	0 ns	PushPop	:{'Module': 'LlamaForCausalLM.model.layers.6.self_attn.attn', 'Outputs': [[512, 2048]]}
0.0%	1.419 μs	1	1.419 μs	1.419 μs	1.419 μs	1.419 μs	0 ns	PushPop	:{'Module': 'LlamaForCausalLM.model.layers.6.self_attn.qkv_proj', 'TrainableParams': {'weight': [3072, 2048]}, 'Outputs': [[84, 3072]]}
0.0%	1.418 μs	1	1.418 μs	1.418 μs	1.418 μs	1.418 μs	0 ns	PushPop	:{'Module': 'LlamaForCausalLM.model.layers.4.self_attn.attn', 'Outputs': [[512, 2048]]}
0.0%	1.417 μs	1	1.417 μs	1.417 μs	1.417 μs	1.417 μs	0 ns	PushPop	:{'Module': 'LlamaForCausalLM.model.layers.3.self_attn.attn', 'Outputs': [[52, 2048]]}
0.0%	1.416 μs	1	1.416 μs	1.416 μs	1.416 μs	1.416 μs	0 ns	PushPop	:{'Module': 'LlamaForCausalLM.model.layers.2.self_attn.attn', 'Outputs': [[20, 2048]]}
0.0%	1.415 μs	1	1.415 μs	1.415 μs	1.415 μs	1.415 μs	0 ns	PushPop	:{'Module': 'LlamaForCausalLM.model.layers.9.input_layernorm', 'TrainableParams': {'weight': [2048]}, 'Outputs': [[52, 2048], [52, 2048]]}
0.0%	1.414 μs	1	1.414 μs	1.414 μs	1.414 μs	1.414 μs	0 ns	PushPop	:{'Module': 'LlamaForCausalLM.model.layers.14.self_attn.attn', 'Outputs': [[1873, 2048]]}
0.0%	1.414 μs	1	1.414 μs	1.414 μs	1.414 μs	1.414 μs	0 ns	PushPop	:{'Module': 'LlamaForCausalLM.model.layers.3.mlp.act_fn', 'Outputs': [[68, 8192]]}
0.0%	1.414 μs	1	1.414 μs	1.414 μs	1.414 μs	1.414 μs	0 ns	PushPop	:{'Module': 'LlamaForCausalLM.model.layers.5.self_attn.o_proj', 'TrainableParams': {'weight': [2048, 2048]}, 'Outputs': [[512, 2048]]}
0.0%	1.413 μs	1	1.413 μs	1.413 μs	1.413 μs	1.413 μs	0 ns	PushPop	:{'Module': 'LlamaForCausalLM.model.layers.7.self_attn.o_proj', 'TrainableParams': {'weight': [2048, 2048]}, 'Outputs': [[99, 2048]]}
0.0%	1.412 μs	1	1.412 μs	1.412 μs	1.412 μs	1.412 μs	0 ns	PushPop	:{'Module': 'LlamaForCausalLM.model.layers.10.post_attention_layernorm', 'TrainableParams': {'weight': [2048]}, 'Outputs': [[256, 2048], [256, 2048]]}
0.0%	1.411 μs	1	1.411 μs	1.411 μs	1.411 μs	1.411 μs	0 ns	PushPop	:{'Module': 'LlamaForCausalLM.model.layers.15.self_attn.qkv_proj', 'TrainableParams': {'weight': [3072, 2048]}, 'Outputs': [[512, 3072]]}
0.0%	1.411 μs	1	1.411 μs	1.411 μs	1.411 μs	1.411 μs	0 ns	PushPop	:{'Module': 'LlamaForCausalLM.model.layers.4.input_layernorm', 'TrainableParams': {'weight': [2048]}, 'Outputs': [[512, 2048], [512, 2048]]}
0.0%	1.410 μs	1	1.410 μs	1.410 μs	1.410 μs	1.410 μs	0 ns	PushPop	:{'Module': 'LlamaForCausalLM.model.layers.5.input_layernorm', 'TrainableParams': {'weight': [2048]}, 'Outputs': [[256, 2048], [256, 2048]]}
0.0%	1.409 μs	1	1.409 μs	1.409 μs	1.409 μs	1.409 μs	0 ns	PushPop	:{'Module': 'LlamaForCausalLM.model.layers.5.post_attention_layernorm', 'TrainableParams': {'weight': [2048]}, 'Outputs': [[1873, 2048], [1873, 2048]]}
0.0%	1.408 μs	1	1.408 μs	1.408 μs	1.408 μs	1.408 μs	0 ns	PushPop	:{'Module': 'LlamaForCausalLM.model.layers.0.self_attn.qkv_proj', 'TrainableParams': {'weight': [3072, 2048]}, 'Outputs': [[4, 3072]]}
0.0%	1.408 μs	1	1.408 μs	1.408 μs	1.408 μs	1.408 μs	0 ns	PushPop	:{'Module': 'LlamaForCausalLM.model.layers.0.self_attn.qkv_proj', 'TrainableParams': {'weight': [3072, 2048]}, 'Outputs': [[84, 3072]]}
0.0%	1.407 μs	1	1.407 μs	1.407 μs	1.407 μs	1.407 μs	0 ns	PushPop	:{'Module': 'LlamaForCausalLM.model.layers.11.self_attn.o_proj', 'TrainableParams': {'weight': [2048, 2048]}, 'Outputs': [[512, 2048]]}
0.0%	1.407 μs	1	1.407 μs	1.407 μs	1.407 μs	1.407 μs	0 ns	PushPop	:{'Module': 'LlamaForCausalLM.model.layers.6.input_layernorm', 'TrainableParams': {'weight': [2048]}, 'Outputs': [[512, 2048], [512, 2048]]}
0.0%	1.407 μs	1	1.407 μs	1.407 μs	1.407 μs	1.407 μs	0 ns	PushPop	:{'Module': 'LlamaForCausalLM.model.layers.9.self_attn.o_proj', 'TrainableParams': {'weight': [2048, 2048]}, 'Outputs': [[99, 2048]]}
0.0%	1.406 μs	1	1.406 μs	1.406 μs	1.406 μs	1.406 μs	0 ns	PushPop	:{'Module': 'LlamaForCausalLM.model.layers.11.self_attn.attn', 'Outputs': [[52, 2048]]}
0.0%	1.401 μs	1	1.401 μs	1.401 μs	1.401 μs	1.401 μs	0 ns	PushPop	:{'Module': 'LlamaForCausalLM.model.layers.10.input_layernorm', 'TrainableParams': {'weight': [2048]}, 'Outputs': [[512, 2048], [512, 2048]]}
0.0%	1.401 μs	1	1.401 μs	1.401 μs	1.401 μs	1.401 μs	0 ns	PushPop	:{'Module': 'LlamaForCausalLM.model.layers.14.self_attn.attn', 'Outputs': [[512, 2048]]}
0.0%	1.399 μs	1	1.399 μs	1.399 μs	1.399 μs	1.399 μs	0 ns	PushPop	:{'Module': 'LlamaForCausalLM.model.layers.9.post_attention_layernorm', 'TrainableParams': {'weight': [2048]}, 'Outputs': [[512, 2048], [512, 2048]]}
0.0%	1.398 μs	1	1.398 μs	1.398 μs	1.398 μs	1.398 μs	0 ns	PushPop	:{'Module': 'LlamaForCausalLM.model.layers.0.mlp.gate_up_proj', 'TrainableParams': {'weight': [16384, 2048]}, 'Outputs': [[84, 16384]]}
0.0%	1.398 μs	1	1.398 μs	1.398 μs	1.398 μs	1.398 μs	0 ns	PushPop	:{'Module': 'LlamaForCausalLM.model.layers.13.mlp.act_fn', 'Outputs': [[512, 8192]]}
0.0%	1.397 μs	1	1.397 μs	1.397 μs	1.397 μs	1.397 μs	0 ns	PushPop	:{'Module': 'LlamaForCausalLM.model.layers.11.mlp.down_proj', 'TrainableParams': {'weight': [2048, 8192]}, 'Outputs': [[99, 2048]]}
0.0%	1.397 μs	1	1.397 μs	1.397 μs	1.397 μs	1.397 μs	0 ns	PushPop	:{'Module': 'LlamaForCausalLM.model.layers.12.self_attn.o_proj', 'TrainableParams': {'weight': [2048, 2048]}, 'Outputs': [[256, 2048]]}
0.0%	1.397 μs	1	1.397 μs	1.397 μs	1.397 μs	1.397 μs	0 ns	PushPop	:{'Module': 'LlamaForCausalLM.model.layers.2.mlp.down_proj', 'TrainableParams': {'weight': [2048, 8192]}, 'Outputs': [[512, 2048]]}
0.0%	1.397 μs	1	1.397 μs	1.397 μs	1.397 μs	1.397 μs	0 ns	PushPop	:{'Module': 'LlamaForCausalLM.model.layers.5.self_attn.o_proj', 'TrainableParams': {'weight': [2048, 2048]}, 'Outputs': [[4, 2048]]}
0.0%	1.396 μs	1	1.396 μs	1.396 μs	1.396 μs	1.396 μs	0 ns	PushPop	:{'Module': 'LlamaForCausalLM.model.layers.11.self_attn.o_proj', 'TrainableParams': {'weight': [2048, 2048]}, 'Outputs': [[16, 2048]]}
0.0%	1.396 μs	1	1.396 μs	1.396 μs	1.396 μs	1.396 μs	0 ns	PushPop	:{'Module': 'LlamaForCausalLM.model.layers.13.self_attn.qkv_proj', 'TrainableParams': {'weight': [3072, 2048]}, 'Outputs': [[36, 3072]]}
0.0%	1.395 μs	1	1.395 μs	1.395 μs	1.395 μs	1.395 μs	0 ns	PushPop	:{'Module': 'LlamaForCausalLM.model.layers.6.mlp.gate_up_proj', 'TrainableParams': {'weight': [16384, 2048]}, 'Outputs': [[16, 16384]]}
0.0%	1.394 μs	1	1.394 μs	1.394 μs	1.394 μs	1.394 μs	0 ns	PushPop	:{'Module': 'LlamaForCausalLM.model.layers.0.self_attn.attn', 'Outputs': [[20, 2048]]}
0.0%	1.394 μs	1	1.394 μs	1.394 μs	1.394 μs	1.394 μs	0 ns	PushPop	:{'Module': 'LlamaForCausalLM.model.layers.3.self_attn.attn', 'Outputs': [[16, 2048]]}
0.0%	1.394 μs	1	1.394 μs	1.394 μs	1.394 μs	1.394 μs	0 ns	PushPop	:{'Module': 'LlamaForCausalLM.model.layers.4', 'Outputs': [[256, 2048], [256, 2048]]}
0.0%	1.394 μs	1	1.394 μs	1.394 μs	1.394 μs	1.394 μs	0 ns	PushPop	:{'Module': 'LlamaForCausalLM.model.layers.6.input_layernorm', 'TrainableParams': {'weight': [2048]}, 'Outputs': [[99, 2048], [99, 2048]]}
0.0%	1.393 μs	1	1.393 μs	1.393 μs	1.393 μs	1.393 μs	0 ns	PushPop	:{'Module': 'LlamaForCausalLM.model.layers.3.mlp.down_proj', 'TrainableParams': {'weight': [2048, 8192]}, 'Outputs': [[256, 2048]]}
0.0%	1.392 μs	1	1.392 μs	1.392 μs	1.392 μs	1.392 μs	0 ns	PushPop	:{'Module': 'LlamaForCausalLM.model.layers.9.self_attn.o_proj', 'TrainableParams': {'weight': [2048, 2048]}, 'Outputs': [[1873, 2048]]}
0.0%	1.391 μs	1	1.391 μs	1.391 μs	1.391 μs	1.391 μs	0 ns	PushPop	:{'Module': 'LlamaForCausalLM.model.layers.2.post_attention_layernorm', 'TrainableParams': {'weight': [2048]}, 'Outputs': [[16, 2048], [16, 2048]]}
0.0%	1.390 μs	1	1.390 μs	1.390 μs	1.390 μs	1.390 μs	0 ns	PushPop	:{'Module': 'LlamaForCausalLM.model.layers.0.self_attn.attn', 'Outputs': [[84, 2048]]}
0.0%	1.390 μs	1	1.390 μs	1.390 μs	1.390 μs	1.390 μs	0 ns	PushPop	:{'Module': 'LlamaForCausalLM.model.layers.1.post_attention_layernorm', 'TrainableParams': {'weight': [2048]}, 'Outputs': [[256, 2048], [256, 2048]]}
0.0%	1.390 μs	1	1.390 μs	1.390 μs	1.390 μs	1.390 μs	0 ns	PushPop	:{'Module': 'LlamaForCausalLM.model.layers.13.self_attn.attn', 'Outputs': [[20, 2048]]}
0.0%	1.390 μs	1	1.390 μs	1.390 μs	1.390 μs	1.390 μs	0 ns	PushPop	:{'Module': 'LlamaForCausalLM.model.layers.15.input_layernorm', 'TrainableParams': {'weight': [2048]}, 'Outputs': [[68, 2048], [68, 2048]]}
0.0%	1.390 μs	1	1.390 μs	1.390 μs	1.390 μs	1.390 μs	0 ns	PushPop	:{'Module': 'LlamaForCausalLM.model.layers.6.self_attn.attn', 'Outputs': [[84, 2048]]}
0.0%	1.390 μs	1	1.390 μs	1.390 μs	1.390 μs	1.390 μs	0 ns	PushPop	:{'Module': 'LlamaForCausalLM.model.layers.6.self_attn.o_proj', 'TrainableParams': {'weight': [2048, 2048]}, 'Outputs': [[512, 2048]]}
0.0%	1.389 μs	1	1.389 μs	1.389 μs	1.389 μs	1.389 μs	0 ns	PushPop	:{'Module': 'LlamaForCausalLM.model.layers.11.self_attn.attn', 'Outputs': [[4, 2048]]}
0.0%	1.388 μs	1	1.388 μs	1.388 μs	1.388 μs	1.388 μs	0 ns	PushPop	:{'Module': 'LlamaForCausalLM.model.layers.0.self_attn.attn', 'Outputs': [[68, 2048]]}
0.0%	1.388 μs	1	1.388 μs	1.388 μs	1.388 μs	1.388 μs	0 ns	PushPop	:{'Module': 'LlamaForCausalLM.model.layers.1.self_attn.o_proj', 'TrainableParams': {'weight': [2048, 2048]}, 'Outputs': [[1873, 2048]]}
0.0%	1.388 μs	1	1.388 μs	1.388 μs	1.388 μs	1.388 μs	0 ns	PushPop	:{'Module': 'LlamaForCausalLM.model.layers.1.self_attn.o_proj', 'TrainableParams': {'weight': [2048, 2048]}, 'Outputs': [[512, 2048]]}
0.0%	1.388 μs	1	1.388 μs	1.388 μs	1.388 μs	1.388 μs	0 ns	PushPop	:{'Module': 'LlamaForCausalLM.model.layers.2.mlp.down_proj', 'TrainableParams': {'weight': [2048, 8192]}, 'Outputs': [[68, 2048]]}
0.0%	1.387 μs	1	1.387 μs	1.387 μs	1.387 μs	1.387 μs	0 ns	PushPop	:{'Module': 'LlamaForCausalLM.model.layers.13.self_attn.o_proj', 'TrainableParams': {'weight': [2048, 2048]}, 'Outputs': [[16, 2048]]}
0.0%	1.387 μs	1	1.387 μs	1.387 μs	1.387 μs	1.387 μs	0 ns	PushPop	:{'Module': 'LlamaForCausalLM.model.layers.2.self_attn.o_proj', 'TrainableParams': {'weight': [2048, 2048]}, 'Outputs': [[16, 2048]]}
0.0%	1.387 μs	1	1.387 μs	1.387 μs	1.387 μs	1.387 μs	0 ns	PushPop	:{'Module': 'LlamaForCausalLM.model.layers.4.self_attn.qkv_proj', 'TrainableParams': {'weight': [3072, 2048]}, 'Outputs': [[36, 3072]]}
0.0%	1.384 μs	1	1.384 μs	1.384 μs	1.384 μs	1.384 μs	0 ns	PushPop	:{'Module': 'LlamaForCausalLM.model.layers.1.self_attn.attn', 'Outputs': [[512, 2048]]}
0.0%	1.384 μs	1	1.384 μs	1.384 μs	1.384 μs	1.384 μs	0 ns	PushPop	:{'Module': 'LlamaForCausalLM.model.layers.15.post_attention_layernorm', 'TrainableParams': {'weight': [2048]}, 'Outputs': [[16, 2048], [16, 2048]]}
0.0%	1.383 μs	1	1.383 μs	1.383 μs	1.383 μs	1.383 μs	0 ns	PushPop	:{'Module': 'LlamaForCausalLM.model.layers.0.mlp.down_proj', 'TrainableParams': {'weight': [2048, 8192]}, 'Outputs': [[84, 2048]]}
0.0%	1.383 μs	1	1.383 μs	1.383 μs	1.383 μs	1.383 μs	0 ns	PushPop	:{'Module': 'LlamaForCausalLM.model.layers.1.mlp.down_proj', 'TrainableParams': {'weight': [2048, 8192]}, 'Outputs': [[99, 2048]]}
0.0%	1.382 μs	1	1.382 μs	1.382 μs	1.382 μs	1.382 μs	0 ns	PushPop	:{'Module': 'LlamaForCausalLM.model.layers.0', 'Outputs': [[512, 2048], [512, 2048]]}
0.0%	1.382 μs	1	1.382 μs	1.382 μs	1.382 μs	1.382 μs	0 ns	PushPop	:{'Module': 'LlamaForCausalLM.model.layers.12.post_attention_layernorm', 'TrainableParams': {'weight': [2048]}, 'Outputs': [[512, 2048], [512, 2048]]}
0.0%	1.382 μs	1	1.382 μs	1.382 μs	1.382 μs	1.382 μs	0 ns	PushPop	:{'Module': 'LlamaForCausalLM.model.layers.3.self_attn.attn', 'Outputs': [[4, 2048]]}
0.0%	1.381 μs	1	1.381 μs	1.381 μs	1.381 μs	1.381 μs	0 ns	PushPop	:{'Module': 'LlamaForCausalLM.model.layers.10.post_attention_layernorm', 'TrainableParams': {'weight': [2048]}, 'Outputs': [[512, 2048], [512, 2048]]}
0.0%	1.381 μs	1	1.381 μs	1.381 μs	1.381 μs	1.381 μs	0 ns	PushPop	:{'Module': 'LlamaForCausalLM.model.layers.4.mlp.down_proj', 'TrainableParams': {'weight': [2048, 8192]}, 'Outputs': [[84, 2048]]}
0.0%	1.381 μs	1	1.381 μs	1.381 μs	1.381 μs	1.381 μs	0 ns	PushPop	:{'Module': 'LlamaForCausalLM.model.layers.7.self_attn.attn', 'Outputs': [[52, 2048]]}
0.0%	1.381 μs	1	1.381 μs	1.381 μs	1.381 μs	1.381 μs	0 ns	PushPop	:{'Module': 'LlamaForCausalLM.model.layers.8.input_layernorm', 'TrainableParams': {'weight': [2048]}, 'Outputs': [[512, 2048], [512, 2048]]}
0.0%	1.380 μs	1	1.380 μs	1.380 μs	1.380 μs	1.380 μs	0 ns	PushPop	:{'Module': 'LlamaForCausalLM.model.layers.1.mlp.gate_up_proj', 'TrainableParams': {'weight': [16384, 2048]}, 'Outputs': [[52, 16384]]}
0.0%	1.380 μs	1	1.380 μs	1.380 μs	1.380 μs	1.380 μs	0 ns	PushPop	:{'Module': 'LlamaForCausalLM.model.layers.1.self_attn.qkv_proj', 'TrainableParams': {'weight': [3072, 2048]}, 'Outputs': [[512, 3072]]}
0.0%	1.380 μs	1	1.380 μs	1.380 μs	1.380 μs	1.380 μs	0 ns	PushPop	:{'Module': 'LlamaForCausalLM.model.layers.11.self_attn.attn', 'Outputs': [[512, 2048]]}
0.0%	1.380 μs	1	1.380 μs	1.380 μs	1.380 μs	1.380 μs	0 ns	PushPop	:{'Module': 'LlamaForCausalLM.model.layers.5', 'Outputs': [[512, 2048], [512, 2048]]}
0.0%	1.377 μs	1	1.377 μs	1.377 μs	1.377 μs	1.377 μs	0 ns	PushPop	:{'Module': 'LlamaForCausalLM.model.layers.10.self_attn.attn', 'Outputs': [[68, 2048]]}
0.0%	1.377 μs	1	1.377 μs	1.377 μs	1.377 μs	1.377 μs	0 ns	PushPop	:{'Module': 'LlamaForCausalLM.model.layers.12.mlp.act_fn', 'Outputs': [[512, 8192]]}
0.0%	1.377 μs	1	1.377 μs	1.377 μs	1.377 μs	1.377 μs	0 ns	PushPop	:{'Module': 'LlamaForCausalLM.model.layers.13.self_attn.attn', 'Outputs': [[99, 2048]]}
0.0%	1.377 μs	1	1.377 μs	1.377 μs	1.377 μs	1.377 μs	0 ns	PushPop	:{'Module': 'LlamaForCausalLM.model.layers.3.input_layernorm', 'TrainableParams': {'weight': [2048]}, 'Outputs': [[512, 2048], [512, 2048]]}
0.0%	1.377 μs	1	1.377 μs	1.377 μs	1.377 μs	1.377 μs	0 ns	PushPop	:{'Module': 'LlamaForCausalLM.model.layers.5.post_attention_layernorm', 'TrainableParams': {'weight': [2048]}, 'Outputs': [[512, 2048], [512, 2048]]}
0.0%	1.376 μs	1	1.376 μs	1.376 μs	1.376 μs	1.376 μs	0 ns	PushPop	:{'Module': 'LlamaForCausalLM.model.layers.0.mlp.down_proj', 'TrainableParams': {'weight': [2048, 8192]}, 'Outputs': [[16, 2048]]}
0.0%	1.376 μs	1	1.376 μs	1.376 μs	1.376 μs	1.376 μs	0 ns	PushPop	:{'Module': 'LlamaForCausalLM.model.layers.3.self_attn.attn', 'Outputs': [[68, 2048]]}
0.0%	1.375 μs	1	1.375 μs	1.375 μs	1.375 μs	1.375 μs	0 ns	PushPop	:{'Module': 'LlamaForCausalLM.model.layers.4.mlp.gate_up_proj', 'TrainableParams': {'weight': [16384, 2048]}, 'Outputs': [[84, 16384]]}
0.0%	1.373 μs	1	1.373 μs	1.373 μs	1.373 μs	1.373 μs	0 ns	PushPop	:{'Module': 'LlamaForCausalLM.model.layers.0.self_attn.qkv_proj', 'TrainableParams': {'weight': [3072, 2048]}, 'Outputs': [[99, 3072]]}
0.0%	1.373 μs	1	1.373 μs	1.373 μs	1.373 μs	1.373 μs	0 ns	PushPop	:{'Module': 'LlamaForCausalLM.model.layers.10.self_attn.attn', 'Outputs': [[256, 2048]]}
0.0%	1.373 μs	1	1.373 μs	1.373 μs	1.373 μs	1.373 μs	0 ns	PushPop	:{'Module': 'LlamaForCausalLM.model.layers.12.input_layernorm', 'TrainableParams': {'weight': [2048]}, 'Outputs': [[512, 2048], [512, 2048]]}
0.0%	1.373 μs	1	1.373 μs	1.373 μs	1.373 μs	1.373 μs	0 ns	PushPop	:{'Module': 'LlamaForCausalLM.model.layers.13.self_attn.attn', 'Outputs': [[512, 2048]]}
0.0%	1.373 μs	1	1.373 μs	1.373 μs	1.373 μs	1.373 μs	0 ns	PushPop	:{'Module': 'LlamaForCausalLM.model.layers.2.input_layernorm', 'TrainableParams': {'weight': [2048]}, 'Outputs': [[512, 2048], [512, 2048]]}
0.0%	1.373 μs	1	1.373 μs	1.373 μs	1.373 μs	1.373 μs	0 ns	PushPop	:{'Module': 'LlamaForCausalLM.model.layers.8.input_layernorm', 'TrainableParams': {'weight': [2048]}, 'Outputs': [[68, 2048], [68, 2048]]}
0.0%	1.372 μs	1	1.372 μs	1.372 μs	1.372 μs	1.372 μs	0 ns	PushPop	:{'Module': 'LlamaForCausalLM.model.layers.3.self_attn.o_proj', 'TrainableParams': {'weight': [2048, 2048]}, 'Outputs': [[99, 2048]]}
0.0%	1.371 μs	1	1.371 μs	1.371 μs	1.371 μs	1.371 μs	0 ns	PushPop	:{'Module': 'LlamaForCausalLM.model.layers.11.input_layernorm', 'TrainableParams': {'weight': [2048]}, 'Outputs': [[512, 2048], [512, 2048]]}
0.0%	1.371 μs	1	1.371 μs	1.371 μs	1.371 μs	1.371 μs	0 ns	PushPop	:{'Module': 'LlamaForCausalLM.model.layers.4.mlp.gate_up_proj', 'TrainableParams': {'weight': [16384, 2048]}, 'Outputs': [[512, 16384]]}
0.0%	1.371 μs	1	1.371 μs	1.371 μs	1.371 μs	1.371 μs	0 ns	PushPop	:{'Module': 'LlamaForCausalLM.model.layers.7.input_layernorm', 'TrainableParams': {'weight': [2048]}, 'Outputs': [[52, 2048], [52, 2048]]}
0.0%	1.370 μs	1	1.370 μs	1.370 μs	1.370 μs	1.370 μs	0 ns	PushPop	:{'Module': 'LlamaForCausalLM.model.layers.2', 'Outputs': [[84, 2048], [84, 2048]]}
0.0%	1.370 μs	1	1.370 μs	1.370 μs	1.370 μs	1.370 μs	0 ns	PushPop	:{'Module': 'LlamaForCausalLM.model.layers.9.input_layernorm', 'TrainableParams': {'weight': [2048]}, 'Outputs': [[99, 2048], [99, 2048]]}
0.0%	1.369 μs	1	1.369 μs	1.369 μs	1.369 μs	1.369 μs	0 ns	PushPop	:{'Module': 'LlamaForCausalLM.model.layers.12.input_layernorm', 'TrainableParams': {'weight': [2048]}, 'Outputs': [[68, 2048], [68, 2048]]}
0.0%	1.369 μs	1	1.369 μs	1.369 μs	1.369 μs	1.369 μs	0 ns	PushPop	:{'Module': 'LlamaForCausalLM.model.layers.9.self_attn.attn', 'Outputs': [[1873, 2048]]}
0.0%	1.368 μs	1	1.368 μs	1.368 μs	1.368 μs	1.368 μs	0 ns	PushPop	:{'Module': 'LlamaForCausalLM.model.layers.11.self_attn.attn', 'Outputs': [[1873, 2048]]}
0.0%	1.368 μs	1	1.368 μs	1.368 μs	1.368 μs	1.368 μs	0 ns	PushPop	:{'Module': 'LlamaForCausalLM.model.layers.15.post_attention_layernorm', 'TrainableParams': {'weight': [2048]}, 'Outputs': [[512, 2048], [512, 2048]]}
0.0%	1.368 μs	1	1.368 μs	1.368 μs	1.368 μs	1.368 μs	0 ns	PushPop	:{'Module': 'LlamaForCausalLM.model.layers.3.self_attn.attn', 'Outputs': [[36, 2048]]}
0.0%	1.367 μs	1	1.367 μs	1.367 μs	1.367 μs	1.367 μs	0 ns	PushPop	:{'Module': 'LlamaForCausalLM.model.layers.0.mlp', 'Outputs': [[256, 2048]]}
0.0%	1.367 μs	1	1.367 μs	1.367 μs	1.367 μs	1.367 μs	0 ns	PushPop	:{'Module': 'LlamaForCausalLM.model.layers.13.input_layernorm', 'TrainableParams': {'weight': [2048]}, 'Outputs': [[512, 2048], [512, 2048]]}
0.0%	1.367 μs	1	1.367 μs	1.367 μs	1.367 μs	1.367 μs	0 ns	PushPop	:{'Module': 'LlamaForCausalLM.model.layers.8.self_attn.qkv_proj', 'TrainableParams': {'weight': [3072, 2048]}, 'Outputs': [[52, 3072]]}
0.0%	1.366 μs	1	1.366 μs	1.366 μs	1.366 μs	1.366 μs	0 ns	PushPop	:{'Module': 'LlamaForCausalLM.model.layers.6.post_attention_layernorm', 'TrainableParams': {'weight': [2048]}, 'Outputs': [[99, 2048], [99, 2048]]}
0.0%	1.365 μs	1	1.365 μs	1.365 μs	1.365 μs	1.365 μs	0 ns	PushPop	:{'Module': 'LlamaForCausalLM.logits_processor', 'Outputs': [[99, 128256]]}
0.0%	1.365 μs	1	1.365 μs	1.365 μs	1.365 μs	1.365 μs	0 ns	PushPop	:{'Module': 'LlamaForCausalLM.model.layers.6.mlp.gate_up_proj', 'TrainableParams': {'weight': [16384, 2048]}, 'Outputs': [[512, 16384]]}
0.0%	1.364 μs	1	1.364 μs	1.364 μs	1.364 μs	1.364 μs	0 ns	PushPop	:{'Module': 'LlamaForCausalLM.model.layers.13.self_attn.o_proj', 'TrainableParams': {'weight': [2048, 2048]}, 'Outputs': [[512, 2048]]}
0.0%	1.363 μs	1	1.363 μs	1.363 μs	1.363 μs	1.363 μs	0 ns	PushPop	:{'Module': 'LlamaForCausalLM.model.layers.1.self_attn.attn', 'Outputs': [[20, 2048]]}
0.0%	1.363 μs	1	1.363 μs	1.363 μs	1.363 μs	1.363 μs	0 ns	PushPop	:{'Module': 'LlamaForCausalLM.model.layers.10.self_attn.o_proj', 'TrainableParams': {'weight': [2048, 2048]}, 'Outputs': [[256, 2048]]}
0.0%	1.363 μs	1	1.363 μs	1.363 μs	1.363 μs	1.363 μs	0 ns	PushPop	:{'Module': 'LlamaForCausalLM.model.layers.12.self_attn.attn', 'Outputs': [[4, 2048]]}
0.0%	1.363 μs	1	1.363 μs	1.363 μs	1.363 μs	1.363 μs	0 ns	PushPop	:{'Module': 'LlamaForCausalLM.model.layers.4.mlp.down_proj', 'TrainableParams': {'weight': [2048, 8192]}, 'Outputs': [[512, 2048]]}
0.0%	1.362 μs	1	1.362 μs	1.362 μs	1.362 μs	1.362 μs	0 ns	PushPop	:{'Module': 'LlamaForCausalLM.model.layers.14.self_attn.attn', 'Outputs': [[52, 2048]]}
0.0%	1.362 μs	1	1.362 μs	1.362 μs	1.362 μs	1.362 μs	0 ns	PushPop	:{'Module': 'LlamaForCausalLM.model.layers.2.self_attn.attn', 'Outputs': [[36, 2048]]}
0.0%	1.362 μs	1	1.362 μs	1.362 μs	1.362 μs	1.362 μs	0 ns	PushPop	:{'Module': 'LlamaForCausalLM.model.layers.3.self_attn.o_proj', 'TrainableParams': {'weight': [2048, 2048]}, 'Outputs': [[1873, 2048]]}
0.0%	1.361 μs	1	1.361 μs	1.361 μs	1.361 μs	1.361 μs	0 ns	PushPop	:{'Module': 'LlamaForCausalLM.model.embed_tokens', 'TrainableParams': {'weight': [128256, 2048]}, 'Outputs': [[20, 2048]]}
0.0%	1.361 μs	1	1.361 μs	1.361 μs	1.361 μs	1.361 μs	0 ns	PushPop	:{'Module': 'LlamaForCausalLM.model.layers.5.self_attn.attn', 'Outputs': [[68, 2048]]}
0.0%	1.360 μs	1	1.360 μs	1.360 μs	1.360 μs	1.360 μs	0 ns	PushPop	:{'Module': 'LlamaForCausalLM.model.layers.0.self_attn', 'Outputs': [[84, 2048]]}
0.0%	1.360 μs	1	1.360 μs	1.360 μs	1.360 μs	1.360 μs	0 ns	PushPop	:{'Module': 'LlamaForCausalLM.model.layers.14.mlp.gate_up_proj', 'TrainableParams': {'weight': [16384, 2048]}, 'Outputs': [[512, 16384]]}
0.0%	1.360 μs	1	1.360 μs	1.360 μs	1.360 μs	1.360 μs	0 ns	PushPop	:{'Module': 'LlamaForCausalLM.model.layers.2.self_attn.o_proj', 'TrainableParams': {'weight': [2048, 2048]}, 'Outputs': [[512, 2048]]}
0.0%	1.360 μs	1	1.360 μs	1.360 μs	1.360 μs	1.360 μs	0 ns	PushPop	:{'Module': 'LlamaForCausalLM.model.layers.4.self_attn.attn', 'Outputs': [[4, 2048]]}
0.0%	1.359 μs	1	1.359 μs	1.359 μs	1.359 μs	1.359 μs	0 ns	PushPop	:{'Module': 'LlamaForCausalLM.model.layers.12.self_attn.attn', 'Outputs': [[512, 2048]]}
0.0%	1.358 μs	1	1.358 μs	1.358 μs	1.358 μs	1.358 μs	0 ns	PushPop	:{'Module': 'LlamaForCausalLM.model.layers.0.self_attn', 'Outputs': [[4, 2048]]}
0.0%	1.358 μs	1	1.358 μs	1.358 μs	1.358 μs	1.358 μs	0 ns	PushPop	:{'Module': 'LlamaForCausalLM.model.layers.5.self_attn.attn', 'Outputs': [[99, 2048]]}
0.0%	1.356 μs	1	1.356 μs	1.356 μs	1.356 μs	1.356 μs	0 ns	PushPop	:{'Module': 'LlamaForCausalLM.model.layers.15.mlp.gate_up_proj', 'TrainableParams': {'weight': [16384, 2048]}, 'Outputs': [[512, 16384]]}
0.0%	1.356 μs	1	1.356 μs	1.356 μs	1.356 μs	1.356 μs	0 ns	PushPop	:{'Module': 'LlamaForCausalLM.model.layers.4.self_attn.o_proj', 'TrainableParams': {'weight': [2048, 2048]}, 'Outputs': [[36, 2048]]}
0.0%	1.355 μs	1	1.355 μs	1.355 μs	1.355 μs	1.355 μs	0 ns	PushPop	:{'Module': 'LlamaForCausalLM.model.layers.9.self_attn.attn', 'Outputs': [[4, 2048]]}
0.0%	1.354 μs	1	1.354 μs	1.354 μs	1.354 μs	1.354 μs	0 ns	PushPop	:{'Module': 'LlamaForCausalLM.model.layers.8.self_attn.attn', 'Outputs': [[1873, 2048]]}
0.0%	1.354 μs	1	1.354 μs	1.354 μs	1.354 μs	1.354 μs	0 ns	PushPop	:{'Module': 'LlamaForCausalLM.model.layers.9.mlp.down_proj', 'TrainableParams': {'weight': [2048, 8192]}, 'Outputs': [[512, 2048]]}
0.0%	1.353 μs	1	1.353 μs	1.353 μs	1.353 μs	1.353 μs	0 ns	PushPop	:{'Module': 'LlamaForCausalLM.model.layers.10.self_attn.attn', 'Outputs': [[16, 2048]]}
0.0%	1.353 μs	1	1.353 μs	1.353 μs	1.353 μs	1.353 μs	0 ns	PushPop	:{'Module': 'LlamaForCausalLM.model.layers.11.input_layernorm', 'TrainableParams': {'weight': [2048]}, 'Outputs': [[256, 2048], [256, 2048]]}
0.0%	1.353 μs	1	1.353 μs	1.353 μs	1.353 μs	1.353 μs	0 ns	PushPop	:{'Module': 'LlamaForCausalLM.model.layers.8.self_attn.o_proj', 'TrainableParams': {'weight': [2048, 2048]}, 'Outputs': [[1873, 2048]]}
0.0%	1.353 μs	1	1.353 μs	1.353 μs	1.353 μs	1.353 μs	0 ns	PushPop	:{'Module': 'LlamaForCausalLM.model.layers.9.self_attn.qkv_proj', 'TrainableParams': {'weight': [3072, 2048]}, 'Outputs': [[512, 3072]]}
0.0%	1.352 μs	1	1.352 μs	1.352 μs	1.352 μs	1.352 μs	0 ns	PushPop	:{'Module': 'LlamaForCausalLM.model.layers.14.self_attn.o_proj', 'TrainableParams': {'weight': [2048, 2048]}, 'Outputs': [[16, 2048]]}
0.0%	1.350 μs	1	1.350 μs	1.350 μs	1.350 μs	1.350 μs	0 ns	PushPop	:{'Module': 'LlamaForCausalLM.model.layers.0.post_attention_layernorm', 'TrainableParams': {'weight': [2048]}, 'Outputs': [[1873, 2048], [1873, 2048]]}
0.0%	1.350 μs	1	1.350 μs	1.350 μs	1.350 μs	1.350 μs	0 ns	PushPop	:{'Module': 'LlamaForCausalLM.model.layers.15.self_attn.o_proj', 'TrainableParams': {'weight': [2048, 2048]}, 'Outputs': [[512, 2048]]}
0.0%	1.350 μs	1	1.350 μs	1.350 μs	1.350 μs	1.350 μs	0 ns	PushPop	:{'Module': 'LlamaForCausalLM.model.layers.2.post_attention_layernorm', 'TrainableParams': {'weight': [2048]}, 'Outputs': [[99, 2048], [99, 2048]]}
0.0%	1.350 μs	1	1.350 μs	1.350 μs	1.350 μs	1.350 μs	0 ns	PushPop	:{'Module': 'LlamaForCausalLM.model.layers.6.self_attn.attn', 'Outputs': [[4, 2048]]}
0.0%	1.349 μs	1	1.349 μs	1.349 μs	1.349 μs	1.349 μs	0 ns	PushPop	:{'Module': 'LlamaForCausalLM.model.layers.0.self_attn.qkv_proj', 'TrainableParams': {'weight': [3072, 2048]}, 'Outputs': [[256, 3072]]}
0.0%	1.349 μs	1	1.349 μs	1.349 μs	1.349 μs	1.349 μs	0 ns	PushPop	:{'Module': 'LlamaForCausalLM.model.layers.4.input_layernorm', 'TrainableParams': {'weight': [2048]}, 'Outputs': [[256, 2048], [256, 2048]]}
0.0%	1.348 μs	1	1.348 μs	1.348 μs	1.348 μs	1.348 μs	0 ns	PushPop	:{'Module': 'LlamaForCausalLM.model.layers.1.input_layernorm', 'TrainableParams': {'weight': [2048]}, 'Outputs': [[512, 2048], [512, 2048]]}
0.0%	1.347 μs	1	1.347 μs	1.347 μs	1.347 μs	1.347 μs	0 ns	PushPop	:{'Module': 'LlamaForCausalLM.model.layers.7.mlp.down_proj', 'TrainableParams': {'weight': [2048, 8192]}, 'Outputs': [[99, 2048]]}
0.0%	1.346 μs	1	1.346 μs	1.346 μs	1.346 μs	1.346 μs	0 ns	PushPop	:{'Module': 'LlamaForCausalLM.model.layers.9.self_attn.attn', 'Outputs': [[512, 2048]]}
0.0%	1.345 μs	1	1.345 μs	1.345 μs	1.345 μs	1.345 μs	0 ns	PushPop	:{'Module': 'LlamaForCausalLM.model.layers.13.post_attention_layernorm', 'TrainableParams': {'weight': [2048]}, 'Outputs': [[512, 2048], [512, 2048]]}
0.0%	1.345 μs	1	1.345 μs	1.345 μs	1.345 μs	1.345 μs	0 ns	PushPop	:{'Module': 'LlamaForCausalLM.model.layers.14.self_attn.attn', 'Outputs': [[16, 2048]]}
0.0%	1.345 μs	1	1.345 μs	1.345 μs	1.345 μs	1.345 μs	0 ns	PushPop	:{'Module': 'LlamaForCausalLM.model.layers.3.mlp.gate_up_proj', 'TrainableParams': {'weight': [16384, 2048]}, 'Outputs': [[68, 16384]]}
0.0%	1.345 μs	1	1.345 μs	1.345 μs	1.345 μs	1.345 μs	0 ns	PushPop	:{'Module': 'LlamaForCausalLM.model.layers.6.self_attn.attn', 'Outputs': [[36, 2048]]}
0.0%	1.344 μs	1	1.344 μs	1.344 μs	1.344 μs	1.344 μs	0 ns	PushPop	:{'Module': 'LlamaForCausalLM.model.layers.11.self_attn.attn', 'Outputs': [[36, 2048]]}
0.0%	1.344 μs	1	1.344 μs	1.344 μs	1.344 μs	1.344 μs	0 ns	PushPop	:{'Module': 'LlamaForCausalLM.model.layers.6.post_attention_layernorm', 'TrainableParams': {'weight': [2048]}, 'Outputs': [[256, 2048], [256, 2048]]}
0.0%	1.343 μs	1	1.343 μs	1.343 μs	1.343 μs	1.343 μs	0 ns	PushPop	:{'Module': 'LlamaForCausalLM.model.layers.1.mlp.down_proj', 'TrainableParams': {'weight': [2048, 8192]}, 'Outputs': [[16, 2048]]}
0.0%	1.343 μs	1	1.343 μs	1.343 μs	1.343 μs	1.343 μs	0 ns	PushPop	:{'Module': 'LlamaForCausalLM.model.layers.14.self_attn.attn', 'Outputs': [[68, 2048]]}
0.0%	1.343 μs	1	1.343 μs	1.343 μs	1.343 μs	1.343 μs	0 ns	PushPop	:{'Module': 'LlamaForCausalLM.model.layers.5.post_attention_layernorm', 'TrainableParams': {'weight': [2048]}, 'Outputs': [[256, 2048], [256, 2048]]}
0.0%	1.342 μs	1	1.342 μs	1.342 μs	1.342 μs	1.342 μs	0 ns	PushPop	:{'Module': 'LlamaForCausalLM.model.layers.11.mlp.act_fn', 'Outputs': [[512, 8192]]}
0.0%	1.342 μs	1	1.342 μs	1.342 μs	1.342 μs	1.342 μs	0 ns	PushPop	:{'Module': 'LlamaForCausalLM.model.layers.9.post_attention_layernorm', 'TrainableParams': {'weight': [2048]}, 'Outputs': [[52, 2048], [52, 2048]]}
0.0%	1.341 μs	1	1.341 μs	1.341 μs	1.341 μs	1.341 μs	0 ns	PushPop	:{'Module': 'LlamaForCausalLM.model.layers.2', 'Outputs': [[1873, 2048], [1873, 2048]]}
0.0%	1.341 μs	1	1.341 μs	1.341 μs	1.341 μs	1.341 μs	0 ns	PushPop	:{'Module': 'LlamaForCausalLM.model.layers.4.post_attention_layernorm', 'TrainableParams': {'weight': [2048]}, 'Outputs': [[84, 2048], [84, 2048]]}
0.0%	1.341 μs	1	1.341 μs	1.341 μs	1.341 μs	1.341 μs	0 ns	PushPop	:{'Module': 'LlamaForCausalLM.model.layers.7.post_attention_layernorm', 'TrainableParams': {'weight': [2048]}, 'Outputs': [[512, 2048], [512, 2048]]}
0.0%	1.340 μs	1	1.340 μs	1.340 μs	1.340 μs	1.340 μs	0 ns	PushPop	:{'Module': 'LlamaForCausalLM.model.layers.7.self_attn.qkv_proj', 'TrainableParams': {'weight': [3072, 2048]}, 'Outputs': [[99, 3072]]}
0.0%	1.340 μs	1	1.340 μs	1.340 μs	1.340 μs	1.340 μs	0 ns	PushPop	:{'Module': 'LlamaForCausalLM.model.layers.8.input_layernorm', 'TrainableParams': {'weight': [2048]}, 'Outputs': [[99, 2048], [99, 2048]]}
0.0%	1.338 μs	1	1.338 μs	1.338 μs	1.338 μs	1.338 μs	0 ns	PushPop	:{'Module': 'LlamaForCausalLM.model.layers.0', 'Outputs': [[52, 2048], [52, 2048]]}
0.0%	1.338 μs	1	1.338 μs	1.338 μs	1.338 μs	1.338 μs	0 ns	PushPop	:{'Module': 'LlamaForCausalLM.model.layers.5.mlp.down_proj', 'TrainableParams': {'weight': [2048, 8192]}, 'Outputs': [[512, 2048]]}
0.0%	1.338 μs	1	1.338 μs	1.338 μs	1.338 μs	1.338 μs	0 ns	PushPop	:{'Module': 'LlamaForCausalLM.model.layers.5.self_attn.o_proj', 'TrainableParams': {'weight': [2048, 2048]}, 'Outputs': [[36, 2048]]}
0.0%	1.338 μs	1	1.338 μs	1.338 μs	1.338 μs	1.338 μs	0 ns	PushPop	:{'Module': 'LlamaForCausalLM.model.layers.7.self_attn.attn', 'Outputs': [[1873, 2048]]}
0.0%	1.338 μs	1	1.338 μs	1.338 μs	1.338 μs	1.338 μs	0 ns	PushPop	:{'Module': 'LlamaForCausalLM.model.layers.8.post_attention_layernorm', 'TrainableParams': {'weight': [2048]}, 'Outputs': [[1873, 2048], [1873, 2048]]}
0.0%	1.337 μs	1	1.337 μs	1.337 μs	1.337 μs	1.337 μs	0 ns	PushPop	:{'Module': 'LlamaForCausalLM.model.layers.13.input_layernorm', 'TrainableParams': {'weight': [2048]}, 'Outputs': [[68, 2048], [68, 2048]]}
0.0%	1.337 μs	1	1.337 μs	1.337 μs	1.337 μs	1.337 μs	0 ns	PushPop	:{'Module': 'LlamaForCausalLM.model.layers.6.mlp.gate_up_proj', 'TrainableParams': {'weight': [16384, 2048]}, 'Outputs': [[256, 16384]]}
0.0%	1.335 μs	1	1.335 μs	1.335 μs	1.335 μs	1.335 μs	0 ns	PushPop	:{'Module': 'LlamaForCausalLM.model.layers.10.self_attn.o_proj', 'TrainableParams': {'weight': [2048, 2048]}, 'Outputs': [[68, 2048]]}
0.0%	1.335 μs	1	1.335 μs	1.335 μs	1.335 μs	1.335 μs	0 ns	PushPop	:{'Module': 'LlamaForCausalLM.model.layers.4.mlp.down_proj', 'TrainableParams': {'weight': [2048, 8192]}, 'Outputs': [[16, 2048]]}
0.0%	1.334 μs	1	1.334 μs	1.334 μs	1.334 μs	1.334 μs	0 ns	PushPop	:{'Module': 'LlamaForCausalLM.model.layers.10.self_attn.attn', 'Outputs': [[20, 2048]]}
0.0%	1.334 μs	1	1.334 μs	1.334 μs	1.334 μs	1.334 μs	0 ns	PushPop	:{'Module': 'LlamaForCausalLM.model.layers.13.self_attn.attn', 'Outputs': [[36, 2048]]}
0.0%	1.334 μs	1	1.334 μs	1.334 μs	1.334 μs	1.334 μs	0 ns	PushPop	:{'Module': 'LlamaForCausalLM.model.layers.2.mlp.gate_up_proj', 'TrainableParams': {'weight': [16384, 2048]}, 'Outputs': [[16, 16384]]}
0.0%	1.334 μs	1	1.334 μs	1.334 μs	1.334 μs	1.334 μs	0 ns	PushPop	:{'Module': 'LlamaForCausalLM.model.layers.4.input_layernorm', 'TrainableParams': {'weight': [2048]}, 'Outputs': [[84, 2048], [84, 2048]]}
0.0%	1.334 μs	1	1.334 μs	1.334 μs	1.334 μs	1.334 μs	0 ns	PushPop	:{'Module': 'LlamaForCausalLM.model.layers.4.post_attention_layernorm', 'TrainableParams': {'weight': [2048]}, 'Outputs': [[20, 2048], [20, 2048]]}
0.0%	1.333 μs	1	1.333 μs	1.333 μs	1.333 μs	1.333 μs	0 ns	PushPop	:{'Module': 'LlamaForCausalLM.model.layers.10.self_attn.o_proj', 'TrainableParams': {'weight': [2048, 2048]}, 'Outputs': [[20, 2048]]}
0.0%	1.333 μs	1	1.333 μs	1.333 μs	1.333 μs	1.333 μs	0 ns	PushPop	:{'Module': 'LlamaForCausalLM.model.layers.11.self_attn.qkv_proj', 'TrainableParams': {'weight': [3072, 2048]}, 'Outputs': [[16, 3072]]}
0.0%	1.333 μs	1	1.333 μs	1.333 μs	1.333 μs	1.333 μs	0 ns	PushPop	:{'Module': 'LlamaForCausalLM.model.layers.13.self_attn.attn', 'Outputs': [[1873, 2048]]}
0.0%	1.333 μs	1	1.333 μs	1.333 μs	1.333 μs	1.333 μs	0 ns	PushPop	:{'Module': 'LlamaForCausalLM.model.layers.15.mlp.down_proj', 'TrainableParams': {'weight': [2048, 8192]}, 'Outputs': [[512, 2048]]}
0.0%	1.332 μs	1	1.332 μs	1.332 μs	1.332 μs	1.332 μs	0 ns	PushPop	:{'Module': 'LlamaForCausalLM.model.layers.0.input_layernorm', 'TrainableParams': {'weight': [2048]}, 'Outputs': [[512, 2048]]}
0.0%	1.332 μs	1	1.332 μs	1.332 μs	1.332 μs	1.332 μs	0 ns	PushPop	:{'Module': 'LlamaForCausalLM.model.layers.10', 'Outputs': [[512, 2048], [512, 2048]]}
0.0%	1.332 μs	1	1.332 μs	1.332 μs	1.332 μs	1.332 μs	0 ns	PushPop	:{'Module': 'LlamaForCausalLM.model.layers.12.mlp.down_proj', 'TrainableParams': {'weight': [2048, 8192]}, 'Outputs': [[16, 2048]]}
0.0%	1.332 μs	1	1.332 μs	1.332 μs	1.332 μs	1.332 μs	0 ns	PushPop	:{'Module': 'LlamaForCausalLM.model.layers.14.self_attn.attn', 'Outputs': [[4, 2048]]}
0.0%	1.331 μs	1	1.331 μs	1.331 μs	1.331 μs	1.331 μs	0 ns	PushPop	:{'Module': 'LlamaForCausalLM.model.layers.0.input_layernorm', 'TrainableParams': {'weight': [2048]}, 'Outputs': [[4, 2048]]}
0.0%	1.331 μs	1	1.331 μs	1.331 μs	1.331 μs	1.331 μs	0 ns	PushPop	:{'Module': 'LlamaForCausalLM.model.layers.13.mlp.gate_up_proj', 'TrainableParams': {'weight': [16384, 2048]}, 'Outputs': [[68, 16384]]}
0.0%	1.331 μs	1	1.331 μs	1.331 μs	1.331 μs	1.331 μs	0 ns	PushPop	:{'Module': 'LlamaForCausalLM.model.layers.3.mlp.down_proj', 'TrainableParams': {'weight': [2048, 8192]}, 'Outputs': [[84, 2048]]}
0.0%	1.331 μs	1	1.331 μs	1.331 μs	1.331 μs	1.331 μs	0 ns	PushPop	:{'Module': 'LlamaForCausalLM.model.layers.3.self_attn.attn', 'Outputs': [[1873, 2048]]}
0.0%	1.330 μs	1	1.330 μs	1.330 μs	1.330 μs	1.330 μs	0 ns	PushPop	:{'Module': 'LlamaForCausalLM.model.layers.9.self_attn.attn', 'Outputs': [[36, 2048]]}
0.0%	1.329 μs	1	1.329 μs	1.329 μs	1.329 μs	1.329 μs	0 ns	PushPop	:{'Module': 'LlamaForCausalLM.model.layers.8.self_attn.o_proj', 'TrainableParams': {'weight': [2048, 2048]}, 'Outputs': [[20, 2048]]}
0.0%	1.328 μs	1	1.328 μs	1.328 μs	1.328 μs	1.328 μs	0 ns	PushPop	:{'Module': 'LlamaForCausalLM.model.layers.0.self_attn', 'Outputs': [[52, 2048]]}
0.0%	1.328 μs	1	1.328 μs	1.328 μs	1.328 μs	1.328 μs	0 ns	PushPop	:{'Module': 'LlamaForCausalLM.model.layers.10.self_attn.qkv_proj', 'TrainableParams': {'weight': [3072, 2048]}, 'Outputs': [[16, 3072]]}
0.0%	1.328 μs	1	1.328 μs	1.328 μs	1.328 μs	1.328 μs	0 ns	PushPop	:{'Module': 'LlamaForCausalLM.model.layers.12.self_attn.o_proj', 'TrainableParams': {'weight': [2048, 2048]}, 'Outputs': [[1873, 2048]]}
0.0%	1.328 μs	1	1.328 μs	1.328 μs	1.328 μs	1.328 μs	0 ns	PushPop	:{'Module': 'LlamaForCausalLM.model.layers.4.self_attn.attn', 'Outputs': [[68, 2048]]}
0.0%	1.328 μs	1	1.328 μs	1.328 μs	1.328 μs	1.328 μs	0 ns	PushPop	:{'Module': 'LlamaForCausalLM.model.layers.4.self_attn.o_proj', 'TrainableParams': {'weight': [2048, 2048]}, 'Outputs': [[512, 2048]]}
0.0%	1.328 μs	1	1.328 μs	1.328 μs	1.328 μs	1.328 μs	0 ns	PushPop	:{'Module': 'LlamaForCausalLM.model.layers.8.self_attn.attn', 'Outputs': [[20, 2048]]}
0.0%	1.327 μs	1	1.327 μs	1.327 μs	1.327 μs	1.327 μs	0 ns	PushPop	:{'Module': 'LlamaForCausalLM.model.layers.1.self_attn.attn', 'Outputs': [[36, 2048]]}
0.0%	1.327 μs	1	1.327 μs	1.327 μs	1.327 μs	1.327 μs	0 ns	PushPop	:{'Module': 'LlamaForCausalLM.model.layers.4.self_attn.attn', 'Outputs': [[84, 2048]]}
0.0%	1.327 μs	1	1.327 μs	1.327 μs	1.327 μs	1.327 μs	0 ns	PushPop	:{'Module': 'LlamaForCausalLM.model.layers.5.post_attention_layernorm', 'TrainableParams': {'weight': [2048]}, 'Outputs': [[52, 2048], [52, 2048]]}
0.0%	1.326 μs	1	1.326 μs	1.326 μs	1.326 μs	1.326 μs	0 ns	PushPop	:{'Module': 'LlamaForCausalLM.model.layers.3.mlp.down_proj', 'TrainableParams': {'weight': [2048, 8192]}, 'Outputs': [[1873, 2048]]}
0.0%	1.326 μs	1	1.326 μs	1.326 μs	1.326 μs	1.326 μs	0 ns	PushPop	:{'Module': 'LlamaForCausalLM.model.layers.6.self_attn.qkv_proj', 'TrainableParams': {'weight': [3072, 2048]}, 'Outputs': [[16, 3072]]}
0.0%	1.326 μs	1	1.326 μs	1.326 μs	1.326 μs	1.326 μs	0 ns	PushPop	:{'Module': 'LlamaForCausalLM.model.layers.8.post_attention_layernorm', 'TrainableParams': {'weight': [2048]}, 'Outputs': [[52, 2048], [52, 2048]]}
0.0%	1.325 μs	1	1.325 μs	1.325 μs	1.325 μs	1.325 μs	0 ns	PushPop	:{'Module': 'LlamaForCausalLM.model.layers.10.self_attn.o_proj', 'TrainableParams': {'weight': [2048, 2048]}, 'Outputs': [[16, 2048]]}
0.0%	1.325 μs	1	1.325 μs	1.325 μs	1.325 μs	1.325 μs	0 ns	PushPop	:{'Module': 'LlamaForCausalLM.model.layers.13.mlp.gate_up_proj', 'TrainableParams': {'weight': [16384, 2048]}, 'Outputs': [[84, 16384]]}
0.0%	1.325 μs	1	1.325 μs	1.325 μs	1.325 μs	1.325 μs	0 ns	PushPop	:{'Module': 'LlamaForCausalLM.model.layers.5.self_attn.o_proj', 'TrainableParams': {'weight': [2048, 2048]}, 'Outputs': [[52, 2048]]}
0.0%	1.325 μs	1	1.325 μs	1.325 μs	1.325 μs	1.325 μs	0 ns	PushPop	:{'Module': 'LlamaForCausalLM.model.layers.7.post_attention_layernorm', 'TrainableParams': {'weight': [2048]}, 'Outputs': [[99, 2048], [99, 2048]]}
0.0%	1.324 μs	1	1.324 μs	1.324 μs	1.324 μs	1.324 μs	0 ns	PushPop	:{'Module': 'LlamaForCausalLM.model.layers.12.self_attn.attn', 'Outputs': [[99, 2048]]}
0.0%	1.324 μs	1	1.324 μs	1.324 μs	1.324 μs	1.324 μs	0 ns	PushPop	:{'Module': 'LlamaForCausalLM.model.layers.3.input_layernorm', 'TrainableParams': {'weight': [2048]}, 'Outputs': [[68, 2048], [68, 2048]]}
0.0%	1.324 μs	1	1.324 μs	1.324 μs	1.324 μs	1.324 μs	0 ns	PushPop	:{'Module': 'LlamaForCausalLM.model.layers.9.self_attn.attn', 'Outputs': [[20, 2048]]}
0.0%	1.323 μs	1	1.323 μs	1.323 μs	1.323 μs	1.323 μs	0 ns	PushPop	:{'Module': 'LlamaForCausalLM.model.layers.11.self_attn.attn', 'Outputs': [[256, 2048]]}
0.0%	1.323 μs	1	1.323 μs	1.323 μs	1.323 μs	1.323 μs	0 ns	PushPop	:{'Module': 'LlamaForCausalLM.model.layers.3.self_attn.qkv_proj', 'TrainableParams': {'weight': [3072, 2048]}, 'Outputs': [[68, 3072]]}
0.0%	1.323 μs	1	1.323 μs	1.323 μs	1.323 μs	1.323 μs	0 ns	PushPop	:{'Module': 'LlamaForCausalLM.model.layers.5', 'Outputs': [[256, 2048], [256, 2048]]}
0.0%	1.322 μs	1	1.322 μs	1.322 μs	1.322 μs	1.322 μs	0 ns	PushPop	:{'Module': 'LlamaForCausalLM.model.layers.11', 'Outputs': [[512, 2048], [512, 2048]]}
0.0%	1.322 μs	1	1.322 μs	1.322 μs	1.322 μs	1.322 μs	0 ns	PushPop	:{'Module': 'LlamaForCausalLM.model.layers.14.self_attn.attn', 'Outputs': [[36, 2048]]}
0.0%	1.322 μs	1	1.322 μs	1.322 μs	1.322 μs	1.322 μs	0 ns	PushPop	:{'Module': 'LlamaForCausalLM.model.layers.8.self_attn.attn', 'Outputs': [[99, 2048]]}
0.0%	1.321 μs	1	1.321 μs	1.321 μs	1.321 μs	1.321 μs	0 ns	PushPop	:{'Module': 'LlamaForCausalLM.model.layers.6.mlp.down_proj', 'TrainableParams': {'weight': [2048, 8192]}, 'Outputs': [[512, 2048]]}
0.0%	1.321 μs	1	1.321 μs	1.321 μs	1.321 μs	1.321 μs	0 ns	PushPop	:{'Module': 'LlamaForCausalLM.model.layers.8.mlp.gate_up_proj', 'TrainableParams': {'weight': [16384, 2048]}, 'Outputs': [[512, 16384]]}
0.0%	1.320 μs	1	1.320 μs	1.320 μs	1.320 μs	1.320 μs	0 ns	PushPop	:{'Module': 'LlamaForCausalLM.model.layers.2.mlp.gate_up_proj', 'TrainableParams': {'weight': [16384, 2048]}, 'Outputs': [[20, 16384]]}
0.0%	1.320 μs	1	1.320 μs	1.320 μs	1.320 μs	1.320 μs	0 ns	PushPop	:{'Module': 'LlamaForCausalLM.model.layers.3.self_attn.attn', 'Outputs': [[256, 2048]]}
0.0%	1.319 μs	1	1.319 μs	1.319 μs	1.319 μs	1.319 μs	0 ns	PushPop	:{'Module': 'LlamaForCausalLM.model.layers.10.self_attn.qkv_proj', 'TrainableParams': {'weight': [3072, 2048]}, 'Outputs': [[512, 3072]]}
0.0%	1.319 μs	1	1.319 μs	1.319 μs	1.319 μs	1.319 μs	0 ns	PushPop	:{'Module': 'LlamaForCausalLM.model.layers.3.input_layernorm', 'TrainableParams': {'weight': [2048]}, 'Outputs': [[256, 2048], [256, 2048]]}
0.0%	1.319 μs	1	1.319 μs	1.319 μs	1.319 μs	1.319 μs	0 ns	PushPop	:{'Module': 'LlamaForCausalLM.model.layers.4.self_attn.o_proj', 'TrainableParams': {'weight': [2048, 2048]}, 'Outputs': [[84, 2048]]}
0.0%	1.318 μs	1	1.318 μs	1.318 μs	1.318 μs	1.318 μs	0 ns	PushPop	:{'Module': 'LlamaForCausalLM.model.layers.11.self_attn.qkv_proj', 'TrainableParams': {'weight': [3072, 2048]}, 'Outputs': [[256, 3072]]}
0.0%	1.318 μs	1	1.318 μs	1.318 μs	1.318 μs	1.318 μs	0 ns	PushPop	:{'Module': 'LlamaForCausalLM.model.layers.6.self_attn.o_proj', 'TrainableParams': {'weight': [2048, 2048]}, 'Outputs': [[1873, 2048]]}
0.0%	1.318 μs	1	1.318 μs	1.318 μs	1.318 μs	1.318 μs	0 ns	PushPop	:{'Module': 'LlamaForCausalLM.model.layers.6.self_attn.o_proj', 'TrainableParams': {'weight': [2048, 2048]}, 'Outputs': [[84, 2048]]}
0.0%	1.318 μs	1	1.318 μs	1.318 μs	1.318 μs	1.318 μs	0 ns	PushPop	:{'Module': 'LlamaForCausalLM.model.layers.8.self_attn.attn', 'Outputs': [[84, 2048]]}
0.0%	1.317 μs	1	1.317 μs	1.317 μs	1.317 μs	1.317 μs	0 ns	PushPop	:{'Module': 'LlamaForCausalLM.model.layers.10.input_layernorm', 'TrainableParams': {'weight': [2048]}, 'Outputs': [[1873, 2048], [1873, 2048]]}
0.0%	1.317 μs	1	1.317 μs	1.317 μs	1.317 μs	1.317 μs	0 ns	PushPop	:{'Module': 'LlamaForCausalLM.model.layers.11.self_attn.attn', 'Outputs': [[20, 2048]]}
0.0%	1.317 μs	1	1.317 μs	1.317 μs	1.317 μs	1.317 μs	0 ns	PushPop	:{'Module': 'LlamaForCausalLM.model.layers.6.self_attn.attn', 'Outputs': [[20, 2048]]}
0.0%	1.316 μs	1	1.316 μs	1.316 μs	1.316 μs	1.316 μs	0 ns	PushPop	:{'Module': 'LlamaForCausalLM.model.layers.10.input_layernorm', 'TrainableParams': {'weight': [2048]}, 'Outputs': [[99, 2048], [99, 2048]]}
0.0%	1.316 μs	1	1.316 μs	1.316 μs	1.316 μs	1.316 μs	0 ns	PushPop	:{'Module': 'LlamaForCausalLM.model.layers.14.mlp.down_proj', 'TrainableParams': {'weight': [2048, 8192]}, 'Outputs': [[512, 2048]]}
0.0%	1.316 μs	1	1.316 μs	1.316 μs	1.316 μs	1.316 μs	0 ns	PushPop	:{'Module': 'LlamaForCausalLM.model.layers.5.input_layernorm', 'TrainableParams': {'weight': [2048]}, 'Outputs': [[16, 2048], [16, 2048]]}
0.0%	1.316 μs	1	1.316 μs	1.316 μs	1.316 μs	1.316 μs	0 ns	PushPop	:{'Module': 'LlamaForCausalLM.model.layers.6.post_attention_layernorm', 'TrainableParams': {'weight': [2048]}, 'Outputs': [[1873, 2048], [1873, 2048]]}
0.0%	1.316 μs	1	1.316 μs	1.316 μs	1.316 μs	1.316 μs	0 ns	PushPop	:{'Module': 'LlamaForCausalLM.model.layers.6.self_attn.o_proj', 'TrainableParams': {'weight': [2048, 2048]}, 'Outputs': [[36, 2048]]}
0.0%	1.315 μs	1	1.315 μs	1.315 μs	1.315 μs	1.315 μs	0 ns	PushPop	:{'Module': 'LlamaForCausalLM.model.layers.0.self_attn.qkv_proj', 'TrainableParams': {'weight': [3072, 2048]}, 'Outputs': [[68, 3072]]}
0.0%	1.315 μs	1	1.315 μs	1.315 μs	1.315 μs	1.315 μs	0 ns	PushPop	:{'Module': 'LlamaForCausalLM.model.layers.1.self_attn.o_proj', 'TrainableParams': {'weight': [2048, 2048]}, 'Outputs': [[16, 2048]]}
0.0%	1.315 μs	1	1.315 μs	1.315 μs	1.315 μs	1.315 μs	0 ns	PushPop	:{'Module': 'LlamaForCausalLM.model.layers.8', 'Outputs': [[68, 2048], [68, 2048]]}
0.0%	1.314 μs	1	1.314 μs	1.314 μs	1.314 μs	1.314 μs	0 ns	PushPop	:{'Module': 'LlamaForCausalLM.model.layers.10.self_attn.attn', 'Outputs': [[4, 2048]]}
0.0%	1.314 μs	1	1.314 μs	1.314 μs	1.314 μs	1.314 μs	0 ns	PushPop	:{'Module': 'LlamaForCausalLM.model.layers.14.self_attn.o_proj', 'TrainableParams': {'weight': [2048, 2048]}, 'Outputs': [[512, 2048]]}
0.0%	1.314 μs	1	1.314 μs	1.314 μs	1.314 μs	1.314 μs	0 ns	PushPop	:{'Module': 'LlamaForCausalLM.model.layers.7.self_attn.o_proj', 'TrainableParams': {'weight': [2048, 2048]}, 'Outputs': [[36, 2048]]}
0.0%	1.314 μs	1	1.314 μs	1.314 μs	1.314 μs	1.314 μs	0 ns	PushPop	:{'Module': 'LlamaForCausalLM.model.layers.8.mlp.down_proj', 'TrainableParams': {'weight': [2048, 8192]}, 'Outputs': [[16, 2048]]}
0.0%	1.313 μs	1	1.313 μs	1.313 μs	1.313 μs	1.313 μs	0 ns	PushPop	:{'Module': 'LlamaForCausalLM.model.layers.10.self_attn.attn', 'Outputs': [[52, 2048]]}
0.0%	1.313 μs	1	1.313 μs	1.313 μs	1.313 μs	1.313 μs	0 ns	PushPop	:{'Module': 'LlamaForCausalLM.model.layers.4.self_attn.attn', 'Outputs': [[36, 2048]]}
0.0%	1.313 μs	1	1.313 μs	1.313 μs	1.313 μs	1.313 μs	0 ns	PushPop	:{'Module': 'LlamaForCausalLM.model.layers.7.mlp.down_proj', 'TrainableParams': {'weight': [2048, 8192]}, 'Outputs': [[512, 2048]]}
0.0%	1.311 μs	1	1.311 μs	1.311 μs	1.311 μs	1.311 μs	0 ns	PushPop	:{'Module': 'LlamaForCausalLM.model.layers.13.self_attn', 'Outputs': [[512, 2048]]}
0.0%	1.311 μs	1	1.311 μs	1.311 μs	1.311 μs	1.311 μs	0 ns	PushPop	:{'Module': 'LlamaForCausalLM.model.layers.6.mlp.down_proj', 'TrainableParams': {'weight': [2048, 8192]}, 'Outputs': [[99, 2048]]}
0.0%	1.310 μs	1	1.310 μs	1.310 μs	1.310 μs	1.310 μs	0 ns	PushPop	:{'Module': 'LlamaForCausalLM.model.layers.14.self_attn.o_proj', 'TrainableParams': {'weight': [2048, 2048]}, 'Outputs': [[1873, 2048]]}
0.0%	1.310 μs	1	1.310 μs	1.310 μs	1.310 μs	1.310 μs	0 ns	PushPop	:{'Module': 'LlamaForCausalLM.model.layers.2.self_attn.attn', 'Outputs': [[84, 2048]]}
0.0%	1.310 μs	1	1.310 μs	1.310 μs	1.310 μs	1.310 μs	0 ns	PushPop	:{'Module': 'LlamaForCausalLM.model.layers.3.self_attn', 'Outputs': [[52, 2048]]}
0.0%	1.309 μs	1	1.309 μs	1.309 μs	1.309 μs	1.309 μs	0 ns	PushPop	:{'Module': 'LlamaForCausalLM.model.layers.3.mlp.gate_up_proj', 'TrainableParams': {'weight': [16384, 2048]}, 'Outputs': [[256, 16384]]}
0.0%	1.307 μs	1	1.307 μs	1.307 μs	1.307 μs	1.307 μs	0 ns	PushPop	:{'Module': 'LlamaForCausalLM.model.layers.1.post_attention_layernorm', 'TrainableParams': {'weight': [2048]}, 'Outputs': [[16, 2048], [16, 2048]]}
0.0%	1.307 μs	1	1.307 μs	1.307 μs	1.307 μs	1.307 μs	0 ns	PushPop	:{'Module': 'LlamaForCausalLM.model.layers.14.self_attn.attn', 'Outputs': [[84, 2048]]}
0.0%	1.307 μs	1	1.307 μs	1.307 μs	1.307 μs	1.307 μs	0 ns	PushPop	:{'Module': 'LlamaForCausalLM.model.layers.4.input_layernorm', 'TrainableParams': {'weight': [2048]}, 'Outputs': [[1873, 2048], [1873, 2048]]}
0.0%	1.306 μs	1	1.306 μs	1.306 μs	1.306 μs	1.306 μs	0 ns	PushPop	:{'Module': 'LlamaForCausalLM.model.layers.12', 'Outputs': [[68, 2048], [68, 2048]]}
0.0%	1.306 μs	1	1.306 μs	1.306 μs	1.306 μs	1.306 μs	0 ns	PushPop	:{'Module': 'LlamaForCausalLM.model.layers.2.input_layernorm', 'TrainableParams': {'weight': [2048]}, 'Outputs': [[256, 2048], [256, 2048]]}
0.0%	1.306 μs	1	1.306 μs	1.306 μs	1.306 μs	1.306 μs	0 ns	PushPop	:{'Module': 'LlamaForCausalLM.model.layers.2.mlp.down_proj', 'TrainableParams': {'weight': [2048, 8192]}, 'Outputs': [[52, 2048]]}
0.0%	1.306 μs	1	1.306 μs	1.306 μs	1.306 μs	1.306 μs	0 ns	PushPop	:{'Module': 'LlamaForCausalLM.model.layers.5.post_attention_layernorm', 'TrainableParams': {'weight': [2048]}, 'Outputs': [[99, 2048], [99, 2048]]}
0.0%	1.306 μs	1	1.306 μs	1.306 μs	1.306 μs	1.306 μs	0 ns	PushPop	:{'Module': 'LlamaForCausalLM.model.layers.6.self_attn.attn', 'Outputs': [[52, 2048]]}
0.0%	1.306 μs	1	1.306 μs	1.306 μs	1.306 μs	1.306 μs	0 ns	PushPop	:{'Module': 'LlamaForCausalLM.model.norm', 'TrainableParams': {'weight': [2048]}, 'Outputs': [[1873, 2048], [1873, 2048]]}
0.0%	1.305 μs	1	1.305 μs	1.305 μs	1.305 μs	1.305 μs	0 ns	PushPop	:{'Module': 'LlamaForCausalLM.model.layers.10.self_attn.attn', 'Outputs': [[36, 2048]]}
0.0%	1.305 μs	1	1.305 μs	1.305 μs	1.305 μs	1.305 μs	0 ns	PushPop	:{'Module': 'LlamaForCausalLM.model.layers.11.self_attn.o_proj', 'TrainableParams': {'weight': [2048, 2048]}, 'Outputs': [[256, 2048]]}
0.0%	1.305 μs	1	1.305 μs	1.305 μs	1.305 μs	1.305 μs	0 ns	PushPop	:{'Module': 'LlamaForCausalLM.model.layers.5.self_attn.attn', 'Outputs': [[4, 2048]]}
0.0%	1.304 μs	1	1.304 μs	1.304 μs	1.304 μs	1.304 μs	0 ns	PushPop	:{'Module': 'LlamaForCausalLM.model.layers.0.self_attn.qkv_proj', 'TrainableParams': {'weight': [3072, 2048]}, 'Outputs': [[36, 3072]]}
0.0%	1.304 μs	1	1.304 μs	1.304 μs	1.304 μs	1.304 μs	0 ns	PushPop	:{'Module': 'LlamaForCausalLM.model.layers.10.self_attn.o_proj', 'TrainableParams': {'weight': [2048, 2048]}, 'Outputs': [[512, 2048]]}
0.0%	1.304 μs	1	1.304 μs	1.304 μs	1.304 μs	1.304 μs	0 ns	PushPop	:{'Module': 'LlamaForCausalLM.model.layers.11.mlp.down_proj', 'TrainableParams': {'weight': [2048, 8192]}, 'Outputs': [[16, 2048]]}
0.0%	1.304 μs	1	1.304 μs	1.304 μs	1.304 μs	1.304 μs	0 ns	PushPop	:{'Module': 'LlamaForCausalLM.model.layers.13.mlp.down_proj', 'TrainableParams': {'weight': [2048, 8192]}, 'Outputs': [[16, 2048]]}
0.0%	1.304 μs	1	1.304 μs	1.304 μs	1.304 μs	1.304 μs	0 ns	PushPop	:{'Module': 'LlamaForCausalLM.model.layers.14.input_layernorm', 'TrainableParams': {'weight': [2048]}, 'Outputs': [[1873, 2048], [1873, 2048]]}
0.0%	1.304 μs	1	1.304 μs	1.304 μs	1.304 μs	1.304 μs	0 ns	PushPop	:{'Module': 'LlamaForCausalLM.model.layers.14.post_attention_layernorm', 'TrainableParams': {'weight': [2048]}, 'Outputs': [[84, 2048], [84, 2048]]}
0.0%	1.304 μs	1	1.304 μs	1.304 μs	1.304 μs	1.304 μs	0 ns	PushPop	:{'Module': 'LlamaForCausalLM.model.layers.2.self_attn.o_proj', 'TrainableParams': {'weight': [2048, 2048]}, 'Outputs': [[68, 2048]]}
0.0%	1.304 μs	1	1.304 μs	1.304 μs	1.304 μs	1.304 μs	0 ns	PushPop	:{'Module': 'LlamaForCausalLM.model.layers.8.self_attn.attn', 'Outputs': [[16, 2048]]}
0.0%	1.303 μs	1	1.303 μs	1.303 μs	1.303 μs	1.303 μs	0 ns	PushPop	:{'Module': 'LlamaForCausalLM.model.layers.10.self_attn.attn', 'Outputs': [[99, 2048]]}
0.0%	1.303 μs	1	1.303 μs	1.303 μs	1.303 μs	1.303 μs	0 ns	PushPop	:{'Module': 'LlamaForCausalLM.model.layers.5.mlp.down_proj', 'TrainableParams': {'weight': [2048, 8192]}, 'Outputs': [[99, 2048]]}
0.0%	1.303 μs	1	1.303 μs	1.303 μs	1.303 μs	1.303 μs	0 ns	PushPop	:{'Module': 'LlamaForCausalLM.model.layers.8.input_layernorm', 'TrainableParams': {'weight': [2048]}, 'Outputs': [[16, 2048], [16, 2048]]}
0.0%	1.302 μs	1	1.302 μs	1.302 μs	1.302 μs	1.302 μs	0 ns	PushPop	:{'Module': 'LlamaForCausalLM.model.layers.2.self_attn.attn', 'Outputs': [[99, 2048]]}
0.0%	1.302 μs	1	1.302 μs	1.302 μs	1.302 μs	1.302 μs	0 ns	PushPop	:{'Module': 'LlamaForCausalLM.model.layers.7.post_attention_layernorm', 'TrainableParams': {'weight': [2048]}, 'Outputs': [[20, 2048], [20, 2048]]}
0.0%	1.301 μs	1	1.301 μs	1.301 μs	1.301 μs	1.301 μs	0 ns	PushPop	:{'Module': 'LlamaForCausalLM.model.layers.0.mlp.down_proj', 'TrainableParams': {'weight': [2048, 8192]}, 'Outputs': [[1873, 2048]]}
0.0%	1.301 μs	1	1.301 μs	1.301 μs	1.301 μs	1.301 μs	0 ns	PushPop	:{'Module': 'LlamaForCausalLM.model.layers.4.mlp', 'Outputs': [[1873, 2048]]}
0.0%	1.300 μs	1	1.300 μs	1.300 μs	1.300 μs	1.300 μs	0 ns	PushPop	:{'Module': 'LlamaForCausalLM.model.layers.5.self_attn.attn', 'Outputs': [[84, 2048]]}
0.0%	1.300 μs	1	1.300 μs	1.300 μs	1.300 μs	1.300 μs	0 ns	PushPop	:{'Module': 'LlamaForCausalLM.model.layers.9.input_layernorm', 'TrainableParams': {'weight': [2048]}, 'Outputs': [[1873, 2048], [1873, 2048]]}
0.0%	1.300 μs	1	1.300 μs	1.300 μs	1.300 μs	1.300 μs	0 ns	PushPop	:{'Module': 'LlamaForCausalLM.model.layers.9.post_attention_layernorm', 'TrainableParams': {'weight': [2048]}, 'Outputs': [[1873, 2048], [1873, 2048]]}
0.0%	1.299 μs	1	1.299 μs	1.299 μs	1.299 μs	1.299 μs	0 ns	PushPop	:{'Module': 'LlamaForCausalLM.model.layers.12.mlp.gate_up_proj', 'TrainableParams': {'weight': [16384, 2048]}, 'Outputs': [[1873, 16384]]}
0.0%	1.299 μs	1	1.299 μs	1.299 μs	1.299 μs	1.299 μs	0 ns	PushPop	:{'Module': 'LlamaForCausalLM.model.layers.14.post_attention_layernorm', 'TrainableParams': {'weight': [2048]}, 'Outputs': [[16, 2048], [16, 2048]]}
0.0%	1.299 μs	1	1.299 μs	1.299 μs	1.299 μs	1.299 μs	0 ns	PushPop	:{'Module': 'LlamaForCausalLM.model.layers.2.post_attention_layernorm', 'TrainableParams': {'weight': [2048]}, 'Outputs': [[256, 2048], [256, 2048]]}
0.0%	1.299 μs	1	1.299 μs	1.299 μs	1.299 μs	1.299 μs	0 ns	PushPop	:{'Module': 'LlamaForCausalLM.model.layers.4.self_attn.attn', 'Outputs': [[20, 2048]]}
0.0%	1.298 μs	1	1.298 μs	1.298 μs	1.298 μs	1.298 μs	0 ns	PushPop	:{'Module': 'LlamaForCausalLM.model.layers.1.self_attn.attn', 'Outputs': [[84, 2048]]}
0.0%	1.298 μs	1	1.298 μs	1.298 μs	1.298 μs	1.298 μs	0 ns	PushPop	:{'Module': 'LlamaForCausalLM.model.layers.2.input_layernorm', 'TrainableParams': {'weight': [2048]}, 'Outputs': [[16, 2048], [16, 2048]]}
0.0%	1.298 μs	1	1.298 μs	1.298 μs	1.298 μs	1.298 μs	0 ns	PushPop	:{'Module': 'LlamaForCausalLM.model.layers.2.self_attn.attn', 'Outputs': [[52, 2048]]}
0.0%	1.298 μs	1	1.298 μs	1.298 μs	1.298 μs	1.298 μs	0 ns	PushPop	:{'Module': 'LlamaForCausalLM.model.layers.5.self_attn.o_proj', 'TrainableParams': {'weight': [2048, 2048]}, 'Outputs': [[68, 2048]]}
0.0%	1.298 μs	1	1.298 μs	1.298 μs	1.298 μs	1.298 μs	0 ns	PushPop	:{'Module': 'LlamaForCausalLM.model.layers.8.input_layernorm', 'TrainableParams': {'weight': [2048]}, 'Outputs': [[1873, 2048], [1873, 2048]]}
0.0%	1.297 μs	1	1.297 μs	1.297 μs	1.297 μs	1.297 μs	0 ns	PushPop	:{'Module': 'LlamaForCausalLM.model.layers.0.self_attn.attn', 'Outputs': [[99, 2048]]}
0.0%	1.297 μs	1	1.297 μs	1.297 μs	1.297 μs	1.297 μs	0 ns	PushPop	:{'Module': 'LlamaForCausalLM.model.layers.10.input_layernorm', 'TrainableParams': {'weight': [2048]}, 'Outputs': [[16, 2048], [16, 2048]]}
0.0%	1.297 μs	1	1.297 μs	1.297 μs	1.297 μs	1.297 μs	0 ns	PushPop	:{'Module': 'LlamaForCausalLM.model.layers.12.self_attn.attn', 'Outputs': [[20, 2048]]}
0.0%	1.296 μs	1	1.296 μs	1.296 μs	1.296 μs	1.296 μs	0 ns	PushPop	:{'Module': 'LlamaForCausalLM.model.layers.1.self_attn.o_proj', 'TrainableParams': {'weight': [2048, 2048]}, 'Outputs': [[256, 2048]]}
0.0%	1.296 μs	1	1.296 μs	1.296 μs	1.296 μs	1.296 μs	0 ns	PushPop	:{'Module': 'LlamaForCausalLM.model.layers.7.self_attn.attn', 'Outputs': [[36, 2048]]}
0.0%	1.295 μs	1	1.295 μs	1.295 μs	1.295 μs	1.295 μs	0 ns	PushPop	:{'Module': 'LlamaForCausalLM.model.layers.1.input_layernorm', 'TrainableParams': {'weight': [2048]}, 'Outputs': [[1873, 2048], [1873, 2048]]}
0.0%	1.295 μs	1	1.295 μs	1.295 μs	1.295 μs	1.295 μs	0 ns	PushPop	:{'Module': 'LlamaForCausalLM.model.layers.10.mlp.gate_up_proj', 'TrainableParams': {'weight': [16384, 2048]}, 'Outputs': [[256, 16384]]}
0.0%	1.294 μs	1	1.294 μs	1.294 μs	1.294 μs	1.294 μs	0 ns	PushPop	:{'Module': 'LlamaForCausalLM.model.layers.12.self_attn.attn', 'Outputs': [[52, 2048]]}
0.0%	1.294 μs	1	1.294 μs	1.294 μs	1.294 μs	1.294 μs	0 ns	PushPop	:{'Module': 'LlamaForCausalLM.model.layers.5.post_attention_layernorm', 'TrainableParams': {'weight': [2048]}, 'Outputs': [[16, 2048], [16, 2048]]}
0.0%	1.294 μs	1	1.294 μs	1.294 μs	1.294 μs	1.294 μs	0 ns	PushPop	:{'Module': 'LlamaForCausalLM.model.layers.6.mlp.down_proj', 'TrainableParams': {'weight': [2048, 8192]}, 'Outputs': [[84, 2048]]}
0.0%	1.294 μs	1	1.294 μs	1.294 μs	1.294 μs	1.294 μs	0 ns	PushPop	:{'Module': 'LlamaForCausalLM.model.layers.6.post_attention_layernorm', 'TrainableParams': {'weight': [2048]}, 'Outputs': [[512, 2048], [512, 2048]]}
0.0%	1.293 μs	1	1.293 μs	1.293 μs	1.293 μs	1.293 μs	0 ns	PushPop	:{'Module': 'LlamaForCausalLM.model.layers.13.self_attn.o_proj', 'TrainableParams': {'weight': [2048, 2048]}, 'Outputs': [[20, 2048]]}
0.0%	1.292 μs	1	1.292 μs	1.292 μs	1.292 μs	1.292 μs	0 ns	PushPop	:{'Module': 'LlamaForCausalLM.model.layers.4.self_attn.o_proj', 'TrainableParams': {'weight': [2048, 2048]}, 'Outputs': [[256, 2048]]}
0.0%	1.291 μs	1	1.291 μs	1.291 μs	1.291 μs	1.291 μs	0 ns	PushPop	:{'Module': 'LlamaForCausalLM.model.layers.11.input_layernorm', 'TrainableParams': {'weight': [2048]}, 'Outputs': [[99, 2048], [99, 2048]]}
0.0%	1.291 μs	1	1.291 μs	1.291 μs	1.291 μs	1.291 μs	0 ns	PushPop	:{'Module': 'LlamaForCausalLM.model.layers.11.post_attention_layernorm', 'TrainableParams': {'weight': [2048]}, 'Outputs': [[512, 2048], [512, 2048]]}
0.0%	1.291 μs	1	1.291 μs	1.291 μs	1.291 μs	1.291 μs	0 ns	PushPop	:{'Module': 'LlamaForCausalLM.model.layers.2.post_attention_layernorm', 'TrainableParams': {'weight': [2048]}, 'Outputs': [[68, 2048], [68, 2048]]}
0.0%	1.291 μs	1	1.291 μs	1.291 μs	1.291 μs	1.291 μs	0 ns	PushPop	:{'Module': 'LlamaForCausalLM.model.layers.5.self_attn.attn', 'Outputs': [[36, 2048]]}
0.0%	1.291 μs	1	1.291 μs	1.291 μs	1.291 μs	1.291 μs	0 ns	PushPop	:{'Module': 'LlamaForCausalLM.model.layers.7.self_attn.o_proj', 'TrainableParams': {'weight': [2048, 2048]}, 'Outputs': [[256, 2048]]}
0.0%	1.290 μs	1	1.290 μs	1.290 μs	1.290 μs	1.290 μs	0 ns	PushPop	:{'Module': 'LlamaForCausalLM.model.layers.12.self_attn.o_proj', 'TrainableParams': {'weight': [2048, 2048]}, 'Outputs': [[16, 2048]]}
0.0%	1.290 μs	1	1.290 μs	1.290 μs	1.290 μs	1.290 μs	0 ns	PushPop	:{'Module': 'LlamaForCausalLM.model.layers.14.self_attn.attn', 'Outputs': [[99, 2048]]}
0.0%	1.290 μs	1	1.290 μs	1.290 μs	1.290 μs	1.290 μs	0 ns	PushPop	:{'Module': 'LlamaForCausalLM.model.layers.4.self_attn.qkv_proj', 'TrainableParams': {'weight': [3072, 2048]}, 'Outputs': [[84, 3072]]}
0.0%	1.290 μs	1	1.290 μs	1.290 μs	1.290 μs	1.290 μs	0 ns	PushPop	:{'Module': 'LlamaForCausalLM.model.layers.7.self_attn.o_proj', 'TrainableParams': {'weight': [2048, 2048]}, 'Outputs': [[52, 2048]]}
0.0%	1.289 μs	1	1.289 μs	1.289 μs	1.289 μs	1.289 μs	0 ns	PushPop	:{'Module': 'LlamaForCausalLM.model.layers.12.self_attn', 'Outputs': [[68, 2048]]}
0.0%	1.289 μs	1	1.289 μs	1.289 μs	1.289 μs	1.289 μs	0 ns	PushPop	:{'Module': 'LlamaForCausalLM.model.layers.8.mlp.down_proj', 'TrainableParams': {'weight': [2048, 8192]}, 'Outputs': [[4, 2048]]}
0.0%	1.287 μs	1	1.287 μs	1.287 μs	1.287 μs	1.287 μs	0 ns	PushPop	:{'Module': 'LlamaForCausalLM.model.layers.0.input_layernorm', 'TrainableParams': {'weight': [2048]}, 'Outputs': [[16, 2048]]}
0.0%	1.287 μs	1	1.287 μs	1.287 μs	1.287 μs	1.287 μs	0 ns	PushPop	:{'Module': 'LlamaForCausalLM.model.layers.10.self_attn.qkv_proj', 'TrainableParams': {'weight': [3072, 2048]}, 'Outputs': [[84, 3072]]}
0.0%	1.287 μs	1	1.287 μs	1.287 μs	1.287 μs	1.287 μs	0 ns	PushPop	:{'Module': 'LlamaForCausalLM.model.layers.4.self_attn.qkv_proj', 'TrainableParams': {'weight': [3072, 2048]}, 'Outputs': [[512, 3072]]}
0.0%	1.286 μs	1	1.286 μs	1.286 μs	1.286 μs	1.286 μs	0 ns	PushPop	:{'Module': 'LlamaForCausalLM.model.layers.15.mlp.down_proj', 'TrainableParams': {'weight': [2048, 8192]}, 'Outputs': [[16, 2048]]}
0.0%	1.286 μs	1	1.286 μs	1.286 μs	1.286 μs	1.286 μs	0 ns	PushPop	:{'Module': 'LlamaForCausalLM.model.layers.7.mlp.gate_up_proj', 'TrainableParams': {'weight': [16384, 2048]}, 'Outputs': [[99, 16384]]}
0.0%	1.286 μs	1	1.286 μs	1.286 μs	1.286 μs	1.286 μs	0 ns	PushPop	:{'Module': 'LlamaForCausalLM.model.layers.9.input_layernorm', 'TrainableParams': {'weight': [2048]}, 'Outputs': [[256, 2048], [256, 2048]]}
0.0%	1.285 μs	1	1.285 μs	1.285 μs	1.285 μs	1.285 μs	0 ns	PushPop	:{'Module': 'LlamaForCausalLM.model.layers.0.self_attn.o_proj', 'TrainableParams': {'weight': [2048, 2048]}, 'Outputs': [[99, 2048]]}
0.0%	1.285 μs	1	1.285 μs	1.285 μs	1.285 μs	1.285 μs	0 ns	PushPop	:{'Module': 'LlamaForCausalLM.model.layers.1.self_attn.o_proj', 'TrainableParams': {'weight': [2048, 2048]}, 'Outputs': [[99, 2048]]}
0.0%	1.285 μs	1	1.285 μs	1.285 μs	1.285 μs	1.285 μs	0 ns	PushPop	:{'Module': 'LlamaForCausalLM.model.layers.5.input_layernorm', 'TrainableParams': {'weight': [2048]}, 'Outputs': [[68, 2048], [68, 2048]]}
0.0%	1.285 μs	1	1.285 μs	1.285 μs	1.285 μs	1.285 μs	0 ns	PushPop	:{'Module': 'LlamaForCausalLM.model.layers.7.mlp.down_proj', 'TrainableParams': {'weight': [2048, 8192]}, 'Outputs': [[256, 2048]]}
0.0%	1.284 μs	1	1.284 μs	1.284 μs	1.284 μs	1.284 μs	0 ns	PushPop	:{'Module': 'LlamaForCausalLM.model.layers.0.post_attention_layernorm', 'TrainableParams': {'weight': [2048]}, 'Outputs': [[16, 2048], [16, 2048]]}
0.0%	1.284 μs	1	1.284 μs	1.284 μs	1.284 μs	1.284 μs	0 ns	PushPop	:{'Module': 'LlamaForCausalLM.model.layers.1.mlp.gate_up_proj', 'TrainableParams': {'weight': [16384, 2048]}, 'Outputs': [[512, 16384]]}
0.0%	1.284 μs	1	1.284 μs	1.284 μs	1.284 μs	1.284 μs	0 ns	PushPop	:{'Module': 'LlamaForCausalLM.model.layers.15.self_attn.attn', 'Outputs': [[84, 2048]]}
0.0%	1.283 μs	1	1.283 μs	1.283 μs	1.283 μs	1.283 μs	0 ns	PushPop	:{'Module': 'LlamaForCausalLM.model.layers.2.self_attn.o_proj', 'TrainableParams': {'weight': [2048, 2048]}, 'Outputs': [[1873, 2048]]}
0.0%	1.282 μs	1	1.282 μs	1.282 μs	1.282 μs	1.282 μs	0 ns	PushPop	:{'Module': 'LlamaForCausalLM.model.layers.13.self_attn.attn', 'Outputs': [[68, 2048]]}
0.0%	1.282 μs	1	1.282 μs	1.282 μs	1.282 μs	1.282 μs	0 ns	PushPop	:{'Module': 'LlamaForCausalLM.model.layers.9.input_layernorm', 'TrainableParams': {'weight': [2048]}, 'Outputs': [[16, 2048], [16, 2048]]}
0.0%	1.281 μs	1	1.281 μs	1.281 μs	1.281 μs	1.281 μs	0 ns	PushPop	:{'Module': 'LlamaForCausalLM.model.layers.1.self_attn.attn', 'Outputs': [[256, 2048]]}
0.0%	1.281 μs	1	1.281 μs	1.281 μs	1.281 μs	1.281 μs	0 ns	PushPop	:{'Module': 'LlamaForCausalLM.model.layers.13.input_layernorm', 'TrainableParams': {'weight': [2048]}, 'Outputs': [[16, 2048], [16, 2048]]}
0.0%	1.280 μs	1	1.280 μs	1.280 μs	1.280 μs	1.280 μs	0 ns	PushPop	:{'Module': 'LlamaForCausalLM.model.layers.10.self_attn.o_proj', 'TrainableParams': {'weight': [2048, 2048]}, 'Outputs': [[1873, 2048]]}
0.0%	1.280 μs	1	1.280 μs	1.280 μs	1.280 μs	1.280 μs	0 ns	PushPop	:{'Module': 'LlamaForCausalLM.model.layers.11.input_layernorm', 'TrainableParams': {'weight': [2048]}, 'Outputs': [[1873, 2048], [1873, 2048]]}
0.0%	1.280 μs	1	1.280 μs	1.280 μs	1.280 μs	1.280 μs	0 ns	PushPop	:{'Module': 'LlamaForCausalLM.model.layers.5.self_attn.attn', 'Outputs': [[52, 2048]]}
0.0%	1.280 μs	1	1.280 μs	1.280 μs	1.280 μs	1.280 μs	0 ns	PushPop	:{'Module': 'LlamaForCausalLM.model.layers.5.self_attn.o_proj', 'TrainableParams': {'weight': [2048, 2048]}, 'Outputs': [[84, 2048]]}
0.0%	1.280 μs	1	1.280 μs	1.280 μs	1.280 μs	1.280 μs	0 ns	PushPop	:{'Module': 'LlamaForCausalLM.model.layers.7.post_attention_layernorm', 'TrainableParams': {'weight': [2048]}, 'Outputs': [[256, 2048], [256, 2048]]}
0.0%	1.280 μs	1	1.280 μs	1.280 μs	1.280 μs	1.280 μs	0 ns	PushPop	:{'Module': 'LlamaForCausalLM.model.layers.8.mlp.down_proj', 'TrainableParams': {'weight': [2048, 8192]}, 'Outputs': [[52, 2048]]}
0.0%	1.279 μs	1	1.279 μs	1.279 μs	1.279 μs	1.279 μs	0 ns	PushPop	:{'Module': 'LlamaForCausalLM.model.layers.12.post_attention_layernorm', 'TrainableParams': {'weight': [2048]}, 'Outputs': [[16, 2048], [16, 2048]]}
0.0%	1.279 μs	1	1.279 μs	1.279 μs	1.279 μs	1.279 μs	0 ns	PushPop	:{'Module': 'LlamaForCausalLM.model.layers.8.input_layernorm', 'TrainableParams': {'weight': [2048]}, 'Outputs': [[52, 2048], [52, 2048]]}
0.0%	1.279 μs	1	1.279 μs	1.279 μs	1.279 μs	1.279 μs	0 ns	PushPop	:{'Module': 'LlamaForCausalLM.model.layers.9.self_attn.attn', 'Outputs': [[52, 2048]]}
0.0%	1.279 μs	1	1.279 μs	1.279 μs	1.279 μs	1.279 μs	0 ns	PushPop	:{'Module': 'LlamaForCausalLM.model.layers.9.self_attn.attn', 'Outputs': [[68, 2048]]}
0.0%	1.278 μs	1	1.278 μs	1.278 μs	1.278 μs	1.278 μs	0 ns	PushPop	:{'Module': 'LlamaForCausalLM.model.layers.1.mlp.down_proj', 'TrainableParams': {'weight': [2048, 8192]}, 'Outputs': [[52, 2048]]}
0.0%	1.278 μs	1	1.278 μs	1.278 μs	1.278 μs	1.278 μs	0 ns	PushPop	:{'Module': 'LlamaForCausalLM.model.layers.1.post_attention_layernorm', 'TrainableParams': {'weight': [2048]}, 'Outputs': [[1873, 2048], [1873, 2048]]}
0.0%	1.278 μs	1	1.278 μs	1.278 μs	1.278 μs	1.278 μs	0 ns	PushPop	:{'Module': 'LlamaForCausalLM.model.layers.10.self_attn.qkv_proj', 'TrainableParams': {'weight': [3072, 2048]}, 'Outputs': [[99, 3072]]}
0.0%	1.278 μs	1	1.278 μs	1.278 μs	1.278 μs	1.278 μs	0 ns	PushPop	:{'Module': 'LlamaForCausalLM.model.layers.6', 'Outputs': [[84, 2048], [84, 2048]]}
0.0%	1.277 μs	1	1.277 μs	1.277 μs	1.277 μs	1.277 μs	0 ns	PushPop	:{'Module': 'LlamaForCausalLM.model.layers.2.mlp.down_proj', 'TrainableParams': {'weight': [2048, 8192]}, 'Outputs': [[256, 2048]]}
0.0%	1.277 μs	1	1.277 μs	1.277 μs	1.277 μs	1.277 μs	0 ns	PushPop	:{'Module': 'LlamaForCausalLM.model.layers.3.post_attention_layernorm', 'TrainableParams': {'weight': [2048]}, 'Outputs': [[1873, 2048], [1873, 2048]]}
0.0%	1.277 μs	1	1.277 μs	1.277 μs	1.277 μs	1.277 μs	0 ns	PushPop	:{'Module': 'LlamaForCausalLM.model.layers.4.self_attn.qkv_proj', 'TrainableParams': {'weight': [3072, 2048]}, 'Outputs': [[16, 3072]]}
0.0%	1.276 μs	1	1.276 μs	1.276 μs	1.276 μs	1.276 μs	0 ns	PushPop	:{'Module': 'LlamaForCausalLM.model.layers.0.input_layernorm', 'TrainableParams': {'weight': [2048]}, 'Outputs': [[84, 2048]]}
0.0%	1.276 μs	1	1.276 μs	1.276 μs	1.276 μs	1.276 μs	0 ns	PushPop	:{'Module': 'LlamaForCausalLM.model.layers.15.mlp.gate_up_proj', 'TrainableParams': {'weight': [16384, 2048]}, 'Outputs': [[16, 16384]]}
0.0%	1.276 μs	1	1.276 μs	1.276 μs	1.276 μs	1.276 μs	0 ns	PushPop	:{'Module': 'LlamaForCausalLM.model.layers.2.mlp.down_proj', 'TrainableParams': {'weight': [2048, 8192]}, 'Outputs': [[99, 2048]]}
0.0%	1.276 μs	1	1.276 μs	1.276 μs	1.276 μs	1.276 μs	0 ns	PushPop	:{'Module': 'LlamaForCausalLM.model.layers.3.post_attention_layernorm', 'TrainableParams': {'weight': [2048]}, 'Outputs': [[52, 2048], [52, 2048]]}
0.0%	1.275 μs	1	1.275 μs	1.275 μs	1.275 μs	1.275 μs	0 ns	PushPop	:{'Module': 'LlamaForCausalLM.model.layers.0.self_attn.attn', 'Outputs': [[256, 2048]]}
0.0%	1.275 μs	1	1.275 μs	1.275 μs	1.275 μs	1.275 μs	0 ns	PushPop	:{'Module': 'LlamaForCausalLM.model.layers.1.self_attn.qkv_proj', 'TrainableParams': {'weight': [3072, 2048]}, 'Outputs': [[256, 3072]]}
0.0%	1.275 μs	1	1.275 μs	1.275 μs	1.275 μs	1.275 μs	0 ns	PushPop	:{'Module': 'LlamaForCausalLM.model.layers.10.mlp.down_proj', 'TrainableParams': {'weight': [2048, 8192]}, 'Outputs': [[52, 2048]]}
0.0%	1.275 μs	1	1.275 μs	1.275 μs	1.275 μs	1.275 μs	0 ns	PushPop	:{'Module': 'LlamaForCausalLM.model.layers.3.self_attn.qkv_proj', 'TrainableParams': {'weight': [3072, 2048]}, 'Outputs': [[512, 3072]]}
0.0%	1.275 μs	1	1.275 μs	1.275 μs	1.275 μs	1.275 μs	0 ns	PushPop	:{'Module': 'LlamaForCausalLM.model.layers.4.mlp.gate_up_proj', 'TrainableParams': {'weight': [16384, 2048]}, 'Outputs': [[16, 16384]]}
0.0%	1.274 μs	1	1.274 μs	1.274 μs	1.274 μs	1.274 μs	0 ns	PushPop	:{'Module': 'LlamaForCausalLM.model.layers.0.mlp.act_fn', 'Outputs': [[84, 8192]]}
0.0%	1.274 μs	1	1.274 μs	1.274 μs	1.274 μs	1.274 μs	0 ns	PushPop	:{'Module': 'LlamaForCausalLM.model.layers.15.self_attn.o_proj', 'TrainableParams': {'weight': [2048, 2048]}, 'Outputs': [[68, 2048]]}
0.0%	1.274 μs	1	1.274 μs	1.274 μs	1.274 μs	1.274 μs	0 ns	PushPop	:{'Module': 'LlamaForCausalLM.model.layers.2.post_attention_layernorm', 'TrainableParams': {'weight': [2048]}, 'Outputs': [[84, 2048], [84, 2048]]}
0.0%	1.274 μs	1	1.274 μs	1.274 μs	1.274 μs	1.274 μs	0 ns	PushPop	:{'Module': 'LlamaForCausalLM.model.layers.2.self_attn.attn', 'Outputs': [[4, 2048]]}
0.0%	1.274 μs	1	1.274 μs	1.274 μs	1.274 μs	1.274 μs	0 ns	PushPop	:{'Module': 'LlamaForCausalLM.model.layers.4.post_attention_layernorm', 'TrainableParams': {'weight': [2048]}, 'Outputs': [[256, 2048], [256, 2048]]}
0.0%	1.274 μs	1	1.274 μs	1.274 μs	1.274 μs	1.274 μs	0 ns	PushPop	:{'Module': 'LlamaForCausalLM.model.layers.4.self_attn.o_proj', 'TrainableParams': {'weight': [2048, 2048]}, 'Outputs': [[68, 2048]]}
0.0%	1.273 μs	1	1.273 μs	1.273 μs	1.273 μs	1.273 μs	0 ns	PushPop	:{'Module': 'LlamaForCausalLM.model.layers.3.self_attn.o_proj', 'TrainableParams': {'weight': [2048, 2048]}, 'Outputs': [[256, 2048]]}
0.0%	1.273 μs	1	1.273 μs	1.273 μs	1.273 μs	1.273 μs	0 ns	PushPop	:{'Module': 'LlamaForCausalLM.model.layers.5.self_attn.attn', 'Outputs': [[20, 2048]]}
0.0%	1.272 μs	1	1.272 μs	1.272 μs	1.272 μs	1.272 μs	0 ns	PushPop	:{'Module': 'LlamaForCausalLM.model.layers.0.self_attn.attn', 'Outputs': [[36, 2048]]}
0.0%	1.272 μs	1	1.272 μs	1.272 μs	1.272 μs	1.272 μs	0 ns	PushPop	:{'Module': 'LlamaForCausalLM.model.layers.10.mlp.gate_up_proj', 'TrainableParams': {'weight': [16384, 2048]}, 'Outputs': [[512, 16384]]}
0.0%	1.272 μs	1	1.272 μs	1.272 μs	1.272 μs	1.272 μs	0 ns	PushPop	:{'Module': 'LlamaForCausalLM.model.layers.11.mlp.down_proj', 'TrainableParams': {'weight': [2048, 8192]}, 'Outputs': [[512, 2048]]}
0.0%	1.272 μs	1	1.272 μs	1.272 μs	1.272 μs	1.272 μs	0 ns	PushPop	:{'Module': 'LlamaForCausalLM.model.layers.12.self_attn', 'Outputs': [[99, 2048]]}
0.0%	1.272 μs	1	1.272 μs	1.272 μs	1.272 μs	1.272 μs	0 ns	PushPop	:{'Module': 'LlamaForCausalLM.model.layers.12.self_attn.attn', 'Outputs': [[16, 2048]]}
0.0%	1.272 μs	1	1.272 μs	1.272 μs	1.272 μs	1.272 μs	0 ns	PushPop	:{'Module': 'LlamaForCausalLM.model.layers.14.mlp.act_fn', 'Outputs': [[512, 8192]]}
0.0%	1.272 μs	1	1.272 μs	1.272 μs	1.272 μs	1.272 μs	0 ns	PushPop	:{'Module': 'LlamaForCausalLM.model.layers.2.self_attn.o_proj', 'TrainableParams': {'weight': [2048, 2048]}, 'Outputs': [[256, 2048]]}
0.0%	1.272 μs	1	1.272 μs	1.272 μs	1.272 μs	1.272 μs	0 ns	PushPop	:{'Module': 'LlamaForCausalLM.model.layers.8.post_attention_layernorm', 'TrainableParams': {'weight': [2048]}, 'Outputs': [[16, 2048], [16, 2048]]}
0.0%	1.272 μs	1	1.272 μs	1.272 μs	1.272 μs	1.272 μs	0 ns	PushPop	:{'Module': 'LlamaForCausalLM.model.layers.9.mlp.gate_up_proj', 'TrainableParams': {'weight': [16384, 2048]}, 'Outputs': [[512, 16384]]}
0.0%	1.271 μs	1	1.271 μs	1.271 μs	1.271 μs	1.271 μs	0 ns	PushPop	:{'Module': 'LlamaForCausalLM.model.layers.10.mlp', 'Outputs': [[1873, 2048]]}
0.0%	1.271 μs	1	1.271 μs	1.271 μs	1.271 μs	1.271 μs	0 ns	PushPop	:{'Module': 'LlamaForCausalLM.model.layers.11.post_attention_layernorm', 'TrainableParams': {'weight': [2048]}, 'Outputs': [[1873, 2048], [1873, 2048]]}
0.0%	1.271 μs	1	1.271 μs	1.271 μs	1.271 μs	1.271 μs	0 ns	PushPop	:{'Module': 'LlamaForCausalLM.model.layers.2.post_attention_layernorm', 'TrainableParams': {'weight': [2048]}, 'Outputs': [[512, 2048], [512, 2048]]}
0.0%	1.271 μs	1	1.271 μs	1.271 μs	1.271 μs	1.271 μs	0 ns	PushPop	:{'Module': 'LlamaForCausalLM.model.layers.2.self_attn.attn', 'Outputs': [[68, 2048]]}
0.0%	1.271 μs	1	1.271 μs	1.271 μs	1.271 μs	1.271 μs	0 ns	PushPop	:{'Module': 'LlamaForCausalLM.model.layers.2.self_attn.o_proj', 'TrainableParams': {'weight': [2048, 2048]}, 'Outputs': [[52, 2048]]}
0.0%	1.271 μs	1	1.271 μs	1.271 μs	1.271 μs	1.271 μs	0 ns	PushPop	:{'Module': 'LlamaForCausalLM.model.layers.3.post_attention_layernorm', 'TrainableParams': {'weight': [2048]}, 'Outputs': [[68, 2048], [68, 2048]]}
0.0%	1.270 μs	1	1.270 μs	1.270 μs	1.270 μs	1.270 μs	0 ns	PushPop	:{'Module': 'LlamaForCausalLM.model.layers.13.mlp.gate_up_proj', 'TrainableParams': {'weight': [16384, 2048]}, 'Outputs': [[16, 16384]]}
0.0%	1.270 μs	1	1.270 μs	1.270 μs	1.270 μs	1.270 μs	0 ns	PushPop	:{'Module': 'LlamaForCausalLM.model.layers.14.self_attn.o_proj', 'TrainableParams': {'weight': [2048, 2048]}, 'Outputs': [[52, 2048]]}
0.0%	1.270 μs	1	1.270 μs	1.270 μs	1.270 μs	1.270 μs	0 ns	PushPop	:{'Module': 'LlamaForCausalLM.model.layers.5.post_attention_layernorm', 'TrainableParams': {'weight': [2048]}, 'Outputs': [[68, 2048], [68, 2048]]}
0.0%	1.270 μs	1	1.270 μs	1.270 μs	1.270 μs	1.270 μs	0 ns	PushPop	:{'Module': 'LlamaForCausalLM.model.layers.8.self_attn.o_proj', 'TrainableParams': {'weight': [2048, 2048]}, 'Outputs': [[256, 2048]]}
0.0%	1.270 μs	1	1.270 μs	1.270 μs	1.270 μs	1.270 μs	0 ns	PushPop	:{'Module': 'LlamaForCausalLM.model.layers.9.self_attn.qkv_proj', 'TrainableParams': {'weight': [3072, 2048]}, 'Outputs': [[99, 3072]]}
0.0%	1.269 μs	1	1.269 μs	1.269 μs	1.269 μs	1.269 μs	0 ns	PushPop	:{'Module': 'LlamaForCausalLM.model.layers.10.post_attention_layernorm', 'TrainableParams': {'weight': [2048]}, 'Outputs': [[1873, 2048], [1873, 2048]]}
0.0%	1.269 μs	1	1.269 μs	1.269 μs	1.269 μs	1.269 μs	0 ns	PushPop	:{'Module': 'LlamaForCausalLM.model.layers.13.mlp.gate_up_proj', 'TrainableParams': {'weight': [16384, 2048]}, 'Outputs': [[36, 16384]]}
0.0%	1.269 μs	1	1.269 μs	1.269 μs	1.269 μs	1.269 μs	0 ns	PushPop	:{'Module': 'LlamaForCausalLM.model.layers.13.post_attention_layernorm', 'TrainableParams': {'weight': [2048]}, 'Outputs': [[4, 2048], [4, 2048]]}
0.0%	1.269 μs	1	1.269 μs	1.269 μs	1.269 μs	1.269 μs	0 ns	PushPop	:{'Module': 'LlamaForCausalLM.model.layers.6.self_attn.qkv_proj', 'TrainableParams': {'weight': [3072, 2048]}, 'Outputs': [[99, 3072]]}
0.0%	1.268 μs	1	1.268 μs	1.268 μs	1.268 μs	1.268 μs	0 ns	PushPop	:{'Module': 'LlamaForCausalLM.model.layers.0.self_attn', 'Outputs': [[68, 2048]]}
0.0%	1.268 μs	1	1.268 μs	1.268 μs	1.268 μs	1.268 μs	0 ns	PushPop	:{'Module': 'LlamaForCausalLM.model.layers.1.self_attn.attn', 'Outputs': [[68, 2048]]}
0.0%	1.268 μs	1	1.268 μs	1.268 μs	1.268 μs	1.268 μs	0 ns	PushPop	:{'Module': 'LlamaForCausalLM.model.layers.12.self_attn.o_proj', 'TrainableParams': {'weight': [2048, 2048]}, 'Outputs': [[512, 2048]]}
0.0%	1.268 μs	1	1.268 μs	1.268 μs	1.268 μs	1.268 μs	0 ns	PushPop	:{'Module': 'LlamaForCausalLM.model.layers.4.self_attn.o_proj', 'TrainableParams': {'weight': [2048, 2048]}, 'Outputs': [[1873, 2048]]}
0.0%	1.268 μs	1	1.268 μs	1.268 μs	1.268 μs	1.268 μs	0 ns	PushPop	:{'Module': 'LlamaForCausalLM.model.layers.5.input_layernorm', 'TrainableParams': {'weight': [2048]}, 'Outputs': [[1873, 2048], [1873, 2048]]}
0.0%	1.268 μs	1	1.268 μs	1.268 μs	1.268 μs	1.268 μs	0 ns	PushPop	:{'Module': 'LlamaForCausalLM.model.layers.7.self_attn.attn', 'Outputs': [[20, 2048]]}
0.0%	1.268 μs	1	1.268 μs	1.268 μs	1.268 μs	1.268 μs	0 ns	PushPop	:{'Module': 'LlamaForCausalLM.model.layers.9.post_attention_layernorm', 'TrainableParams': {'weight': [2048]}, 'Outputs': [[16, 2048], [16, 2048]]}
0.0%	1.267 μs	1	1.267 μs	1.267 μs	1.267 μs	1.267 μs	0 ns	PushPop	:{'Module': 'LlamaForCausalLM.model.layers.1.mlp.gate_up_proj', 'TrainableParams': {'weight': [16384, 2048]}, 'Outputs': [[16, 16384]]}
0.0%	1.267 μs	1	1.267 μs	1.267 μs	1.267 μs	1.267 μs	0 ns	PushPop	:{'Module': 'LlamaForCausalLM.model.layers.14.mlp.gate_up_proj', 'TrainableParams': {'weight': [16384, 2048]}, 'Outputs': [[99, 16384]]}
0.0%	1.267 μs	1	1.267 μs	1.267 μs	1.267 μs	1.267 μs	0 ns	PushPop	:{'Module': 'LlamaForCausalLM.model.layers.7.mlp.down_proj', 'TrainableParams': {'weight': [2048, 8192]}, 'Outputs': [[16, 2048]]}
0.0%	1.267 μs	1	1.267 μs	1.267 μs	1.267 μs	1.267 μs	0 ns	PushPop	:{'Module': 'LlamaForCausalLM.model.layers.7.mlp.gate_up_proj', 'TrainableParams': {'weight': [16384, 2048]}, 'Outputs': [[512, 16384]]}
0.0%	1.267 μs	1	1.267 μs	1.267 μs	1.267 μs	1.267 μs	0 ns	PushPop	:{'Module': 'LlamaForCausalLM.model.layers.8.mlp.down_proj', 'TrainableParams': {'weight': [2048, 8192]}, 'Outputs': [[1873, 2048]]}
0.0%	1.267 μs	1	1.267 μs	1.267 μs	1.267 μs	1.267 μs	0 ns	PushPop	:{'Module': 'LlamaForCausalLM.model.layers.8.mlp.down_proj', 'TrainableParams': {'weight': [2048, 8192]}, 'Outputs': [[256, 2048]]}
0.0%	1.267 μs	1	1.267 μs	1.267 μs	1.267 μs	1.267 μs	0 ns	PushPop	:{'Module': 'LlamaForCausalLM.model.norm', 'TrainableParams': {'weight': [2048]}, 'Outputs': [[16, 2048], [16, 2048]]}
0.0%	1.266 μs	1	1.266 μs	1.266 μs	1.266 μs	1.266 μs	0 ns	PushPop	:{'Module': 'LlamaForCausalLM.model.layers.1.self_attn.qkv_proj', 'TrainableParams': {'weight': [3072, 2048]}, 'Outputs': [[16, 3072]]}
0.0%	1.266 μs	1	1.266 μs	1.266 μs	1.266 μs	1.266 μs	0 ns	PushPop	:{'Module': 'LlamaForCausalLM.model.layers.12.self_attn.attn', 'Outputs': [[68, 2048]]}
0.0%	1.266 μs	1	1.266 μs	1.266 μs	1.266 μs	1.266 μs	0 ns	PushPop	:{'Module': 'LlamaForCausalLM.model.layers.3.post_attention_layernorm', 'TrainableParams': {'weight': [2048]}, 'Outputs': [[256, 2048], [256, 2048]]}
0.0%	1.266 μs	1	1.266 μs	1.266 μs	1.266 μs	1.266 μs	0 ns	PushPop	:{'Module': 'LlamaForCausalLM.model.layers.5.self_attn', 'Outputs': [[16, 2048]]}
0.0%	1.265 μs	1	1.265 μs	1.265 μs	1.265 μs	1.265 μs	0 ns	PushPop	:{'Module': 'LlamaForCausalLM.model.layers.11.post_attention_layernorm', 'TrainableParams': {'weight': [2048]}, 'Outputs': [[256, 2048], [256, 2048]]}
0.0%	1.265 μs	1	1.265 μs	1.265 μs	1.265 μs	1.265 μs	0 ns	PushPop	:{'Module': 'LlamaForCausalLM.model.layers.11.self_attn.o_proj', 'TrainableParams': {'weight': [2048, 2048]}, 'Outputs': [[68, 2048]]}
0.0%	1.265 μs	1	1.265 μs	1.265 μs	1.265 μs	1.265 μs	0 ns	PushPop	:{'Module': 'LlamaForCausalLM.model.layers.15.mlp.down_proj', 'TrainableParams': {'weight': [2048, 8192]}, 'Outputs': [[68, 2048]]}
0.0%	1.265 μs	1	1.265 μs	1.265 μs	1.265 μs	1.265 μs	0 ns	PushPop	:{'Module': 'LlamaForCausalLM.model.layers.5.input_layernorm', 'TrainableParams': {'weight': [2048]}, 'Outputs': [[52, 2048], [52, 2048]]}
0.0%	1.265 μs	1	1.265 μs	1.265 μs	1.265 μs	1.265 μs	0 ns	PushPop	:{'Module': 'LlamaForCausalLM.model.layers.7.input_layernorm', 'TrainableParams': {'weight': [2048]}, 'Outputs': [[16, 2048], [16, 2048]]}
0.0%	1.265 μs	1	1.265 μs	1.265 μs	1.265 μs	1.265 μs	0 ns	PushPop	:{'Module': 'LlamaForCausalLM.model.layers.7.mlp.gate_up_proj', 'TrainableParams': {'weight': [16384, 2048]}, 'Outputs': [[256, 16384]]}
0.0%	1.264 μs	1	1.264 μs	1.264 μs	1.264 μs	1.264 μs	0 ns	PushPop	:{'Module': 'LlamaForCausalLM.model.layers.10.mlp.down_proj', 'TrainableParams': {'weight': [2048, 8192]}, 'Outputs': [[16, 2048]]}
0.0%	1.264 μs	1	1.264 μs	1.264 μs	1.264 μs	1.264 μs	0 ns	PushPop	:{'Module': 'LlamaForCausalLM.model.layers.10.mlp.down_proj', 'TrainableParams': {'weight': [2048, 8192]}, 'Outputs': [[99, 2048]]}
0.0%	1.264 μs	1	1.264 μs	1.264 μs	1.264 μs	1.264 μs	0 ns	PushPop	:{'Module': 'LlamaForCausalLM.model.layers.4.mlp.down_proj', 'TrainableParams': {'weight': [2048, 8192]}, 'Outputs': [[256, 2048]]}
0.0%	1.264 μs	1	1.264 μs	1.264 μs	1.264 μs	1.264 μs	0 ns	PushPop	:{'Module': 'LlamaForCausalLM.model.layers.4.self_attn.qkv_proj', 'TrainableParams': {'weight': [3072, 2048]}, 'Outputs': [[256, 3072]]}
0.0%	1.264 μs	1	1.264 μs	1.264 μs	1.264 μs	1.264 μs	0 ns	PushPop	:{'Module': 'LlamaForCausalLM.model.layers.5.self_attn.qkv_proj', 'TrainableParams': {'weight': [3072, 2048]}, 'Outputs': [[16, 3072]]}
0.0%	1.264 μs	1	1.264 μs	1.264 μs	1.264 μs	1.264 μs	0 ns	PushPop	:{'Module': 'LlamaForCausalLM.model.layers.6.self_attn.o_proj', 'TrainableParams': {'weight': [2048, 2048]}, 'Outputs': [[16, 2048]]}
0.0%	1.263 μs	1	1.263 μs	1.263 μs	1.263 μs	1.263 μs	0 ns	PushPop	:{'Module': 'LlamaForCausalLM.model.layers.11.mlp.gate_up_proj', 'TrainableParams': {'weight': [16384, 2048]}, 'Outputs': [[512, 16384]]}
0.0%	1.263 μs	1	1.263 μs	1.263 μs	1.263 μs	1.263 μs	0 ns	PushPop	:{'Module': 'LlamaForCausalLM.model.layers.12.mlp.down_proj', 'TrainableParams': {'weight': [2048, 8192]}, 'Outputs': [[256, 2048]]}
0.0%	1.263 μs	1	1.263 μs	1.263 μs	1.263 μs	1.263 μs	0 ns	PushPop	:{'Module': 'LlamaForCausalLM.model.layers.8.self_attn.attn', 'Outputs': [[36, 2048]]}
0.0%	1.263 μs	1	1.263 μs	1.263 μs	1.263 μs	1.263 μs	0 ns	PushPop	:{'Module': 'LlamaForCausalLM.model.layers.9.self_attn.qkv_proj', 'TrainableParams': {'weight': [3072, 2048]}, 'Outputs': [[16, 3072]]}
0.0%	1.262 μs	1	1.262 μs	1.262 μs	1.262 μs	1.262 μs	0 ns	PushPop	:{'Module': 'LlamaForCausalLM.model.layers.1.mlp.down_proj', 'TrainableParams': {'weight': [2048, 8192]}, 'Outputs': [[256, 2048]]}
0.0%	1.262 μs	1	1.262 μs	1.262 μs	1.262 μs	1.262 μs	0 ns	PushPop	:{'Module': 'LlamaForCausalLM.model.layers.12.input_layernorm', 'TrainableParams': {'weight': [2048]}, 'Outputs': [[99, 2048], [99, 2048]]}
0.0%	1.262 μs	1	1.262 μs	1.262 μs	1.262 μs	1.262 μs	0 ns	PushPop	:{'Module': 'LlamaForCausalLM.model.layers.14.input_layernorm', 'TrainableParams': {'weight': [2048]}, 'Outputs': [[84, 2048], [84, 2048]]}
0.0%	1.262 μs	1	1.262 μs	1.262 μs	1.262 μs	1.262 μs	0 ns	PushPop	:{'Module': 'LlamaForCausalLM.model.layers.4', 'Outputs': [[99, 2048], [99, 2048]]}
0.0%	1.262 μs	1	1.262 μs	1.262 μs	1.262 μs	1.262 μs	0 ns	PushPop	:{'Module': 'LlamaForCausalLM.model.layers.4.input_layernorm', 'TrainableParams': {'weight': [2048]}, 'Outputs': [[16, 2048], [16, 2048]]}
0.0%	1.262 μs	1	1.262 μs	1.262 μs	1.262 μs	1.262 μs	0 ns	PushPop	:{'Module': 'LlamaForCausalLM.model.layers.7.mlp.gate_up_proj', 'TrainableParams': {'weight': [16384, 2048]}, 'Outputs': [[36, 16384]]}
0.0%	1.262 μs	1	1.262 μs	1.262 μs	1.262 μs	1.262 μs	0 ns	PushPop	:{'Module': 'LlamaForCausalLM.model.layers.8.self_attn.o_proj', 'TrainableParams': {'weight': [2048, 2048]}, 'Outputs': [[4, 2048]]}
0.0%	1.261 μs	1	1.261 μs	1.261 μs	1.261 μs	1.261 μs	0 ns	PushPop	:{'Module': 'LlamaForCausalLM.model.layers.1.self_attn.attn', 'Outputs': [[4, 2048]]}
0.0%	1.261 μs	1	1.261 μs	1.261 μs	1.261 μs	1.261 μs	0 ns	PushPop	:{'Module': 'LlamaForCausalLM.model.layers.11.mlp.down_proj', 'TrainableParams': {'weight': [2048, 8192]}, 'Outputs': [[84, 2048]]}
0.0%	1.261 μs	1	1.261 μs	1.261 μs	1.261 μs	1.261 μs	0 ns	PushPop	:{'Module': 'LlamaForCausalLM.model.layers.4.self_attn.o_proj', 'TrainableParams': {'weight': [2048, 2048]}, 'Outputs': [[20, 2048]]}
0.0%	1.261 μs	1	1.261 μs	1.261 μs	1.261 μs	1.261 μs	0 ns	PushPop	:{'Module': 'LlamaForCausalLM.model.layers.8.mlp.gate_up_proj', 'TrainableParams': {'weight': [16384, 2048]}, 'Outputs': [[52, 16384]]}
0.0%	1.260 μs	1	1.260 μs	1.260 μs	1.260 μs	1.260 μs	0 ns	PushPop	:{'Module': 'LlamaForCausalLM.model.layers.14.mlp.down_proj', 'TrainableParams': {'weight': [2048, 8192]}, 'Outputs': [[99, 2048]]}
0.0%	1.260 μs	1	1.260 μs	1.260 μs	1.260 μs	1.260 μs	0 ns	PushPop	:{'Module': 'LlamaForCausalLM.model.layers.7.input_layernorm', 'TrainableParams': {'weight': [2048]}, 'Outputs': [[1873, 2048], [1873, 2048]]}
0.0%	1.259 μs	1	1.259 μs	1.259 μs	1.259 μs	1.259 μs	0 ns	PushPop	:{'Module': 'LlamaForCausalLM.model.layers.0.input_layernorm', 'TrainableParams': {'weight': [2048]}, 'Outputs': [[99, 2048]]}
0.0%	1.259 μs	1	1.259 μs	1.259 μs	1.259 μs	1.259 μs	0 ns	PushPop	:{'Module': 'LlamaForCausalLM.model.layers.12.mlp.down_proj', 'TrainableParams': {'weight': [2048, 8192]}, 'Outputs': [[512, 2048]]}
0.0%	1.259 μs	1	1.259 μs	1.259 μs	1.259 μs	1.259 μs	0 ns	PushPop	:{'Module': 'LlamaForCausalLM.model.layers.9.self_attn.o_proj', 'TrainableParams': {'weight': [2048, 2048]}, 'Outputs': [[16, 2048]]}
0.0%	1.258 μs	1	1.258 μs	1.258 μs	1.258 μs	1.258 μs	0 ns	PushPop	:{'Module': 'LlamaForCausalLM.model.layers.11.self_attn.o_proj', 'TrainableParams': {'weight': [2048, 2048]}, 'Outputs': [[36, 2048]]}
0.0%	1.257 μs	1	1.257 μs	1.257 μs	1.257 μs	1.257 μs	0 ns	PushPop	:{'Module': 'LlamaForCausalLM.model.layers.2.self_attn.attn', 'Outputs': [[256, 2048]]}
0.0%	1.257 μs	1	1.257 μs	1.257 μs	1.257 μs	1.257 μs	0 ns	PushPop	:{'Module': 'LlamaForCausalLM.model.layers.5.input_layernorm', 'TrainableParams': {'weight': [2048]}, 'Outputs': [[99, 2048], [99, 2048]]}
0.0%	1.257 μs	1	1.257 μs	1.257 μs	1.257 μs	1.257 μs	0 ns	PushPop	:{'Module': 'LlamaForCausalLM.model.layers.8.mlp.down_proj', 'TrainableParams': {'weight': [2048, 8192]}, 'Outputs': [[512, 2048]]}
0.0%	1.257 μs	1	1.257 μs	1.257 μs	1.257 μs	1.257 μs	0 ns	PushPop	:{'Module': 'LlamaForCausalLM.model.norm', 'TrainableParams': {'weight': [2048]}, 'Outputs': [[512, 2048], [512, 2048]]}
0.0%	1.256 μs	1	1.256 μs	1.256 μs	1.256 μs	1.256 μs	0 ns	PushPop	:{'Module': 'LlamaForCausalLM.model.layers.11.mlp.down_proj', 'TrainableParams': {'weight': [2048, 8192]}, 'Outputs': [[68, 2048]]}
0.0%	1.256 μs	1	1.256 μs	1.256 μs	1.256 μs	1.256 μs	0 ns	PushPop	:{'Module': 'LlamaForCausalLM.model.layers.12.post_attention_layernorm', 'TrainableParams': {'weight': [2048]}, 'Outputs': [[1873, 2048], [1873, 2048]]}
0.0%	1.256 μs	1	1.256 μs	1.256 μs	1.256 μs	1.256 μs	0 ns	PushPop	:{'Module': 'LlamaForCausalLM.model.layers.14.post_attention_layernorm', 'TrainableParams': {'weight': [2048]}, 'Outputs': [[99, 2048], [99, 2048]]}
0.0%	1.256 μs	1	1.256 μs	1.256 μs	1.256 μs	1.256 μs	0 ns	PushPop	:{'Module': 'LlamaForCausalLM.model.layers.3.mlp.down_proj', 'TrainableParams': {'weight': [2048, 8192]}, 'Outputs': [[99, 2048]]}
0.0%	1.256 μs	1	1.256 μs	1.256 μs	1.256 μs	1.256 μs	0 ns	PushPop	:{'Module': 'LlamaForCausalLM.model.layers.4.mlp.gate_up_proj', 'TrainableParams': {'weight': [16384, 2048]}, 'Outputs': [[99, 16384]]}
0.0%	1.256 μs	1	1.256 μs	1.256 μs	1.256 μs	1.256 μs	0 ns	PushPop	:{'Module': 'LlamaForCausalLM.model.layers.7.input_layernorm', 'TrainableParams': {'weight': [2048]}, 'Outputs': [[84, 2048], [84, 2048]]}
0.0%	1.256 μs	1	1.256 μs	1.256 μs	1.256 μs	1.256 μs	0 ns	PushPop	:{'Module': 'LlamaForCausalLM.model.layers.9.self_attn.o_proj', 'TrainableParams': {'weight': [2048, 2048]}, 'Outputs': [[52, 2048]]}
0.0%	1.255 μs	1	1.255 μs	1.255 μs	1.255 μs	1.255 μs	0 ns	PushPop	:{'Module': 'LlamaForCausalLM.model.layers.14.self_attn.qkv_proj', 'TrainableParams': {'weight': [3072, 2048]}, 'Outputs': [[84, 3072]]}
0.0%	1.255 μs	1	1.255 μs	1.255 μs	1.255 μs	1.255 μs	0 ns	PushPop	:{'Module': 'LlamaForCausalLM.model.layers.4.mlp.down_proj', 'TrainableParams': {'weight': [2048, 8192]}, 'Outputs': [[99, 2048]]}
0.0%	1.255 μs	1	1.255 μs	1.255 μs	1.255 μs	1.255 μs	0 ns	PushPop	:{'Module': 'LlamaForCausalLM.model.layers.8.self_attn.attn', 'Outputs': [[52, 2048]]}
0.0%	1.254 μs	1	1.254 μs	1.254 μs	1.254 μs	1.254 μs	0 ns	PushPop	:{'Module': 'LlamaForCausalLM.model.layers.15.self_attn.attn', 'Outputs': [[52, 2048]]}
0.0%	1.254 μs	1	1.254 μs	1.254 μs	1.254 μs	1.254 μs	0 ns	PushPop	:{'Module': 'LlamaForCausalLM.model.layers.2.self_attn.o_proj', 'TrainableParams': {'weight': [2048, 2048]}, 'Outputs': [[20, 2048]]}
0.0%	1.253 μs	1	1.253 μs	1.253 μs	1.253 μs	1.253 μs	0 ns	PushPop	:{'Module': 'LlamaForCausalLM.model.layers.3.mlp.gate_up_proj', 'TrainableParams': {'weight': [16384, 2048]}, 'Outputs': [[512, 16384]]}
0.0%	1.253 μs	1	1.253 μs	1.253 μs	1.253 μs	1.253 μs	0 ns	PushPop	:{'Module': 'LlamaForCausalLM.model.layers.5.mlp.gate_up_proj', 'TrainableParams': {'weight': [16384, 2048]}, 'Outputs': [[99, 16384]]}
0.0%	1.252 μs	1	1.252 μs	1.252 μs	1.252 μs	1.252 μs	0 ns	PushPop	:{'Module': 'LlamaForCausalLM.model.layers.7.input_layernorm', 'TrainableParams': {'weight': [2048]}, 'Outputs': [[99, 2048], [99, 2048]]}
0.0%	1.250 μs	1	1.250 μs	1.250 μs	1.250 μs	1.250 μs	0 ns	PushPop	:{'Module': 'LlamaForCausalLM.model.layers.12.self_attn.o_proj', 'TrainableParams': {'weight': [2048, 2048]}, 'Outputs': [[68, 2048]]}
0.0%	1.250 μs	1	1.250 μs	1.250 μs	1.250 μs	1.250 μs	0 ns	PushPop	:{'Module': 'LlamaForCausalLM.model.layers.13.self_attn.o_proj', 'TrainableParams': {'weight': [2048, 2048]}, 'Outputs': [[99, 2048]]}
0.0%	1.249 μs	1	1.249 μs	1.249 μs	1.249 μs	1.249 μs	0 ns	PushPop	:{'Module': 'LlamaForCausalLM.model.layers.15.input_layernorm', 'TrainableParams': {'weight': [2048]}, 'Outputs': [[1873, 2048], [1873, 2048]]}
0.0%	1.249 μs	1	1.249 μs	1.249 μs	1.249 μs	1.249 μs	0 ns	PushPop	:{'Module': 'LlamaForCausalLM.model.layers.9.post_attention_layernorm', 'TrainableParams': {'weight': [2048]}, 'Outputs': [[99, 2048], [99, 2048]]}
0.0%	1.247 μs	1	1.247 μs	1.247 μs	1.247 μs	1.247 μs	0 ns	PushPop	:{'Module': 'LlamaForCausalLM.model.layers.10.mlp.down_proj', 'TrainableParams': {'weight': [2048, 8192]}, 'Outputs': [[1873, 2048]]}
0.0%	1.247 μs	1	1.247 μs	1.247 μs	1.247 μs	1.247 μs	0 ns	PushPop	:{'Module': 'LlamaForCausalLM.model.layers.13.self_attn.attn', 'Outputs': [[256, 2048]]}
0.0%	1.247 μs	1	1.247 μs	1.247 μs	1.247 μs	1.247 μs	0 ns	PushPop	:{'Module': 'LlamaForCausalLM.model.layers.13.self_attn.o_proj', 'TrainableParams': {'weight': [2048, 2048]}, 'Outputs': [[36, 2048]]}
0.0%	1.247 μs	1	1.247 μs	1.247 μs	1.247 μs	1.247 μs	0 ns	PushPop	:{'Module': 'LlamaForCausalLM.model.layers.13.self_attn.o_proj', 'TrainableParams': {'weight': [2048, 2048]}, 'Outputs': [[4, 2048]]}
0.0%	1.247 μs	1	1.247 μs	1.247 μs	1.247 μs	1.247 μs	0 ns	PushPop	:{'Module': 'LlamaForCausalLM.model.layers.15.self_attn.attn', 'Outputs': [[256, 2048]]}
0.0%	1.247 μs	1	1.247 μs	1.247 μs	1.247 μs	1.247 μs	0 ns	PushPop	:{'Module': 'LlamaForCausalLM.model.layers.5.self_attn.o_proj', 'TrainableParams': {'weight': [2048, 2048]}, 'Outputs': [[1873, 2048]]}
0.0%	1.246 μs	1	1.246 μs	1.246 μs	1.246 μs	1.246 μs	0 ns	PushPop	:{'Module': 'LlamaForCausalLM.logits_processor', 'Outputs': [[81, 128256]]}
0.0%	1.246 μs	1	1.246 μs	1.246 μs	1.246 μs	1.246 μs	0 ns	PushPop	:{'Module': 'LlamaForCausalLM.model.layers.15.mlp.down_proj', 'TrainableParams': {'weight': [2048, 8192]}, 'Outputs': [[1873, 2048]]}
0.0%	1.246 μs	1	1.246 μs	1.246 μs	1.246 μs	1.246 μs	0 ns	PushPop	:{'Module': 'LlamaForCausalLM.model.layers.2.input_layernorm', 'TrainableParams': {'weight': [2048]}, 'Outputs': [[1873, 2048], [1873, 2048]]}
0.0%	1.246 μs	1	1.246 μs	1.246 μs	1.246 μs	1.246 μs	0 ns	PushPop	:{'Module': 'LlamaForCausalLM.model.layers.7.post_attention_layernorm', 'TrainableParams': {'weight': [2048]}, 'Outputs': [[52, 2048], [52, 2048]]}
0.0%	1.246 μs	1	1.246 μs	1.246 μs	1.246 μs	1.246 μs	0 ns	PushPop	:{'Module': 'LlamaForCausalLM.model.layers.7.self_attn.qkv_proj', 'TrainableParams': {'weight': [3072, 2048]}, 'Outputs': [[512, 3072]]}
0.0%	1.245 μs	1	1.245 μs	1.245 μs	1.245 μs	1.245 μs	0 ns	PushPop	:{'Module': 'LlamaForCausalLM.model.layers.9.self_attn.qkv_proj', 'TrainableParams': {'weight': [3072, 2048]}, 'Outputs': [[52, 3072]]}
0.0%	1.244 μs	1	1.244 μs	1.244 μs	1.244 μs	1.244 μs	0 ns	PushPop	:{'Module': 'LlamaForCausalLM.model.layers.1.mlp.gate_up_proj', 'TrainableParams': {'weight': [16384, 2048]}, 'Outputs': [[68, 16384]]}
0.0%	1.244 μs	1	1.244 μs	1.244 μs	1.244 μs	1.244 μs	0 ns	PushPop	:{'Module': 'LlamaForCausalLM.model.layers.1.self_attn', 'Outputs': [[512, 2048]]}
0.0%	1.244 μs	1	1.244 μs	1.244 μs	1.244 μs	1.244 μs	0 ns	PushPop	:{'Module': 'LlamaForCausalLM.model.layers.11.self_attn.o_proj', 'TrainableParams': {'weight': [2048, 2048]}, 'Outputs': [[1873, 2048]]}
0.0%	1.244 μs	1	1.244 μs	1.244 μs	1.244 μs	1.244 μs	0 ns	PushPop	:{'Module': 'LlamaForCausalLM.model.layers.12.mlp.down_proj', 'TrainableParams': {'weight': [2048, 8192]}, 'Outputs': [[36, 2048]]}
0.0%	1.244 μs	1	1.244 μs	1.244 μs	1.244 μs	1.244 μs	0 ns	PushPop	:{'Module': 'LlamaForCausalLM.model.layers.12.self_attn.qkv_proj', 'TrainableParams': {'weight': [3072, 2048]}, 'Outputs': [[68, 3072]]}
0.0%	1.244 μs	1	1.244 μs	1.244 μs	1.244 μs	1.244 μs	0 ns	PushPop	:{'Module': 'LlamaForCausalLM.model.layers.13.self_attn.attn', 'Outputs': [[84, 2048]]}
0.0%	1.244 μs	1	1.244 μs	1.244 μs	1.244 μs	1.244 μs	0 ns	PushPop	:{'Module': 'LlamaForCausalLM.model.layers.6.input_layernorm', 'TrainableParams': {'weight': [2048]}, 'Outputs': [[1873, 2048], [1873, 2048]]}
0.0%	1.243 μs	1	1.243 μs	1.243 μs	1.243 μs	1.243 μs	0 ns	PushPop	:{'Module': 'LlamaForCausalLM.model.layers.11.self_attn.o_proj', 'TrainableParams': {'weight': [2048, 2048]}, 'Outputs': [[99, 2048]]}
0.0%	1.243 μs	1	1.243 μs	1.243 μs	1.243 μs	1.243 μs	0 ns	PushPop	:{'Module': 'LlamaForCausalLM.model.layers.12.self_attn.attn', 'Outputs': [[1873, 2048]]}
0.0%	1.243 μs	1	1.243 μs	1.243 μs	1.243 μs	1.243 μs	0 ns	PushPop	:{'Module': 'LlamaForCausalLM.model.layers.12.self_attn.attn', 'Outputs': [[84, 2048]]}
0.0%	1.243 μs	1	1.243 μs	1.243 μs	1.243 μs	1.243 μs	0 ns	PushPop	:{'Module': 'LlamaForCausalLM.model.layers.14.self_attn.qkv_proj', 'TrainableParams': {'weight': [3072, 2048]}, 'Outputs': [[512, 3072]]}
0.0%	1.243 μs	1	1.243 μs	1.243 μs	1.243 μs	1.243 μs	0 ns	PushPop	:{'Module': 'LlamaForCausalLM.model.layers.4.self_attn.qkv_proj', 'TrainableParams': {'weight': [3072, 2048]}, 'Outputs': [[99, 3072]]}
0.0%	1.243 μs	1	1.243 μs	1.243 μs	1.243 μs	1.243 μs	0 ns	PushPop	:{'Module': 'LlamaForCausalLM.model.layers.5.mlp.gate_up_proj', 'TrainableParams': {'weight': [16384, 2048]}, 'Outputs': [[16, 16384]]}
0.0%	1.243 μs	1	1.243 μs	1.243 μs	1.243 μs	1.243 μs	0 ns	PushPop	:{'Module': 'LlamaForCausalLM.model.layers.6.mlp.act_fn', 'Outputs': [[36, 8192]]}
0.0%	1.243 μs	1	1.243 μs	1.243 μs	1.243 μs	1.243 μs	0 ns	PushPop	:{'Module': 'LlamaForCausalLM.model.layers.6.mlp.down_proj', 'TrainableParams': {'weight': [2048, 8192]}, 'Outputs': [[1873, 2048]]}
0.0%	1.242 μs	1	1.242 μs	1.242 μs	1.242 μs	1.242 μs	0 ns	PushPop	:{'Module': 'LlamaForCausalLM.model.layers.10.self_attn.o_proj', 'TrainableParams': {'weight': [2048, 2048]}, 'Outputs': [[99, 2048]]}
0.0%	1.242 μs	1	1.242 μs	1.242 μs	1.242 μs	1.242 μs	0 ns	PushPop	:{'Module': 'LlamaForCausalLM.model.layers.11.self_attn', 'Outputs': [[99, 2048]]}
0.0%	1.242 μs	1	1.242 μs	1.242 μs	1.242 μs	1.242 μs	0 ns	PushPop	:{'Module': 'LlamaForCausalLM.model.layers.12.mlp.gate_up_proj', 'TrainableParams': {'weight': [16384, 2048]}, 'Outputs': [[512, 16384]]}
0.0%	1.242 μs	1	1.242 μs	1.242 μs	1.242 μs	1.242 μs	0 ns	PushPop	:{'Module': 'LlamaForCausalLM.model.layers.14.self_attn.o_proj', 'TrainableParams': {'weight': [2048, 2048]}, 'Outputs': [[84, 2048]]}
0.0%	1.242 μs	1	1.242 μs	1.242 μs	1.242 μs	1.242 μs	0 ns	PushPop	:{'Module': 'LlamaForCausalLM.model.layers.15.mlp.act_fn', 'Outputs': [[512, 8192]]}
0.0%	1.242 μs	1	1.242 μs	1.242 μs	1.242 μs	1.242 μs	0 ns	PushPop	:{'Module': 'LlamaForCausalLM.model.layers.4.self_attn.attn', 'Outputs': [[256, 2048]]}
0.0%	1.242 μs	1	1.242 μs	1.242 μs	1.242 μs	1.242 μs	0 ns	PushPop	:{'Module': 'LlamaForCausalLM.model.layers.5.mlp.act_fn', 'Outputs': [[68, 8192]]}
0.0%	1.242 μs	1	1.242 μs	1.242 μs	1.242 μs	1.242 μs	0 ns	PushPop	:{'Module': 'LlamaForCausalLM.model.layers.5.self_attn.qkv_proj', 'TrainableParams': {'weight': [3072, 2048]}, 'Outputs': [[512, 3072]]}
0.0%	1.242 μs	1	1.242 μs	1.242 μs	1.242 μs	1.242 μs	0 ns	PushPop	:{'Module': 'LlamaForCausalLM.model.layers.7.self_attn.o_proj', 'TrainableParams': {'weight': [2048, 2048]}, 'Outputs': [[512, 2048]]}
0.0%	1.241 μs	1	1.241 μs	1.241 μs	1.241 μs	1.241 μs	0 ns	PushPop	:{'Module': 'LlamaForCausalLM.model.layers.11.self_attn.attn', 'Outputs': [[99, 2048]]}
0.0%	1.241 μs	1	1.241 μs	1.241 μs	1.241 μs	1.241 μs	0 ns	PushPop	:{'Module': 'LlamaForCausalLM.model.layers.14.mlp.down_proj', 'TrainableParams': {'weight': [2048, 8192]}, 'Outputs': [[68, 2048]]}
0.0%	1.241 μs	1	1.241 μs	1.241 μs	1.241 μs	1.241 μs	0 ns	PushPop	:{'Module': 'LlamaForCausalLM.model.layers.3.self_attn.attn', 'Outputs': [[20, 2048]]}
0.0%	1.241 μs	1	1.241 μs	1.241 μs	1.241 μs	1.241 μs	0 ns	PushPop	:{'Module': 'LlamaForCausalLM.model.layers.3.self_attn.attn', 'Outputs': [[84, 2048]]}
0.0%	1.241 μs	1	1.241 μs	1.241 μs	1.241 μs	1.241 μs	0 ns	PushPop	:{'Module': 'LlamaForCausalLM.model.layers.6.post_attention_layernorm', 'TrainableParams': {'weight': [2048]}, 'Outputs': [[16, 2048], [16, 2048]]}
0.0%	1.240 μs	1	1.240 μs	1.240 μs	1.240 μs	1.240 μs	0 ns	PushPop	:{'Module': 'LlamaForCausalLM.model.layers.0.mlp.down_proj', 'TrainableParams': {'weight': [2048, 8192]}, 'Outputs': [[20, 2048]]}
0.0%	1.240 μs	1	1.240 μs	1.240 μs	1.240 μs	1.240 μs	0 ns	PushPop	:{'Module': 'LlamaForCausalLM.model.layers.10.post_attention_layernorm', 'TrainableParams': {'weight': [2048]}, 'Outputs': [[16, 2048], [16, 2048]]}
0.0%	1.240 μs	1	1.240 μs	1.240 μs	1.240 μs	1.240 μs	0 ns	PushPop	:{'Module': 'LlamaForCausalLM.model.layers.13.mlp.down_proj', 'TrainableParams': {'weight': [2048, 8192]}, 'Outputs': [[512, 2048]]}
0.0%	1.240 μs	1	1.240 μs	1.240 μs	1.240 μs	1.240 μs	0 ns	PushPop	:{'Module': 'LlamaForCausalLM.model.layers.14.post_attention_layernorm', 'TrainableParams': {'weight': [2048]}, 'Outputs': [[52, 2048], [52, 2048]]}
0.0%	1.239 μs	1	1.239 μs	1.239 μs	1.239 μs	1.239 μs	0 ns	PushPop	:{'Module': 'LlamaForCausalLM.model.layers.11.self_attn.o_proj', 'TrainableParams': {'weight': [2048, 2048]}, 'Outputs': [[4, 2048]]}
0.0%	1.239 μs	1	1.239 μs	1.239 μs	1.239 μs	1.239 μs	0 ns	PushPop	:{'Module': 'LlamaForCausalLM.model.layers.12.input_layernorm', 'TrainableParams': {'weight': [2048]}, 'Outputs': [[84, 2048], [84, 2048]]}
0.0%	1.239 μs	1	1.239 μs	1.239 μs	1.239 μs	1.239 μs	0 ns	PushPop	:{'Module': 'LlamaForCausalLM.model.layers.12.self_attn.attn', 'Outputs': [[36, 2048]]}
0.0%	1.239 μs	1	1.239 μs	1.239 μs	1.239 μs	1.239 μs	0 ns	PushPop	:{'Module': 'LlamaForCausalLM.model.layers.9', 'Outputs': [[512, 2048], [512, 2048]]}
0.0%	1.239 μs	1	1.239 μs	1.239 μs	1.239 μs	1.239 μs	0 ns	PushPop	:{'Module': 'LlamaForCausalLM.model.layers.9.mlp.down_proj', 'TrainableParams': {'weight': [2048, 8192]}, 'Outputs': [[99, 2048]]}
0.0%	1.238 μs	1	1.238 μs	1.238 μs	1.238 μs	1.238 μs	0 ns	PushPop	:{'Module': 'LlamaForCausalLM.model.layers.0.input_layernorm', 'TrainableParams': {'weight': [2048]}, 'Outputs': [[52, 2048]]}
0.0%	1.238 μs	1	1.238 μs	1.238 μs	1.238 μs	1.238 μs	0 ns	PushPop	:{'Module': 'LlamaForCausalLM.model.layers.15.self_attn.qkv_proj', 'TrainableParams': {'weight': [3072, 2048]}, 'Outputs': [[16, 3072]]}
0.0%	1.238 μs	1	1.238 μs	1.238 μs	1.238 μs	1.238 μs	0 ns	PushPop	:{'Module': 'LlamaForCausalLM.model.layers.2.self_attn.qkv_proj', 'TrainableParams': {'weight': [3072, 2048]}, 'Outputs': [[84, 3072]]}
0.0%	1.238 μs	1	1.238 μs	1.238 μs	1.238 μs	1.238 μs	0 ns	PushPop	:{'Module': 'LlamaForCausalLM.model.layers.4.post_attention_layernorm', 'TrainableParams': {'weight': [2048]}, 'Outputs': [[99, 2048], [99, 2048]]}
0.0%	1.238 μs	1	1.238 μs	1.238 μs	1.238 μs	1.238 μs	0 ns	PushPop	:{'Module': 'LlamaForCausalLM.model.layers.9.self_attn.qkv_proj', 'TrainableParams': {'weight': [3072, 2048]}, 'Outputs': [[1873, 3072]]}
0.0%	1.237 μs	1	1.237 μs	1.237 μs	1.237 μs	1.237 μs	0 ns	PushPop	:{'Module': 'LlamaForCausalLM.model.layers.12.self_attn.o_proj', 'TrainableParams': {'weight': [2048, 2048]}, 'Outputs': [[99, 2048]]}
0.0%	1.236 μs	1	1.236 μs	1.236 μs	1.236 μs	1.236 μs	0 ns	PushPop	:{'Module': 'LlamaForCausalLM.model.layers.11.self_attn.o_proj', 'TrainableParams': {'weight': [2048, 2048]}, 'Outputs': [[84, 2048]]}
0.0%	1.236 μs	1	1.236 μs	1.236 μs	1.236 μs	1.236 μs	0 ns	PushPop	:{'Module': 'LlamaForCausalLM.model.layers.14.self_attn.o_proj', 'TrainableParams': {'weight': [2048, 2048]}, 'Outputs': [[4, 2048]]}
0.0%	1.236 μs	1	1.236 μs	1.236 μs	1.236 μs	1.236 μs	0 ns	PushPop	:{'Module': 'LlamaForCausalLM.model.layers.9.self_attn.attn', 'Outputs': [[256, 2048]]}
0.0%	1.236 μs	1	1.236 μs	1.236 μs	1.236 μs	1.236 μs	0 ns	PushPop	:{'Module': 'LlamaForCausalLM.model.layers.9.self_attn.o_proj', 'TrainableParams': {'weight': [2048, 2048]}, 'Outputs': [[4, 2048]]}
0.0%	1.235 μs	1	1.235 μs	1.235 μs	1.235 μs	1.235 μs	0 ns	PushPop	:{'Module': 'LlamaForCausalLM.model.layers.1.self_attn.qkv_proj', 'TrainableParams': {'weight': [3072, 2048]}, 'Outputs': [[36, 3072]]}
0.0%	1.235 μs	1	1.235 μs	1.235 μs	1.235 μs	1.235 μs	0 ns	PushPop	:{'Module': 'LlamaForCausalLM.model.layers.11.self_attn.attn', 'Outputs': [[68, 2048]]}
0.0%	1.235 μs	1	1.235 μs	1.235 μs	1.235 μs	1.235 μs	0 ns	PushPop	:{'Module': 'LlamaForCausalLM.model.layers.13.mlp.gate_up_proj', 'TrainableParams': {'weight': [16384, 2048]}, 'Outputs': [[512, 16384]]}
0.0%	1.235 μs	1	1.235 μs	1.235 μs	1.235 μs	1.235 μs	0 ns	PushPop	:{'Module': 'LlamaForCausalLM.model.layers.3.self_attn.o_proj', 'TrainableParams': {'weight': [2048, 2048]}, 'Outputs': [[84, 2048]]}
0.0%	1.235 μs	1	1.235 μs	1.235 μs	1.235 μs	1.235 μs	0 ns	PushPop	:{'Module': 'LlamaForCausalLM.model.layers.8.self_attn.qkv_proj', 'TrainableParams': {'weight': [3072, 2048]}, 'Outputs': [[99, 3072]]}
0.0%	1.234 μs	1	1.234 μs	1.234 μs	1.234 μs	1.234 μs	0 ns	PushPop	:{'Module': 'LlamaForCausalLM.model.layers.1', 'Outputs': [[512, 2048], [512, 2048]]}
0.0%	1.234 μs	1	1.234 μs	1.234 μs	1.234 μs	1.234 μs	0 ns	PushPop	:{'Module': 'LlamaForCausalLM.model.layers.2.mlp.gate_up_proj', 'TrainableParams': {'weight': [16384, 2048]}, 'Outputs': [[256, 16384]]}
0.0%	1.234 μs	1	1.234 μs	1.234 μs	1.234 μs	1.234 μs	0 ns	PushPop	:{'Module': 'LlamaForCausalLM.model.layers.3', 'Outputs': [[512, 2048], [512, 2048]]}
0.0%	1.234 μs	1	1.234 μs	1.234 μs	1.234 μs	1.234 μs	0 ns	PushPop	:{'Module': 'LlamaForCausalLM.model.layers.8.mlp.gate_up_proj', 'TrainableParams': {'weight': [16384, 2048]}, 'Outputs': [[20, 16384]]}
0.0%	1.233 μs	1	1.233 μs	1.233 μs	1.233 μs	1.233 μs	0 ns	PushPop	:{'Module': 'LlamaForCausalLM.model.layers.0', 'Outputs': [[4, 2048], [4, 2048]]}
0.0%	1.233 μs	1	1.233 μs	1.233 μs	1.233 μs	1.233 μs	0 ns	PushPop	:{'Module': 'LlamaForCausalLM.model.layers.7.self_attn.qkv_proj', 'TrainableParams': {'weight': [3072, 2048]}, 'Outputs': [[256, 3072]]}
0.0%	1.232 μs	1	1.232 μs	1.232 μs	1.232 μs	1.232 μs	0 ns	PushPop	:{'Module': 'LlamaForCausalLM.model.layers.0.self_attn', 'Outputs': [[512, 2048]]}
0.0%	1.232 μs	1	1.232 μs	1.232 μs	1.232 μs	1.232 μs	0 ns	PushPop	:{'Module': 'LlamaForCausalLM.model.layers.5.self_attn.qkv_proj', 'TrainableParams': {'weight': [3072, 2048]}, 'Outputs': [[68, 3072]]}
0.0%	1.232 μs	1	1.232 μs	1.232 μs	1.232 μs	1.232 μs	0 ns	PushPop	:{'Module': 'LlamaForCausalLM.model.layers.6.self_attn.o_proj', 'TrainableParams': {'weight': [2048, 2048]}, 'Outputs': [[68, 2048]]}
0.0%	1.231 μs	1	1.231 μs	1.231 μs	1.231 μs	1.231 μs	0 ns	PushPop	:{'Module': 'LlamaForCausalLM.model.layers.0.self_attn', 'Outputs': [[36, 2048]]}
0.0%	1.231 μs	1	1.231 μs	1.231 μs	1.231 μs	1.231 μs	0 ns	PushPop	:{'Module': 'LlamaForCausalLM.model.layers.1.self_attn.qkv_proj', 'TrainableParams': {'weight': [3072, 2048]}, 'Outputs': [[1873, 3072]]}
0.0%	1.231 μs	1	1.231 μs	1.231 μs	1.231 μs	1.231 μs	0 ns	PushPop	:{'Module': 'LlamaForCausalLM.model.layers.6.mlp.gate_up_proj', 'TrainableParams': {'weight': [16384, 2048]}, 'Outputs': [[99, 16384]]}
0.0%	1.231 μs	1	1.231 μs	1.231 μs	1.231 μs	1.231 μs	0 ns	PushPop	:{'Module': 'LlamaForCausalLM.model.layers.8.mlp.act_fn', 'Outputs': [[99, 8192]]}
0.0%	1.231 μs	1	1.231 μs	1.231 μs	1.231 μs	1.231 μs	0 ns	PushPop	:{'Module': 'LlamaForCausalLM.model.layers.8.self_attn.qkv_proj', 'TrainableParams': {'weight': [3072, 2048]}, 'Outputs': [[256, 3072]]}
0.0%	1.230 μs	1	1.230 μs	1.230 μs	1.230 μs	1.230 μs	0 ns	PushPop	:{'Module': 'LlamaForCausalLM.model.layers.14', 'Outputs': [[512, 2048], [512, 2048]]}
0.0%	1.230 μs	1	1.230 μs	1.230 μs	1.230 μs	1.230 μs	0 ns	PushPop	:{'Module': 'LlamaForCausalLM.model.layers.15.post_attention_layernorm', 'TrainableParams': {'weight': [2048]}, 'Outputs': [[99, 2048], [99, 2048]]}
0.0%	1.230 μs	1	1.230 μs	1.230 μs	1.230 μs	1.230 μs	0 ns	PushPop	:{'Module': 'LlamaForCausalLM.model.layers.7.self_attn.o_proj', 'TrainableParams': {'weight': [2048, 2048]}, 'Outputs': [[68, 2048]]}
0.0%	1.230 μs	1	1.230 μs	1.230 μs	1.230 μs	1.230 μs	0 ns	PushPop	:{'Module': 'LlamaForCausalLM.model.layers.9.self_attn.attn', 'Outputs': [[84, 2048]]}
0.0%	1.229 μs	1	1.229 μs	1.229 μs	1.229 μs	1.229 μs	0 ns	PushPop	:{'Module': 'LlamaForCausalLM.model.layers.11.self_attn.attn', 'Outputs': [[84, 2048]]}
0.0%	1.229 μs	1	1.229 μs	1.229 μs	1.229 μs	1.229 μs	0 ns	PushPop	:{'Module': 'LlamaForCausalLM.model.layers.11.self_attn.qkv_proj', 'TrainableParams': {'weight': [3072, 2048]}, 'Outputs': [[512, 3072]]}
0.0%	1.229 μs	1	1.229 μs	1.229 μs	1.229 μs	1.229 μs	0 ns	PushPop	:{'Module': 'LlamaForCausalLM.model.layers.13.input_layernorm', 'TrainableParams': {'weight': [2048]}, 'Outputs': [[52, 2048], [52, 2048]]}
0.0%	1.229 μs	1	1.229 μs	1.229 μs	1.229 μs	1.229 μs	0 ns	PushPop	:{'Module': 'LlamaForCausalLM.model.layers.13.post_attention_layernorm', 'TrainableParams': {'weight': [2048]}, 'Outputs': [[99, 2048], [99, 2048]]}
0.0%	1.229 μs	1	1.229 μs	1.229 μs	1.229 μs	1.229 μs	0 ns	PushPop	:{'Module': 'LlamaForCausalLM.model.layers.15.self_attn.attn', 'Outputs': [[36, 2048]]}
0.0%	1.229 μs	1	1.229 μs	1.229 μs	1.229 μs	1.229 μs	0 ns	PushPop	:{'Module': 'LlamaForCausalLM.model.layers.2.mlp.down_proj', 'TrainableParams': {'weight': [2048, 8192]}, 'Outputs': [[84, 2048]]}
0.0%	1.229 μs	1	1.229 μs	1.229 μs	1.229 μs	1.229 μs	0 ns	PushPop	:{'Module': 'LlamaForCausalLM.model.layers.2.mlp.gate_up_proj', 'TrainableParams': {'weight': [16384, 2048]}, 'Outputs': [[512, 16384]]}
0.0%	1.229 μs	1	1.229 μs	1.229 μs	1.229 μs	1.229 μs	0 ns	PushPop	:{'Module': 'LlamaForCausalLM.model.layers.7', 'Outputs': [[512, 2048], [512, 2048]]}
0.0%	1.229 μs	1	1.229 μs	1.229 μs	1.229 μs	1.229 μs	0 ns	PushPop	:{'Module': 'LlamaForCausalLM.model.layers.8.mlp.down_proj', 'TrainableParams': {'weight': [2048, 8192]}, 'Outputs': [[99, 2048]]}
0.0%	1.229 μs	1	1.229 μs	1.229 μs	1.229 μs	1.229 μs	0 ns	PushPop	:{'Module': 'LlamaForCausalLM.model.layers.8.self_attn.attn', 'Outputs': [[68, 2048]]}
0.0%	1.228 μs	1	1.228 μs	1.228 μs	1.228 μs	1.228 μs	0 ns	PushPop	:{'Module': 'LlamaForCausalLM.model.layers.1.self_attn.o_proj', 'TrainableParams': {'weight': [2048, 2048]}, 'Outputs': [[20, 2048]]}
0.0%	1.228 μs	1	1.228 μs	1.228 μs	1.228 μs	1.228 μs	0 ns	PushPop	:{'Module': 'LlamaForCausalLM.model.layers.11.input_layernorm', 'TrainableParams': {'weight': [2048]}, 'Outputs': [[20, 2048], [20, 2048]]}
0.0%	1.228 μs	1	1.228 μs	1.228 μs	1.228 μs	1.228 μs	0 ns	PushPop	:{'Module': 'LlamaForCausalLM.model.layers.4.mlp.down_proj', 'TrainableParams': {'weight': [2048, 8192]}, 'Outputs': [[52, 2048]]}
0.0%	1.228 μs	1	1.228 μs	1.228 μs	1.228 μs	1.228 μs	0 ns	PushPop	:{'Module': 'LlamaForCausalLM.model.layers.9.input_layernorm', 'TrainableParams': {'weight': [2048]}, 'Outputs': [[84, 2048], [84, 2048]]}
0.0%	1.227 μs	1	1.227 μs	1.227 μs	1.227 μs	1.227 μs	0 ns	PushPop	:{'Module': 'LlamaForCausalLM.model.layers.1.self_attn.o_proj', 'TrainableParams': {'weight': [2048, 2048]}, 'Outputs': [[4, 2048]]}
0.0%	1.227 μs	1	1.227 μs	1.227 μs	1.227 μs	1.227 μs	0 ns	PushPop	:{'Module': 'LlamaForCausalLM.model.layers.11.input_layernorm', 'TrainableParams': {'weight': [2048]}, 'Outputs': [[4, 2048], [4, 2048]]}
0.0%	1.227 μs	1	1.227 μs	1.227 μs	1.227 μs	1.227 μs	0 ns	PushPop	:{'Module': 'LlamaForCausalLM.model.layers.12.self_attn.qkv_proj', 'TrainableParams': {'weight': [3072, 2048]}, 'Outputs': [[16, 3072]]}
0.0%	1.227 μs	1	1.227 μs	1.227 μs	1.227 μs	1.227 μs	0 ns	PushPop	:{'Module': 'LlamaForCausalLM.model.layers.13.self_attn.o_proj', 'TrainableParams': {'weight': [2048, 2048]}, 'Outputs': [[68, 2048]]}
0.0%	1.227 μs	1	1.227 μs	1.227 μs	1.227 μs	1.227 μs	0 ns	PushPop	:{'Module': 'LlamaForCausalLM.model.layers.3.mlp.down_proj', 'TrainableParams': {'weight': [2048, 8192]}, 'Outputs': [[68, 2048]]}
0.0%	1.227 μs	1	1.227 μs	1.227 μs	1.227 μs	1.227 μs	0 ns	PushPop	:{'Module': 'LlamaForCausalLM.model.layers.6.self_attn.qkv_proj', 'TrainableParams': {'weight': [3072, 2048]}, 'Outputs': [[256, 3072]]}
0.0%	1.227 μs	1	1.227 μs	1.227 μs	1.227 μs	1.227 μs	0 ns	PushPop	:{'Module': 'LlamaForCausalLM.model.layers.7.self_attn.attn', 'Outputs': [[84, 2048]]}
0.0%	1.226 μs	1	1.226 μs	1.226 μs	1.226 μs	1.226 μs	0 ns	PushPop	:{'Module': 'LlamaForCausalLM.model.layers.1.input_layernorm', 'TrainableParams': {'weight': [2048]}, 'Outputs': [[20, 2048], [20, 2048]]}
0.0%	1.226 μs	1	1.226 μs	1.226 μs	1.226 μs	1.226 μs	0 ns	PushPop	:{'Module': 'LlamaForCausalLM.model.layers.12.input_layernorm', 'TrainableParams': {'weight': [2048]}, 'Outputs': [[1873, 2048], [1873, 2048]]}
0.0%	1.226 μs	1	1.226 μs	1.226 μs	1.226 μs	1.226 μs	0 ns	PushPop	:{'Module': 'LlamaForCausalLM.model.layers.12.mlp.down_proj', 'TrainableParams': {'weight': [2048, 8192]}, 'Outputs': [[4, 2048]]}
0.0%	1.226 μs	1	1.226 μs	1.226 μs	1.226 μs	1.226 μs	0 ns	PushPop	:{'Module': 'LlamaForCausalLM.model.layers.14.input_layernorm', 'TrainableParams': {'weight': [2048]}, 'Outputs': [[68, 2048], [68, 2048]]}
0.0%	1.226 μs	1	1.226 μs	1.226 μs	1.226 μs	1.226 μs	0 ns	PushPop	:{'Module': 'LlamaForCausalLM.model.layers.15.input_layernorm', 'TrainableParams': {'weight': [2048]}, 'Outputs': [[52, 2048], [52, 2048]]}
0.0%	1.226 μs	1	1.226 μs	1.226 μs	1.226 μs	1.226 μs	0 ns	PushPop	:{'Module': 'LlamaForCausalLM.model.layers.7.mlp.act_fn', 'Outputs': [[36, 8192]]}
0.0%	1.225 μs	1	1.225 μs	1.225 μs	1.225 μs	1.225 μs	0 ns	PushPop	:{'Module': 'LlamaForCausalLM.model.layers.10.mlp.down_proj', 'TrainableParams': {'weight': [2048, 8192]}, 'Outputs': [[512, 2048]]}
0.0%	1.225 μs	1	1.225 μs	1.225 μs	1.225 μs	1.225 μs	0 ns	PushPop	:{'Module': 'LlamaForCausalLM.model.layers.13.self_attn.o_proj', 'TrainableParams': {'weight': [2048, 2048]}, 'Outputs': [[1873, 2048]]}
0.0%	1.225 μs	1	1.225 μs	1.225 μs	1.225 μs	1.225 μs	0 ns	PushPop	:{'Module': 'LlamaForCausalLM.model.layers.15.self_attn.o_proj', 'TrainableParams': {'weight': [2048, 2048]}, 'Outputs': [[52, 2048]]}
0.0%	1.224 μs	1	1.224 μs	1.224 μs	1.224 μs	1.224 μs	0 ns	PushPop	:{'Module': 'LlamaForCausalLM.model.layers.1.mlp.down_proj', 'TrainableParams': {'weight': [2048, 8192]}, 'Outputs': [[512, 2048]]}
0.0%	1.224 μs	1	1.224 μs	1.224 μs	1.224 μs	1.224 μs	0 ns	PushPop	:{'Module': 'LlamaForCausalLM.model.layers.2.mlp.gate_up_proj', 'TrainableParams': {'weight': [16384, 2048]}, 'Outputs': [[84, 16384]]}
0.0%	1.224 μs	1	1.224 μs	1.224 μs	1.224 μs	1.224 μs	0 ns	PushPop	:{'Module': 'LlamaForCausalLM.model.layers.8.self_attn.o_proj', 'TrainableParams': {'weight': [2048, 2048]}, 'Outputs': [[99, 2048]]}
0.0%	1.223 μs	1	1.223 μs	1.223 μs	1.223 μs	1.223 μs	0 ns	PushPop	:{'Module': 'LlamaForCausalLM.model.layers.10.self_attn.o_proj', 'TrainableParams': {'weight': [2048, 2048]}, 'Outputs': [[36, 2048]]}
0.0%	1.223 μs	1	1.223 μs	1.223 μs	1.223 μs	1.223 μs	0 ns	PushPop	:{'Module': 'LlamaForCausalLM.model.layers.14.self_attn.o_proj', 'TrainableParams': {'weight': [2048, 2048]}, 'Outputs': [[99, 2048]]}
0.0%	1.222 μs	1	1.222 μs	1.222 μs	1.222 μs	1.222 μs	0 ns	PushPop	:{'Module': 'LlamaForCausalLM.model.layers.10.mlp.gate_up_proj', 'TrainableParams': {'weight': [16384, 2048]}, 'Outputs': [[16, 16384]]}
0.0%	1.222 μs	1	1.222 μs	1.222 μs	1.222 μs	1.222 μs	0 ns	PushPop	:{'Module': 'LlamaForCausalLM.model.layers.10.post_attention_layernorm', 'TrainableParams': {'weight': [2048]}, 'Outputs': [[4, 2048], [4, 2048]]}
0.0%	1.222 μs	1	1.222 μs	1.222 μs	1.222 μs	1.222 μs	0 ns	PushPop	:{'Module': 'LlamaForCausalLM.model.layers.15.post_attention_layernorm', 'TrainableParams': {'weight': [2048]}, 'Outputs': [[1873, 2048], [1873, 2048]]}
0.0%	1.222 μs	1	1.222 μs	1.222 μs	1.222 μs	1.222 μs	0 ns	PushPop	:{'Module': 'LlamaForCausalLM.model.layers.15.self_attn.attn', 'Outputs': [[99, 2048]]}
0.0%	1.222 μs	1	1.222 μs	1.222 μs	1.222 μs	1.222 μs	0 ns	PushPop	:{'Module': 'LlamaForCausalLM.model.layers.15.self_attn.o_proj', 'TrainableParams': {'weight': [2048, 2048]}, 'Outputs': [[4, 2048]]}
0.0%	1.221 μs	1	1.221 μs	1.221 μs	1.221 μs	1.221 μs	0 ns	PushPop	:{'Module': 'LlamaForCausalLM.model.layers.0.mlp.gate_up_proj', 'TrainableParams': {'weight': [16384, 2048]}, 'Outputs': [[1873, 16384]]}
0.0%	1.221 μs	1	1.221 μs	1.221 μs	1.221 μs	1.221 μs	0 ns	PushPop	:{'Module': 'LlamaForCausalLM.model.layers.13.self_attn.qkv_proj', 'TrainableParams': {'weight': [3072, 2048]}, 'Outputs': [[4, 3072]]}
0.0%	1.221 μs	1	1.221 μs	1.221 μs	1.221 μs	1.221 μs	0 ns	PushPop	:{'Module': 'LlamaForCausalLM.model.layers.13.self_attn.qkv_proj', 'TrainableParams': {'weight': [3072, 2048]}, 'Outputs': [[512, 3072]]}
0.0%	1.221 μs	1	1.221 μs	1.221 μs	1.221 μs	1.221 μs	0 ns	PushPop	:{'Module': 'LlamaForCausalLM.model.layers.3.post_attention_layernorm', 'TrainableParams': {'weight': [2048]}, 'Outputs': [[99, 2048], [99, 2048]]}
0.0%	1.221 μs	1	1.221 μs	1.221 μs	1.221 μs	1.221 μs	0 ns	PushPop	:{'Module': 'LlamaForCausalLM.model.layers.7.mlp.down_proj', 'TrainableParams': {'weight': [2048, 8192]}, 'Outputs': [[52, 2048]]}
0.0%	1.219 μs	1	1.219 μs	1.219 μs	1.219 μs	1.219 μs	0 ns	PushPop	:{'Module': 'LlamaForCausalLM.model.layers.0.input_layernorm', 'TrainableParams': {'weight': [2048]}, 'Outputs': [[36, 2048]]}
0.0%	1.219 μs	1	1.219 μs	1.219 μs	1.219 μs	1.219 μs	0 ns	PushPop	:{'Module': 'LlamaForCausalLM.model.layers.10.post_attention_layernorm', 'TrainableParams': {'weight': [2048]}, 'Outputs': [[99, 2048], [99, 2048]]}
0.0%	1.219 μs	1	1.219 μs	1.219 μs	1.219 μs	1.219 μs	0 ns	PushPop	:{'Module': 'LlamaForCausalLM.model.layers.12.post_attention_layernorm', 'TrainableParams': {'weight': [2048]}, 'Outputs': [[99, 2048], [99, 2048]]}
0.0%	1.219 μs	1	1.219 μs	1.219 μs	1.219 μs	1.219 μs	0 ns	PushPop	:{'Module': 'LlamaForCausalLM.model.layers.15.self_attn.o_proj', 'TrainableParams': {'weight': [2048, 2048]}, 'Outputs': [[256, 2048]]}
0.0%	1.219 μs	1	1.219 μs	1.219 μs	1.219 μs	1.219 μs	0 ns	PushPop	:{'Module': 'LlamaForCausalLM.model.layers.4.input_layernorm', 'TrainableParams': {'weight': [2048]}, 'Outputs': [[99, 2048], [99, 2048]]}
0.0%	1.219 μs	1	1.219 μs	1.219 μs	1.219 μs	1.219 μs	0 ns	PushPop	:{'Module': 'LlamaForCausalLM.model.layers.8.self_attn.o_proj', 'TrainableParams': {'weight': [2048, 2048]}, 'Outputs': [[68, 2048]]}
0.0%	1.218 μs	1	1.218 μs	1.218 μs	1.218 μs	1.218 μs	0 ns	PushPop	:{'Module': 'LlamaForCausalLM.model.layers.14.self_attn.qkv_proj', 'TrainableParams': {'weight': [3072, 2048]}, 'Outputs': [[4, 3072]]}
0.0%	1.218 μs	1	1.218 μs	1.218 μs	1.218 μs	1.218 μs	0 ns	PushPop	:{'Module': 'LlamaForCausalLM.model.layers.2.input_layernorm', 'TrainableParams': {'weight': [2048]}, 'Outputs': [[52, 2048], [52, 2048]]}
0.0%	1.218 μs	1	1.218 μs	1.218 μs	1.218 μs	1.218 μs	0 ns	PushPop	:{'Module': 'LlamaForCausalLM.model.layers.4.post_attention_layernorm', 'TrainableParams': {'weight': [2048]}, 'Outputs': [[1873, 2048], [1873, 2048]]}
0.0%	1.217 μs	1	1.217 μs	1.217 μs	1.217 μs	1.217 μs	0 ns	PushPop	:{'Module': 'LlamaForCausalLM.model.layers.1.input_layernorm', 'TrainableParams': {'weight': [2048]}, 'Outputs': [[99, 2048], [99, 2048]]}
0.0%	1.217 μs	1	1.217 μs	1.217 μs	1.217 μs	1.217 μs	0 ns	PushPop	:{'Module': 'LlamaForCausalLM.model.layers.5.mlp.gate_up_proj', 'TrainableParams': {'weight': [16384, 2048]}, 'Outputs': [[84, 16384]]}
0.0%	1.216 μs	1	1.216 μs	1.216 μs	1.216 μs	1.216 μs	0 ns	PushPop	:{'Module': 'LlamaForCausalLM.model.layers.1.self_attn.qkv_proj', 'TrainableParams': {'weight': [3072, 2048]}, 'Outputs': [[68, 3072]]}
0.0%	1.216 μs	1	1.216 μs	1.216 μs	1.216 μs	1.216 μs	0 ns	PushPop	:{'Module': 'LlamaForCausalLM.model.layers.2.input_layernorm', 'TrainableParams': {'weight': [2048]}, 'Outputs': [[68, 2048], [68, 2048]]}
0.0%	1.216 μs	1	1.216 μs	1.216 μs	1.216 μs	1.216 μs	0 ns	PushPop	:{'Module': 'LlamaForCausalLM.model.layers.2.self_attn.o_proj', 'TrainableParams': {'weight': [2048, 2048]}, 'Outputs': [[4, 2048]]}
0.0%	1.216 μs	1	1.216 μs	1.216 μs	1.216 μs	1.216 μs	0 ns	PushPop	:{'Module': 'LlamaForCausalLM.model.layers.5.mlp.act_fn', 'Outputs': [[512, 8192]]}
0.0%	1.215 μs	1	1.215 μs	1.215 μs	1.215 μs	1.215 μs	0 ns	PushPop	:{'Module': 'LlamaForCausalLM.model.layers.1.self_attn.attn', 'Outputs': [[99, 2048]]}
0.0%	1.215 μs	1	1.215 μs	1.215 μs	1.215 μs	1.215 μs	0 ns	PushPop	:{'Module': 'LlamaForCausalLM.model.layers.10.mlp.gate_up_proj', 'TrainableParams': {'weight': [16384, 2048]}, 'Outputs': [[1873, 16384]]}
0.0%	1.215 μs	1	1.215 μs	1.215 μs	1.215 μs	1.215 μs	0 ns	PushPop	:{'Module': 'LlamaForCausalLM.model.layers.11.mlp.down_proj', 'TrainableParams': {'weight': [2048, 8192]}, 'Outputs': [[1873, 2048]]}
0.0%	1.215 μs	1	1.215 μs	1.215 μs	1.215 μs	1.215 μs	0 ns	PushPop	:{'Module': 'LlamaForCausalLM.model.layers.7.self_attn.attn', 'Outputs': [[68, 2048]]}
0.0%	1.215 μs	1	1.215 μs	1.215 μs	1.215 μs	1.215 μs	0 ns	PushPop	:{'Module': 'LlamaForCausalLM.model.layers.8.input_layernorm', 'TrainableParams': {'weight': [2048]}, 'Outputs': [[256, 2048], [256, 2048]]}
0.0%	1.214 μs	1	1.214 μs	1.214 μs	1.214 μs	1.214 μs	0 ns	PushPop	:{'Module': 'LlamaForCausalLM.model.layers.11.input_layernorm', 'TrainableParams': {'weight': [2048]}, 'Outputs': [[68, 2048], [68, 2048]]}
0.0%	1.214 μs	1	1.214 μs	1.214 μs	1.214 μs	1.214 μs	0 ns	PushPop	:{'Module': 'LlamaForCausalLM.model.layers.12.mlp.down_proj', 'TrainableParams': {'weight': [2048, 8192]}, 'Outputs': [[99, 2048]]}
0.0%	1.214 μs	1	1.214 μs	1.214 μs	1.214 μs	1.214 μs	0 ns	PushPop	:{'Module': 'LlamaForCausalLM.model.layers.14.self_attn.attn', 'Outputs': [[20, 2048]]}
0.0%	1.214 μs	1	1.214 μs	1.214 μs	1.214 μs	1.214 μs	0 ns	PushPop	:{'Module': 'LlamaForCausalLM.model.layers.3.self_attn.o_proj', 'TrainableParams': {'weight': [2048, 2048]}, 'Outputs': [[68, 2048]]}
0.0%	1.214 μs	1	1.214 μs	1.214 μs	1.214 μs	1.214 μs	0 ns	PushPop	:{'Module': 'LlamaForCausalLM.model.layers.5.post_attention_layernorm', 'TrainableParams': {'weight': [2048]}, 'Outputs': [[84, 2048], [84, 2048]]}
0.0%	1.214 μs	1	1.214 μs	1.214 μs	1.214 μs	1.214 μs	0 ns	PushPop	:{'Module': 'LlamaForCausalLM.model.layers.8.mlp.gate_up_proj', 'TrainableParams': {'weight': [16384, 2048]}, 'Outputs': [[1873, 16384]]}
0.0%	1.214 μs	1	1.214 μs	1.214 μs	1.214 μs	1.214 μs	0 ns	PushPop	:{'Module': 'LlamaForCausalLM.model.layers.8.post_attention_layernorm', 'TrainableParams': {'weight': [2048]}, 'Outputs': [[68, 2048], [68, 2048]]}
0.0%	1.213 μs	1	1.213 μs	1.213 μs	1.213 μs	1.213 μs	0 ns	PushPop	:{'Module': 'LlamaForCausalLM.model.layers.1.post_attention_layernorm', 'TrainableParams': {'weight': [2048]}, 'Outputs': [[68, 2048], [68, 2048]]}
0.0%	1.213 μs	1	1.213 μs	1.213 μs	1.213 μs	1.213 μs	0 ns	PushPop	:{'Module': 'LlamaForCausalLM.model.layers.14.mlp.gate_up_proj', 'TrainableParams': {'weight': [16384, 2048]}, 'Outputs': [[68, 16384]]}
0.0%	1.213 μs	1	1.213 μs	1.213 μs	1.213 μs	1.213 μs	0 ns	PushPop	:{'Module': 'LlamaForCausalLM.model.layers.7.self_attn.o_proj', 'TrainableParams': {'weight': [2048, 2048]}, 'Outputs': [[84, 2048]]}
0.0%	1.212 μs	1	1.212 μs	1.212 μs	1.212 μs	1.212 μs	0 ns	PushPop	:{'Module': 'LlamaForCausalLM.model.layers.1.mlp.gate_up_proj', 'TrainableParams': {'weight': [16384, 2048]}, 'Outputs': [[1873, 16384]]}
0.0%	1.212 μs	1	1.212 μs	1.212 μs	1.212 μs	1.212 μs	0 ns	PushPop	:{'Module': 'LlamaForCausalLM.model.layers.12.mlp.down_proj', 'TrainableParams': {'weight': [2048, 8192]}, 'Outputs': [[52, 2048]]}
0.0%	1.212 μs	1	1.212 μs	1.212 μs	1.212 μs	1.212 μs	0 ns	PushPop	:{'Module': 'LlamaForCausalLM.model.layers.14.mlp.down_proj', 'TrainableParams': {'weight': [2048, 8192]}, 'Outputs': [[52, 2048]]}
0.0%	1.212 μs	1	1.212 μs	1.212 μs	1.212 μs	1.212 μs	0 ns	PushPop	:{'Module': 'LlamaForCausalLM.model.layers.3.input_layernorm', 'TrainableParams': {'weight': [2048]}, 'Outputs': [[16, 2048], [16, 2048]]}
0.0%	1.212 μs	1	1.212 μs	1.212 μs	1.212 μs	1.212 μs	0 ns	PushPop	:{'Module': 'LlamaForCausalLM.model.layers.4.mlp.act_fn', 'Outputs': [[512, 8192]]}
0.0%	1.211 μs	1	1.211 μs	1.211 μs	1.211 μs	1.211 μs	0 ns	PushPop	:{'Module': 'LlamaForCausalLM.model.layers.1.mlp.act_fn', 'Outputs': [[512, 8192]]}
0.0%	1.211 μs	1	1.211 μs	1.211 μs	1.211 μs	1.211 μs	0 ns	PushPop	:{'Module': 'LlamaForCausalLM.model.layers.10.mlp.act_fn', 'Outputs': [[84, 8192]]}
0.0%	1.211 μs	1	1.211 μs	1.211 μs	1.211 μs	1.211 μs	0 ns	PushPop	:{'Module': 'LlamaForCausalLM.model.layers.15.input_layernorm', 'TrainableParams': {'weight': [2048]}, 'Outputs': [[256, 2048], [256, 2048]]}
0.0%	1.211 μs	1	1.211 μs	1.211 μs	1.211 μs	1.211 μs	0 ns	PushPop	:{'Module': 'LlamaForCausalLM.model.layers.4.post_attention_layernorm', 'TrainableParams': {'weight': [2048]}, 'Outputs': [[68, 2048], [68, 2048]]}
0.0%	1.210 μs	1	1.210 μs	1.210 μs	1.210 μs	1.210 μs	0 ns	PushPop	:{'Module': 'LlamaForCausalLM.model.layers.0.input_layernorm', 'TrainableParams': {'weight': [2048]}, 'Outputs': [[1873, 2048]]}
0.0%	1.210 μs	1	1.210 μs	1.210 μs	1.210 μs	1.210 μs	0 ns	PushPop	:{'Module': 'LlamaForCausalLM.model.layers.13.self_attn.qkv_proj', 'TrainableParams': {'weight': [3072, 2048]}, 'Outputs': [[256, 3072]]}
0.0%	1.209 μs	1	1.209 μs	1.209 μs	1.209 μs	1.209 μs	0 ns	PushPop	:{'Module': 'LlamaForCausalLM.model.layers.0.mlp.gate_up_proj', 'TrainableParams': {'weight': [16384, 2048]}, 'Outputs': [[99, 16384]]}
0.0%	1.209 μs	1	1.209 μs	1.209 μs	1.209 μs	1.209 μs	0 ns	PushPop	:{'Module': 'LlamaForCausalLM.model.layers.1', 'Outputs': [[16, 2048], [16, 2048]]}
0.0%	1.209 μs	1	1.209 μs	1.209 μs	1.209 μs	1.209 μs	0 ns	PushPop	:{'Module': 'LlamaForCausalLM.model.layers.13.self_attn.o_proj', 'TrainableParams': {'weight': [2048, 2048]}, 'Outputs': [[256, 2048]]}
0.0%	1.209 μs	1	1.209 μs	1.209 μs	1.209 μs	1.209 μs	0 ns	PushPop	:{'Module': 'LlamaForCausalLM.model.layers.5.mlp.down_proj', 'TrainableParams': {'weight': [2048, 8192]}, 'Outputs': [[20, 2048]]}
0.0%	1.209 μs	1	1.209 μs	1.209 μs	1.209 μs	1.209 μs	0 ns	PushPop	:{'Module': 'LlamaForCausalLM.model.layers.8.input_layernorm', 'TrainableParams': {'weight': [2048]}, 'Outputs': [[20, 2048], [20, 2048]]}
0.0%	1.209 μs	1	1.209 μs	1.209 μs	1.209 μs	1.209 μs	0 ns	PushPop	:{'Module': 'LlamaForCausalLM.model.layers.8.mlp.down_proj', 'TrainableParams': {'weight': [2048, 8192]}, 'Outputs': [[68, 2048]]}
0.0%	1.209 μs	1	1.209 μs	1.209 μs	1.209 μs	1.209 μs	0 ns	PushPop	:{'Module': 'LlamaForCausalLM.model.layers.9.mlp.gate_up_proj', 'TrainableParams': {'weight': [16384, 2048]}, 'Outputs': [[99, 16384]]}
0.0%	1.208 μs	1	1.208 μs	1.208 μs	1.208 μs	1.208 μs	0 ns	PushPop	:{'Module': 'LlamaForCausalLM.logits_processor', 'Outputs': [[49, 128256]]}
0.0%	1.208 μs	1	1.208 μs	1.208 μs	1.208 μs	1.208 μs	0 ns	PushPop	:{'Module': 'LlamaForCausalLM.model.layers.0.self_attn', 'Outputs': [[20, 2048]]}
0.0%	1.208 μs	1	1.208 μs	1.208 μs	1.208 μs	1.208 μs	0 ns	PushPop	:{'Module': 'LlamaForCausalLM.model.layers.3.self_attn.qkv_proj', 'TrainableParams': {'weight': [3072, 2048]}, 'Outputs': [[16, 3072]]}
0.0%	1.208 μs	1	1.208 μs	1.208 μs	1.208 μs	1.208 μs	0 ns	PushPop	:{'Module': 'LlamaForCausalLM.model.layers.7.self_attn.attn', 'Outputs': [[4, 2048]]}
0.0%	1.208 μs	1	1.208 μs	1.208 μs	1.208 μs	1.208 μs	0 ns	PushPop	:{'Module': 'LlamaForCausalLM.model.layers.9.mlp.down_proj', 'TrainableParams': {'weight': [2048, 8192]}, 'Outputs': [[68, 2048]]}
0.0%	1.207 μs	1	1.207 μs	1.207 μs	1.207 μs	1.207 μs	0 ns	PushPop	:{'Module': 'LlamaForCausalLM.model.layers.5.input_layernorm', 'TrainableParams': {'weight': [2048]}, 'Outputs': [[4, 2048], [4, 2048]]}
0.0%	1.207 μs	1	1.207 μs	1.207 μs	1.207 μs	1.207 μs	0 ns	PushPop	:{'Module': 'LlamaForCausalLM.model.layers.6.input_layernorm', 'TrainableParams': {'weight': [2048]}, 'Outputs': [[68, 2048], [68, 2048]]}
0.0%	1.207 μs	1	1.207 μs	1.207 μs	1.207 μs	1.207 μs	0 ns	PushPop	:{'Module': 'LlamaForCausalLM.model.layers.8.mlp.down_proj', 'TrainableParams': {'weight': [2048, 8192]}, 'Outputs': [[36, 2048]]}
0.0%	1.206 μs	1	1.206 μs	1.206 μs	1.206 μs	1.206 μs	0 ns	PushPop	:{'Module': 'LlamaForCausalLM.model.layers.10.mlp.down_proj', 'TrainableParams': {'weight': [2048, 8192]}, 'Outputs': [[4, 2048]]}
0.0%	1.206 μs	1	1.206 μs	1.206 μs	1.206 μs	1.206 μs	0 ns	PushPop	:{'Module': 'LlamaForCausalLM.model.layers.10.self_attn.attn', 'Outputs': [[84, 2048]]}
0.0%	1.206 μs	1	1.206 μs	1.206 μs	1.206 μs	1.206 μs	0 ns	PushPop	:{'Module': 'LlamaForCausalLM.model.layers.2.mlp.down_proj', 'TrainableParams': {'weight': [2048, 8192]}, 'Outputs': [[4, 2048]]}
0.0%	1.206 μs	1	1.206 μs	1.206 μs	1.206 μs	1.206 μs	0 ns	PushPop	:{'Module': 'LlamaForCausalLM.model.layers.2.self_attn.o_proj', 'TrainableParams': {'weight': [2048, 2048]}, 'Outputs': [[84, 2048]]}
0.0%	1.206 μs	1	1.206 μs	1.206 μs	1.206 μs	1.206 μs	0 ns	PushPop	:{'Module': 'LlamaForCausalLM.model.layers.4.mlp.down_proj', 'TrainableParams': {'weight': [2048, 8192]}, 'Outputs': [[1873, 2048]]}
0.0%	1.206 μs	1	1.206 μs	1.206 μs	1.206 μs	1.206 μs	0 ns	PushPop	:{'Module': 'LlamaForCausalLM.model.layers.6.post_attention_layernorm', 'TrainableParams': {'weight': [2048]}, 'Outputs': [[68, 2048], [68, 2048]]}
0.0%	1.205 μs	1	1.205 μs	1.205 μs	1.205 μs	1.205 μs	0 ns	PushPop	:{'Module': 'LlamaForCausalLM.model.layers.1.mlp.down_proj', 'TrainableParams': {'weight': [2048, 8192]}, 'Outputs': [[68, 2048]]}
0.0%	1.205 μs	1	1.205 μs	1.205 μs	1.205 μs	1.205 μs	0 ns	PushPop	:{'Module': 'LlamaForCausalLM.model.layers.13.mlp.gate_up_proj', 'TrainableParams': {'weight': [16384, 2048]}, 'Outputs': [[256, 16384]]}
0.0%	1.205 μs	1	1.205 μs	1.205 μs	1.205 μs	1.205 μs	0 ns	PushPop	:{'Module': 'LlamaForCausalLM.model.layers.15.input_layernorm', 'TrainableParams': {'weight': [2048]}, 'Outputs': [[84, 2048], [84, 2048]]}
0.0%	1.205 μs	1	1.205 μs	1.205 μs	1.205 μs	1.205 μs	0 ns	PushPop	:{'Module': 'LlamaForCausalLM.model.layers.9.mlp.act_fn', 'Outputs': [[512, 8192]]}
0.0%	1.205 μs	1	1.205 μs	1.205 μs	1.205 μs	1.205 μs	0 ns	PushPop	:{'Module': 'LlamaForCausalLM.model.layers.9.self_attn.qkv_proj', 'TrainableParams': {'weight': [3072, 2048]}, 'Outputs': [[84, 3072]]}
0.0%	1.204 μs	1	1.204 μs	1.204 μs	1.204 μs	1.204 μs	0 ns	PushPop	:{'Module': 'LlamaForCausalLM.model.layers.10.post_attention_layernorm', 'TrainableParams': {'weight': [2048]}, 'Outputs': [[84, 2048], [84, 2048]]}
0.0%	1.204 μs	1	1.204 μs	1.204 μs	1.204 μs	1.204 μs	0 ns	PushPop	:{'Module': 'LlamaForCausalLM.model.layers.15.self_attn.qkv_proj', 'TrainableParams': {'weight': [3072, 2048]}, 'Outputs': [[1873, 3072]]}
0.0%	1.203 μs	1	1.203 μs	1.203 μs	1.203 μs	1.203 μs	0 ns	PushPop	:{'Module': 'LlamaForCausalLM.model.layers.14.post_attention_layernorm', 'TrainableParams': {'weight': [2048]}, 'Outputs': [[68, 2048], [68, 2048]]}
0.0%	1.203 μs	1	1.203 μs	1.203 μs	1.203 μs	1.203 μs	0 ns	PushPop	:{'Module': 'LlamaForCausalLM.model.layers.15.self_attn.o_proj', 'TrainableParams': {'weight': [2048, 2048]}, 'Outputs': [[1873, 2048]]}
0.0%	1.203 μs	1	1.203 μs	1.203 μs	1.203 μs	1.203 μs	0 ns	PushPop	:{'Module': 'LlamaForCausalLM.model.layers.2.self_attn.o_proj', 'TrainableParams': {'weight': [2048, 2048]}, 'Outputs': [[36, 2048]]}
0.0%	1.203 μs	1	1.203 μs	1.203 μs	1.203 μs	1.203 μs	0 ns	PushPop	:{'Module': 'LlamaForCausalLM.model.layers.3.mlp.gate_up_proj', 'TrainableParams': {'weight': [16384, 2048]}, 'Outputs': [[99, 16384]]}
0.0%	1.203 μs	1	1.203 μs	1.203 μs	1.203 μs	1.203 μs	0 ns	PushPop	:{'Module': 'LlamaForCausalLM.model.layers.7.self_attn.qkv_proj', 'TrainableParams': {'weight': [3072, 2048]}, 'Outputs': [[68, 3072]]}
0.0%	1.203 μs	1	1.203 μs	1.203 μs	1.203 μs	1.203 μs	0 ns	PushPop	:{'Module': 'LlamaForCausalLM.model.layers.9.mlp.down_proj', 'TrainableParams': {'weight': [2048, 8192]}, 'Outputs': [[20, 2048]]}
0.0%	1.202 μs	1	1.202 μs	1.202 μs	1.202 μs	1.202 μs	0 ns	PushPop	:{'Module': 'LlamaForCausalLM.model.layers.11.self_attn.qkv_proj', 'TrainableParams': {'weight': [3072, 2048]}, 'Outputs': [[1873, 3072]]}
0.0%	1.202 μs	1	1.202 μs	1.202 μs	1.202 μs	1.202 μs	0 ns	PushPop	:{'Module': 'LlamaForCausalLM.model.layers.2.post_attention_layernorm', 'TrainableParams': {'weight': [2048]}, 'Outputs': [[52, 2048], [52, 2048]]}
0.0%	1.202 μs	1	1.202 μs	1.202 μs	1.202 μs	1.202 μs	0 ns	PushPop	:{'Module': 'LlamaForCausalLM.model.layers.6.input_layernorm', 'TrainableParams': {'weight': [2048]}, 'Outputs': [[256, 2048], [256, 2048]]}
0.0%	1.200 μs	1	1.200 μs	1.200 μs	1.200 μs	1.200 μs	0 ns	PushPop	:{'Module': 'LlamaForCausalLM.model.layers.10.post_attention_layernorm', 'TrainableParams': {'weight': [2048]}, 'Outputs': [[68, 2048], [68, 2048]]}
0.0%	1.200 μs	1	1.200 μs	1.200 μs	1.200 μs	1.200 μs	0 ns	PushPop	:{'Module': 'LlamaForCausalLM.model.layers.12.self_attn.o_proj', 'TrainableParams': {'weight': [2048, 2048]}, 'Outputs': [[4, 2048]]}
0.0%	1.200 μs	1	1.200 μs	1.200 μs	1.200 μs	1.200 μs	0 ns	PushPop	:{'Module': 'LlamaForCausalLM.model.layers.13.input_layernorm', 'TrainableParams': {'weight': [2048]}, 'Outputs': [[84, 2048], [84, 2048]]}
0.0%	1.200 μs	1	1.200 μs	1.200 μs	1.200 μs	1.200 μs	0 ns	PushPop	:{'Module': 'LlamaForCausalLM.model.layers.14.self_attn.o_proj', 'TrainableParams': {'weight': [2048, 2048]}, 'Outputs': [[36, 2048]]}
0.0%	1.200 μs	1	1.200 μs	1.200 μs	1.200 μs	1.200 μs	0 ns	PushPop	:{'Module': 'LlamaForCausalLM.model.layers.3.self_attn.o_proj', 'TrainableParams': {'weight': [2048, 2048]}, 'Outputs': [[4, 2048]]}
0.0%	1.199 μs	1	1.199 μs	1.199 μs	1.199 μs	1.199 μs	0 ns	PushPop	:{'Module': 'LlamaForCausalLM.model.layers.3.self_attn.qkv_proj', 'TrainableParams': {'weight': [3072, 2048]}, 'Outputs': [[20, 3072]]}
0.0%	1.199 μs	1	1.199 μs	1.199 μs	1.199 μs	1.199 μs	0 ns	PushPop	:{'Module': 'LlamaForCausalLM.model.layers.3.self_attn.qkv_proj', 'TrainableParams': {'weight': [3072, 2048]}, 'Outputs': [[84, 3072]]}
0.0%	1.198 μs	1	1.198 μs	1.198 μs	1.198 μs	1.198 μs	0 ns	PushPop	:{'Module': 'LlamaForCausalLM.model.layers.0.post_attention_layernorm', 'TrainableParams': {'weight': [2048]}, 'Outputs': [[99, 2048], [99, 2048]]}
0.0%	1.198 μs	1	1.198 μs	1.198 μs	1.198 μs	1.198 μs	0 ns	PushPop	:{'Module': 'LlamaForCausalLM.model.layers.10.input_layernorm', 'TrainableParams': {'weight': [2048]}, 'Outputs': [[68, 2048], [68, 2048]]}
0.0%	1.198 μs	1	1.198 μs	1.198 μs	1.198 μs	1.198 μs	0 ns	PushPop	:{'Module': 'LlamaForCausalLM.model.layers.11.self_attn.qkv_proj', 'TrainableParams': {'weight': [3072, 2048]}, 'Outputs': [[68, 3072]]}
0.0%	1.198 μs	1	1.198 μs	1.198 μs	1.198 μs	1.198 μs	0 ns	PushPop	:{'Module': 'LlamaForCausalLM.model.layers.12.mlp.down_proj', 'TrainableParams': {'weight': [2048, 8192]}, 'Outputs': [[1873, 2048]]}
0.0%	1.197 μs	1	1.197 μs	1.197 μs	1.197 μs	1.197 μs	0 ns	PushPop	:{'Module': 'LlamaForCausalLM.model.layers.10.mlp.gate_up_proj', 'TrainableParams': {'weight': [16384, 2048]}, 'Outputs': [[20, 16384]]}
0.0%	1.197 μs	1	1.197 μs	1.197 μs	1.197 μs	1.197 μs	0 ns	PushPop	:{'Module': 'LlamaForCausalLM.model.layers.15.input_layernorm', 'TrainableParams': {'weight': [2048]}, 'Outputs': [[99, 2048], [99, 2048]]}
0.0%	1.197 μs	1	1.197 μs	1.197 μs	1.197 μs	1.197 μs	0 ns	PushPop	:{'Module': 'LlamaForCausalLM.model.layers.3.mlp.gate_up_proj', 'TrainableParams': {'weight': [16384, 2048]}, 'Outputs': [[52, 16384]]}
0.0%	1.197 μs	1	1.197 μs	1.197 μs	1.197 μs	1.197 μs	0 ns	PushPop	:{'Module': 'LlamaForCausalLM.model.layers.8.post_attention_layernorm', 'TrainableParams': {'weight': [2048]}, 'Outputs': [[4, 2048], [4, 2048]]}
0.0%	1.196 μs	1	1.196 μs	1.196 μs	1.196 μs	1.196 μs	0 ns	PushPop	:{'Module': 'LlamaForCausalLM.model.layers.10.self_attn.o_proj', 'TrainableParams': {'weight': [2048, 2048]}, 'Outputs': [[52, 2048]]}
0.0%	1.196 μs	1	1.196 μs	1.196 μs	1.196 μs	1.196 μs	0 ns	PushPop	:{'Module': 'LlamaForCausalLM.model.layers.13.post_attention_layernorm', 'TrainableParams': {'weight': [2048]}, 'Outputs': [[1873, 2048], [1873, 2048]]}
0.0%	1.196 μs	1	1.196 μs	1.196 μs	1.196 μs	1.196 μs	0 ns	PushPop	:{'Module': 'LlamaForCausalLM.model.layers.3.input_layernorm', 'TrainableParams': {'weight': [2048]}, 'Outputs': [[84, 2048], [84, 2048]]}
0.0%	1.196 μs	1	1.196 μs	1.196 μs	1.196 μs	1.196 μs	0 ns	PushPop	:{'Module': 'LlamaForCausalLM.model.layers.9.input_layernorm', 'TrainableParams': {'weight': [2048]}, 'Outputs': [[36, 2048], [36, 2048]]}
0.0%	1.195 μs	1	1.195 μs	1.195 μs	1.195 μs	1.195 μs	0 ns	PushPop	:{'Module': 'LlamaForCausalLM.logits_processor', 'Outputs': [[97, 128256]]}
0.0%	1.195 μs	1	1.195 μs	1.195 μs	1.195 μs	1.195 μs	0 ns	PushPop	:{'Module': 'LlamaForCausalLM.model.layers.10.mlp.down_proj', 'TrainableParams': {'weight': [2048, 8192]}, 'Outputs': [[68, 2048]]}
0.0%	1.195 μs	1	1.195 μs	1.195 μs	1.195 μs	1.195 μs	0 ns	PushPop	:{'Module': 'LlamaForCausalLM.model.layers.5', 'Outputs': [[16, 2048], [16, 2048]]}
0.0%	1.194 μs	1	1.194 μs	1.194 μs	1.194 μs	1.194 μs	0 ns	PushPop	:{'Module': 'LlamaForCausalLM.model.layers.1.self_attn.o_proj', 'TrainableParams': {'weight': [2048, 2048]}, 'Outputs': [[36, 2048]]}
0.0%	1.194 μs	1	1.194 μs	1.194 μs	1.194 μs	1.194 μs	0 ns	PushPop	:{'Module': 'LlamaForCausalLM.model.layers.13.mlp.down_proj', 'TrainableParams': {'weight': [2048, 8192]}, 'Outputs': [[84, 2048]]}
0.0%	1.193 μs	1	1.193 μs	1.193 μs	1.193 μs	1.193 μs	0 ns	PushPop	:{'Module': 'LlamaForCausalLM.model.layers.1.input_layernorm', 'TrainableParams': {'weight': [2048]}, 'Outputs': [[16, 2048], [16, 2048]]}
0.0%	1.193 μs	1	1.193 μs	1.193 μs	1.193 μs	1.193 μs	0 ns	PushPop	:{'Module': 'LlamaForCausalLM.model.layers.14.self_attn.o_proj', 'TrainableParams': {'weight': [2048, 2048]}, 'Outputs': [[68, 2048]]}
0.0%	1.193 μs	1	1.193 μs	1.193 μs	1.193 μs	1.193 μs	0 ns	PushPop	:{'Module': 'LlamaForCausalLM.model.layers.5.self_attn.o_proj', 'TrainableParams': {'weight': [2048, 2048]}, 'Outputs': [[99, 2048]]}
0.0%	1.193 μs	1	1.193 μs	1.193 μs	1.193 μs	1.193 μs	0 ns	PushPop	:{'Module': 'LlamaForCausalLM.model.layers.7.self_attn.o_proj', 'TrainableParams': {'weight': [2048, 2048]}, 'Outputs': [[1873, 2048]]}
0.0%	1.193 μs	1	1.193 μs	1.193 μs	1.193 μs	1.193 μs	0 ns	PushPop	:{'Module': 'LlamaForCausalLM.model.layers.8.mlp.gate_up_proj', 'TrainableParams': {'weight': [16384, 2048]}, 'Outputs': [[4, 16384]]}
0.0%	1.192 μs	1	1.192 μs	1.192 μs	1.192 μs	1.192 μs	0 ns	PushPop	:{'Module': 'LlamaForCausalLM.model.layers.1.post_attention_layernorm', 'TrainableParams': {'weight': [2048]}, 'Outputs': [[99, 2048], [99, 2048]]}
0.0%	1.192 μs	1	1.192 μs	1.192 μs	1.192 μs	1.192 μs	0 ns	PushPop	:{'Module': 'LlamaForCausalLM.model.layers.11.self_attn.qkv_proj', 'TrainableParams': {'weight': [3072, 2048]}, 'Outputs': [[99, 3072]]}
0.0%	1.192 μs	1	1.192 μs	1.192 μs	1.192 μs	1.192 μs	0 ns	PushPop	:{'Module': 'LlamaForCausalLM.model.layers.12.mlp.act_fn', 'Outputs': [[16, 8192]]}
0.0%	1.192 μs	1	1.192 μs	1.192 μs	1.192 μs	1.192 μs	0 ns	PushPop	:{'Module': 'LlamaForCausalLM.model.layers.13.self_attn.qkv_proj', 'TrainableParams': {'weight': [3072, 2048]}, 'Outputs': [[99, 3072]]}
0.0%	1.192 μs	1	1.192 μs	1.192 μs	1.192 μs	1.192 μs	0 ns	PushPop	:{'Module': 'LlamaForCausalLM.model.layers.2.mlp.act_fn', 'Outputs': [[512, 8192]]}
0.0%	1.192 μs	1	1.192 μs	1.192 μs	1.192 μs	1.192 μs	0 ns	PushPop	:{'Module': 'LlamaForCausalLM.model.layers.6.input_layernorm', 'TrainableParams': {'weight': [2048]}, 'Outputs': [[52, 2048], [52, 2048]]}
0.0%	1.192 μs	1	1.192 μs	1.192 μs	1.192 μs	1.192 μs	0 ns	PushPop	:{'Module': 'LlamaForCausalLM.model.layers.8.self_attn', 'Outputs': [[99, 2048]]}
0.0%	1.192 μs	1	1.192 μs	1.192 μs	1.192 μs	1.192 μs	0 ns	PushPop	:{'Module': 'LlamaForCausalLM.model.layers.9.self_attn.o_proj', 'TrainableParams': {'weight': [2048, 2048]}, 'Outputs': [[20, 2048]]}
0.0%	1.191 μs	1	1.191 μs	1.191 μs	1.191 μs	1.191 μs	0 ns	PushPop	:{'Module': 'LlamaForCausalLM.model.layers.15.self_attn.o_proj', 'TrainableParams': {'weight': [2048, 2048]}, 'Outputs': [[20, 2048]]}
0.0%	1.191 μs	1	1.191 μs	1.191 μs	1.191 μs	1.191 μs	0 ns	PushPop	:{'Module': 'LlamaForCausalLM.model.layers.9.self_attn.qkv_proj', 'TrainableParams': {'weight': [3072, 2048]}, 'Outputs': [[36, 3072]]}
0.0%	1.190 μs	1	1.190 μs	1.190 μs	1.190 μs	1.190 μs	0 ns	PushPop	:{'Module': 'LlamaForCausalLM.logits_processor', 'Outputs': [[36, 128256]]}
0.0%	1.190 μs	1	1.190 μs	1.190 μs	1.190 μs	1.190 μs	0 ns	PushPop	:{'Module': 'LlamaForCausalLM.model.layers.13.self_attn.o_proj', 'TrainableParams': {'weight': [2048, 2048]}, 'Outputs': [[52, 2048]]}
0.0%	1.190 μs	1	1.190 μs	1.190 μs	1.190 μs	1.190 μs	0 ns	PushPop	:{'Module': 'LlamaForCausalLM.model.layers.3.input_layernorm', 'TrainableParams': {'weight': [2048]}, 'Outputs': [[36, 2048], [36, 2048]]}
0.0%	1.190 μs	1	1.190 μs	1.190 μs	1.190 μs	1.190 μs	0 ns	PushPop	:{'Module': 'LlamaForCausalLM.model.layers.6.mlp.down_proj', 'TrainableParams': {'weight': [2048, 8192]}, 'Outputs': [[68, 2048]]}
0.0%	1.189 μs	1	1.189 μs	1.189 μs	1.189 μs	1.189 μs	0 ns	PushPop	:{'Module': 'LlamaForCausalLM.model.layers.0.mlp', 'Outputs': [[4, 2048]]}
0.0%	1.189 μs	1	1.189 μs	1.189 μs	1.189 μs	1.189 μs	0 ns	PushPop	:{'Module': 'LlamaForCausalLM.model.layers.1.mlp.down_proj', 'TrainableParams': {'weight': [2048, 8192]}, 'Outputs': [[84, 2048]]}
0.0%	1.189 μs	1	1.189 μs	1.189 μs	1.189 μs	1.189 μs	0 ns	PushPop	:{'Module': 'LlamaForCausalLM.model.layers.11.self_attn', 'Outputs': [[16, 2048]]}
0.0%	1.189 μs	1	1.189 μs	1.189 μs	1.189 μs	1.189 μs	0 ns	PushPop	:{'Module': 'LlamaForCausalLM.model.layers.12.post_attention_layernorm', 'TrainableParams': {'weight': [2048]}, 'Outputs': [[68, 2048], [68, 2048]]}
0.0%	1.189 μs	1	1.189 μs	1.189 μs	1.189 μs	1.189 μs	0 ns	PushPop	:{'Module': 'LlamaForCausalLM.model.layers.3.input_layernorm', 'TrainableParams': {'weight': [2048]}, 'Outputs': [[99, 2048], [99, 2048]]}
0.0%	1.189 μs	1	1.189 μs	1.189 μs	1.189 μs	1.189 μs	0 ns	PushPop	:{'Module': 'LlamaForCausalLM.model.layers.4', 'Outputs': [[512, 2048], [512, 2048]]}
0.0%	1.189 μs	1	1.189 μs	1.189 μs	1.189 μs	1.189 μs	0 ns	PushPop	:{'Module': 'LlamaForCausalLM.model.layers.7.self_attn.o_proj', 'TrainableParams': {'weight': [2048, 2048]}, 'Outputs': [[20, 2048]]}
0.0%	1.189 μs	1	1.189 μs	1.189 μs	1.189 μs	1.189 μs	0 ns	PushPop	:{'Module': 'LlamaForCausalLM.model.layers.9.input_layernorm', 'TrainableParams': {'weight': [2048]}, 'Outputs': [[4, 2048], [4, 2048]]}
0.0%	1.189 μs	1	1.189 μs	1.189 μs	1.189 μs	1.189 μs	0 ns	PushPop	:{'Module': 'LlamaForCausalLM.model.layers.9.mlp.down_proj', 'TrainableParams': {'weight': [2048, 8192]}, 'Outputs': [[1873, 2048]]}
0.0%	1.188 μs	1	1.188 μs	1.188 μs	1.188 μs	1.188 μs	0 ns	PushPop	:{'Module': 'LlamaForCausalLM.model.layers.6.self_attn.o_proj', 'TrainableParams': {'weight': [2048, 2048]}, 'Outputs': [[256, 2048]]}
0.0%	1.188 μs	1	1.188 μs	1.188 μs	1.188 μs	1.188 μs	0 ns	PushPop	:{'Module': 'LlamaForCausalLM.model.layers.7.mlp.gate_up_proj', 'TrainableParams': {'weight': [16384, 2048]}, 'Outputs': [[84, 16384]]}
0.0%	1.188 μs	1	1.188 μs	1.188 μs	1.188 μs	1.188 μs	0 ns	PushPop	:{'Module': 'LlamaForCausalLM.model.layers.7.self_attn.qkv_proj', 'TrainableParams': {'weight': [3072, 2048]}, 'Outputs': [[84, 3072]]}
0.0%	1.187 μs	1	1.187 μs	1.187 μs	1.187 μs	1.187 μs	0 ns	PushPop	:{'Module': 'LlamaForCausalLM.model.layers.2.mlp.gate_up_proj', 'TrainableParams': {'weight': [16384, 2048]}, 'Outputs': [[52, 16384]]}
0.0%	1.187 μs	1	1.187 μs	1.187 μs	1.187 μs	1.187 μs	0 ns	PushPop	:{'Module': 'LlamaForCausalLM.model.layers.2.post_attention_layernorm', 'TrainableParams': {'weight': [2048]}, 'Outputs': [[20, 2048], [20, 2048]]}
0.0%	1.187 μs	1	1.187 μs	1.187 μs	1.187 μs	1.187 μs	0 ns	PushPop	:{'Module': 'LlamaForCausalLM.model.layers.7.mlp.gate_up_proj', 'TrainableParams': {'weight': [16384, 2048]}, 'Outputs': [[52, 16384]]}
0.0%	1.186 μs	1	1.186 μs	1.186 μs	1.186 μs	1.186 μs	0 ns	PushPop	:{'Module': 'LlamaForCausalLM.model.layers.10.post_attention_layernorm', 'TrainableParams': {'weight': [2048]}, 'Outputs': [[20, 2048], [20, 2048]]}
0.0%	1.186 μs	1	1.186 μs	1.186 μs	1.186 μs	1.186 μs	0 ns	PushPop	:{'Module': 'LlamaForCausalLM.model.layers.13.mlp.down_proj', 'TrainableParams': {'weight': [2048, 8192]}, 'Outputs': [[99, 2048]]}
0.0%	1.186 μs	1	1.186 μs	1.186 μs	1.186 μs	1.186 μs	0 ns	PushPop	:{'Module': 'LlamaForCausalLM.model.layers.3.mlp.down_proj', 'TrainableParams': {'weight': [2048, 8192]}, 'Outputs': [[4, 2048]]}
0.0%	1.186 μs	1	1.186 μs	1.186 μs	1.186 μs	1.186 μs	0 ns	PushPop	:{'Module': 'LlamaForCausalLM.model.layers.4.mlp.gate_up_proj', 'TrainableParams': {'weight': [16384, 2048]}, 'Outputs': [[68, 16384]]}
0.0%	1.186 μs	1	1.186 μs	1.186 μs	1.186 μs	1.186 μs	0 ns	PushPop	:{'Module': 'LlamaForCausalLM.model.layers.6.self_attn', 'Outputs': [[512, 2048]]}
0.0%	1.185 μs	1	1.185 μs	1.185 μs	1.185 μs	1.185 μs	0 ns	PushPop	:{'Module': 'LlamaForCausalLM.model.layers.13.post_attention_layernorm', 'TrainableParams': {'weight': [2048]}, 'Outputs': [[68, 2048], [68, 2048]]}
0.0%	1.185 μs	1	1.185 μs	1.185 μs	1.185 μs	1.185 μs	0 ns	PushPop	:{'Module': 'LlamaForCausalLM.model.layers.15.post_attention_layernorm', 'TrainableParams': {'weight': [2048]}, 'Outputs': [[4, 2048], [4, 2048]]}
0.0%	1.185 μs	1	1.185 μs	1.185 μs	1.185 μs	1.185 μs	0 ns	PushPop	:{'Module': 'LlamaForCausalLM.model.layers.4.self_attn.o_proj', 'TrainableParams': {'weight': [2048, 2048]}, 'Outputs': [[4, 2048]]}
0.0%	1.184 μs	1	1.184 μs	1.184 μs	1.184 μs	1.184 μs	0 ns	PushPop	:{'Module': 'LlamaForCausalLM.model.layers.0.self_attn', 'Outputs': [[99, 2048]]}
0.0%	1.184 μs	1	1.184 μs	1.184 μs	1.184 μs	1.184 μs	0 ns	PushPop	:{'Module': 'LlamaForCausalLM.model.layers.13.mlp.down_proj', 'TrainableParams': {'weight': [2048, 8192]}, 'Outputs': [[68, 2048]]}
0.0%	1.183 μs	1	1.183 μs	1.183 μs	1.183 μs	1.183 μs	0 ns	PushPop	:{'Module': 'LlamaForCausalLM.model.layers.11.post_attention_layernorm', 'TrainableParams': {'weight': [2048]}, 'Outputs': [[99, 2048], [99, 2048]]}
0.0%	1.183 μs	1	1.183 μs	1.183 μs	1.183 μs	1.183 μs	0 ns	PushPop	:{'Module': 'LlamaForCausalLM.model.layers.12.mlp.gate_up_proj', 'TrainableParams': {'weight': [16384, 2048]}, 'Outputs': [[16, 16384]]}
0.0%	1.183 μs	1	1.183 μs	1.183 μs	1.183 μs	1.183 μs	0 ns	PushPop	:{'Module': 'LlamaForCausalLM.model.layers.3.self_attn', 'Outputs': [[512, 2048]]}
0.0%	1.183 μs	1	1.183 μs	1.183 μs	1.183 μs	1.183 μs	0 ns	PushPop	:{'Module': 'LlamaForCausalLM.model.layers.4.mlp.down_proj', 'TrainableParams': {'weight': [2048, 8192]}, 'Outputs': [[36, 2048]]}
0.0%	1.183 μs	1	1.183 μs	1.183 μs	1.183 μs	1.183 μs	0 ns	PushPop	:{'Module': 'LlamaForCausalLM.model.layers.6.self_attn.qkv_proj', 'TrainableParams': {'weight': [3072, 2048]}, 'Outputs': [[4, 3072]]}
0.0%	1.182 μs	1	1.182 μs	1.182 μs	1.182 μs	1.182 μs	0 ns	PushPop	:{'Module': 'LlamaForCausalLM.model.layers.0.input_layernorm', 'TrainableParams': {'weight': [2048]}, 'Outputs': [[68, 2048]]}
0.0%	1.182 μs	1	1.182 μs	1.182 μs	1.182 μs	1.182 μs	0 ns	PushPop	:{'Module': 'LlamaForCausalLM.model.layers.12', 'Outputs': [[512, 2048], [512, 2048]]}
0.0%	1.182 μs	1	1.182 μs	1.182 μs	1.182 μs	1.182 μs	0 ns	PushPop	:{'Module': 'LlamaForCausalLM.model.layers.3', 'Outputs': [[4, 2048], [4, 2048]]}
0.0%	1.181 μs	1	1.181 μs	1.181 μs	1.181 μs	1.181 μs	0 ns	PushPop	:{'Module': 'LlamaForCausalLM.model.layers.11.post_attention_layernorm', 'TrainableParams': {'weight': [2048]}, 'Outputs': [[68, 2048], [68, 2048]]}
0.0%	1.181 μs	1	1.181 μs	1.181 μs	1.181 μs	1.181 μs	0 ns	PushPop	:{'Module': 'LlamaForCausalLM.model.norm', 'TrainableParams': {'weight': [2048]}, 'Outputs': [[99, 2048], [99, 2048]]}
0.0%	1.180 μs	1	1.180 μs	1.180 μs	1.180 μs	1.180 μs	0 ns	PushPop	:{'Module': 'LlamaForCausalLM.model.layers.12.mlp.gate_up_proj', 'TrainableParams': {'weight': [16384, 2048]}, 'Outputs': [[99, 16384]]}
0.0%	1.180 μs	1	1.180 μs	1.180 μs	1.180 μs	1.180 μs	0 ns	PushPop	:{'Module': 'LlamaForCausalLM.model.layers.12.self_attn.o_proj', 'TrainableParams': {'weight': [2048, 2048]}, 'Outputs': [[36, 2048]]}
0.0%	1.180 μs	1	1.180 μs	1.180 μs	1.180 μs	1.180 μs	0 ns	PushPop	:{'Module': 'LlamaForCausalLM.model.layers.2.mlp.gate_up_proj', 'TrainableParams': {'weight': [16384, 2048]}, 'Outputs': [[68, 16384]]}
0.0%	1.180 μs	1	1.180 μs	1.180 μs	1.180 μs	1.180 μs	0 ns	PushPop	:{'Module': 'LlamaForCausalLM.model.layers.4.mlp.act_fn', 'Outputs': [[256, 8192]]}
0.0%	1.180 μs	1	1.180 μs	1.180 μs	1.180 μs	1.180 μs	0 ns	PushPop	:{'Module': 'LlamaForCausalLM.model.layers.6.mlp.down_proj', 'TrainableParams': {'weight': [2048, 8192]}, 'Outputs': [[16, 2048]]}
0.0%	1.180 μs	1	1.180 μs	1.180 μs	1.180 μs	1.180 μs	0 ns	PushPop	:{'Module': 'LlamaForCausalLM.model.layers.6.mlp.down_proj', 'TrainableParams': {'weight': [2048, 8192]}, 'Outputs': [[36, 2048]]}
0.0%	1.180 μs	1	1.180 μs	1.180 μs	1.180 μs	1.180 μs	0 ns	PushPop	:{'Module': 'LlamaForCausalLM.model.layers.8.post_attention_layernorm', 'TrainableParams': {'weight': [2048]}, 'Outputs': [[99, 2048], [99, 2048]]}
0.0%	1.179 μs	1	1.179 μs	1.179 μs	1.179 μs	1.179 μs	0 ns	PushPop	:{'Module': 'LlamaForCausalLM.model.layers.14.mlp.down_proj', 'TrainableParams': {'weight': [2048, 8192]}, 'Outputs': [[4, 2048]]}
0.0%	1.179 μs	1	1.179 μs	1.179 μs	1.179 μs	1.179 μs	0 ns	PushPop	:{'Module': 'LlamaForCausalLM.model.layers.5.self_attn.qkv_proj', 'TrainableParams': {'weight': [3072, 2048]}, 'Outputs': [[256, 3072]]}
0.0%	1.179 μs	1	1.179 μs	1.179 μs	1.179 μs	1.179 μs	0 ns	PushPop	:{'Module': 'LlamaForCausalLM.model.layers.7.post_attention_layernorm', 'TrainableParams': {'weight': [2048]}, 'Outputs': [[84, 2048], [84, 2048]]}
0.0%	1.178 μs	1	1.178 μs	1.178 μs	1.178 μs	1.178 μs	0 ns	PushPop	:{'Module': 'LlamaForCausalLM.model.layers.0.mlp', 'Outputs': [[52, 2048]]}
0.0%	1.178 μs	1	1.178 μs	1.178 μs	1.178 μs	1.178 μs	0 ns	PushPop	:{'Module': 'LlamaForCausalLM.model.layers.3.self_attn.o_proj', 'TrainableParams': {'weight': [2048, 2048]}, 'Outputs': [[20, 2048]]}
0.0%	1.177 μs	1	1.177 μs	1.177 μs	1.177 μs	1.177 μs	0 ns	PushPop	:{'Module': 'LlamaForCausalLM.model.layers.10.mlp.gate_up_proj', 'TrainableParams': {'weight': [16384, 2048]}, 'Outputs': [[68, 16384]]}
0.0%	1.176 μs	1	1.176 μs	1.176 μs	1.176 μs	1.176 μs	0 ns	PushPop	:{'Module': 'LlamaForCausalLM.model.layers.0.mlp.act_fn', 'Outputs': [[16, 8192]]}
0.0%	1.176 μs	1	1.176 μs	1.176 μs	1.176 μs	1.176 μs	0 ns	PushPop	:{'Module': 'LlamaForCausalLM.model.layers.1.post_attention_layernorm', 'TrainableParams': {'weight': [2048]}, 'Outputs': [[84, 2048], [84, 2048]]}
0.0%	1.176 μs	1	1.176 μs	1.176 μs	1.176 μs	1.176 μs	0 ns	PushPop	:{'Module': 'LlamaForCausalLM.model.layers.2.self_attn', 'Outputs': [[84, 2048]]}
0.0%	1.176 μs	1	1.176 μs	1.176 μs	1.176 μs	1.176 μs	0 ns	PushPop	:{'Module': 'LlamaForCausalLM.model.layers.8.mlp.gate_up_proj', 'TrainableParams': {'weight': [16384, 2048]}, 'Outputs': [[84, 16384]]}
0.0%	1.176 μs	1	1.176 μs	1.176 μs	1.176 μs	1.176 μs	0 ns	PushPop	:{'Module': 'LlamaForCausalLM.model.layers.9.mlp.act_fn', 'Outputs': [[99, 8192]]}
0.0%	1.175 μs	1	1.175 μs	1.175 μs	1.175 μs	1.175 μs	0 ns	PushPop	:{'Module': 'LlamaForCausalLM.model.layers.12.self_attn.o_proj', 'TrainableParams': {'weight': [2048, 2048]}, 'Outputs': [[20, 2048]]}
0.0%	1.175 μs	1	1.175 μs	1.175 μs	1.175 μs	1.175 μs	0 ns	PushPop	:{'Module': 'LlamaForCausalLM.model.layers.2.self_attn', 'Outputs': [[99, 2048]]}
0.0%	1.175 μs	1	1.175 μs	1.175 μs	1.175 μs	1.175 μs	0 ns	PushPop	:{'Module': 'LlamaForCausalLM.model.layers.5.mlp.act_fn', 'Outputs': [[99, 8192]]}
0.0%	1.175 μs	1	1.175 μs	1.175 μs	1.175 μs	1.175 μs	0 ns	PushPop	:{'Module': 'LlamaForCausalLM.model.layers.6.mlp.down_proj', 'TrainableParams': {'weight': [2048, 8192]}, 'Outputs': [[4, 2048]]}
0.0%	1.175 μs	1	1.175 μs	1.175 μs	1.175 μs	1.175 μs	0 ns	PushPop	:{'Module': 'LlamaForCausalLM.model.layers.6.post_attention_layernorm', 'TrainableParams': {'weight': [2048]}, 'Outputs': [[84, 2048], [84, 2048]]}
0.0%	1.174 μs	1	1.174 μs	1.174 μs	1.174 μs	1.174 μs	0 ns	PushPop	:{'Module': 'LlamaForCausalLM.model.layers.11.self_attn.o_proj', 'TrainableParams': {'weight': [2048, 2048]}, 'Outputs': [[20, 2048]]}
0.0%	1.174 μs	1	1.174 μs	1.174 μs	1.174 μs	1.174 μs	0 ns	PushPop	:{'Module': 'LlamaForCausalLM.model.layers.14.post_attention_layernorm', 'TrainableParams': {'weight': [2048]}, 'Outputs': [[36, 2048], [36, 2048]]}
0.0%	1.174 μs	1	1.174 μs	1.174 μs	1.174 μs	1.174 μs	0 ns	PushPop	:{'Module': 'LlamaForCausalLM.model.layers.5.self_attn.o_proj', 'TrainableParams': {'weight': [2048, 2048]}, 'Outputs': [[20, 2048]]}
0.0%	1.174 μs	1	1.174 μs	1.174 μs	1.174 μs	1.174 μs	0 ns	PushPop	:{'Module': 'LlamaForCausalLM.model.layers.7.self_attn.o_proj', 'TrainableParams': {'weight': [2048, 2048]}, 'Outputs': [[4, 2048]]}
0.0%	1.174 μs	1	1.174 μs	1.174 μs	1.174 μs	1.174 μs	0 ns	PushPop	:{'Module': 'LlamaForCausalLM.model.layers.8.mlp.gate_up_proj', 'TrainableParams': {'weight': [16384, 2048]}, 'Outputs': [[256, 16384]]}
0.0%	1.174 μs	1	1.174 μs	1.174 μs	1.174 μs	1.174 μs	0 ns	PushPop	:{'Module': 'LlamaForCausalLM.model.layers.8.mlp.gate_up_proj', 'TrainableParams': {'weight': [16384, 2048]}, 'Outputs': [[36, 16384]]}
0.0%	1.174 μs	1	1.174 μs	1.174 μs	1.174 μs	1.174 μs	0 ns	PushPop	:{'Module': 'LlamaForCausalLM.model.layers.9.mlp.gate_up_proj', 'TrainableParams': {'weight': [16384, 2048]}, 'Outputs': [[1873, 16384]]}
0.0%	1.173 μs	1	1.173 μs	1.173 μs	1.173 μs	1.173 μs	0 ns	PushPop	:{'Module': 'LlamaForCausalLM.model.layers.10.self_attn.qkv_proj', 'TrainableParams': {'weight': [3072, 2048]}, 'Outputs': [[256, 3072]]}
0.0%	1.173 μs	1	1.173 μs	1.173 μs	1.173 μs	1.173 μs	0 ns	PushPop	:{'Module': 'LlamaForCausalLM.model.layers.4.self_attn.o_proj', 'TrainableParams': {'weight': [2048, 2048]}, 'Outputs': [[52, 2048]]}
0.0%	1.173 μs	1	1.173 μs	1.173 μs	1.173 μs	1.173 μs	0 ns	PushPop	:{'Module': 'LlamaForCausalLM.model.layers.9.input_layernorm', 'TrainableParams': {'weight': [2048]}, 'Outputs': [[68, 2048], [68, 2048]]}
0.0%	1.173 μs	1	1.173 μs	1.173 μs	1.173 μs	1.173 μs	0 ns	PushPop	:{'Module': 'LlamaForCausalLM.model.layers.9.mlp.down_proj', 'TrainableParams': {'weight': [2048, 8192]}, 'Outputs': [[16, 2048]]}
0.0%	1.172 μs	1	1.172 μs	1.172 μs	1.172 μs	1.172 μs	0 ns	PushPop	:{'Module': 'LlamaForCausalLM.model.layers.1', 'Outputs': [[52, 2048], [52, 2048]]}
0.0%	1.172 μs	1	1.172 μs	1.172 μs	1.172 μs	1.172 μs	0 ns	PushPop	:{'Module': 'LlamaForCausalLM.model.layers.1.self_attn.o_proj', 'TrainableParams': {'weight': [2048, 2048]}, 'Outputs': [[84, 2048]]}
0.0%	1.172 μs	1	1.172 μs	1.172 μs	1.172 μs	1.172 μs	0 ns	PushPop	:{'Module': 'LlamaForCausalLM.model.layers.8.self_attn.qkv_proj', 'TrainableParams': {'weight': [3072, 2048]}, 'Outputs': [[1873, 3072]]}
0.0%	1.171 μs	1	1.171 μs	1.171 μs	1.171 μs	1.171 μs	0 ns	PushPop	:{'Module': 'LlamaForCausalLM.model.layers.13.mlp.down_proj', 'TrainableParams': {'weight': [2048, 8192]}, 'Outputs': [[52, 2048]]}
0.0%	1.171 μs	1	1.171 μs	1.171 μs	1.171 μs	1.171 μs	0 ns	PushPop	:{'Module': 'LlamaForCausalLM.model.layers.14.self_attn.attn', 'Outputs': [[256, 2048]]}
0.0%	1.171 μs	1	1.171 μs	1.171 μs	1.171 μs	1.171 μs	0 ns	PushPop	:{'Module': 'LlamaForCausalLM.model.layers.5.mlp.gate_up_proj', 'TrainableParams': {'weight': [16384, 2048]}, 'Outputs': [[4, 16384]]}
0.0%	1.171 μs	1	1.171 μs	1.171 μs	1.171 μs	1.171 μs	0 ns	PushPop	:{'Module': 'LlamaForCausalLM.model.layers.7.mlp.gate_up_proj', 'TrainableParams': {'weight': [16384, 2048]}, 'Outputs': [[16, 16384]]}
0.0%	1.170 μs	1	1.170 μs	1.170 μs	1.170 μs	1.170 μs	0 ns	PushPop	:{'Module': 'LlamaForCausalLM.logits_processor', 'Outputs': [[84, 128256]]}
0.0%	1.170 μs	1	1.170 μs	1.170 μs	1.170 μs	1.170 μs	0 ns	PushPop	:{'Module': 'LlamaForCausalLM.model.layers.10.mlp.act_fn', 'Outputs': [[1873, 8192]]}
0.0%	1.170 μs	1	1.170 μs	1.170 μs	1.170 μs	1.170 μs	0 ns	PushPop	:{'Module': 'LlamaForCausalLM.model.layers.3.post_attention_layernorm', 'TrainableParams': {'weight': [2048]}, 'Outputs': [[84, 2048], [84, 2048]]}
0.0%	1.170 μs	1	1.170 μs	1.170 μs	1.170 μs	1.170 μs	0 ns	PushPop	:{'Module': 'LlamaForCausalLM.model.layers.5.input_layernorm', 'TrainableParams': {'weight': [2048]}, 'Outputs': [[84, 2048], [84, 2048]]}
0.0%	1.169 μs	1	1.169 μs	1.169 μs	1.169 μs	1.169 μs	0 ns	PushPop	:{'Module': 'LlamaForCausalLM.model.layers.11.mlp.down_proj', 'TrainableParams': {'weight': [2048, 8192]}, 'Outputs': [[36, 2048]]}
0.0%	1.169 μs	1	1.169 μs	1.169 μs	1.169 μs	1.169 μs	0 ns	PushPop	:{'Module': 'LlamaForCausalLM.model.layers.13.mlp.down_proj', 'TrainableParams': {'weight': [2048, 8192]}, 'Outputs': [[256, 2048]]}
0.0%	1.169 μs	1	1.169 μs	1.169 μs	1.169 μs	1.169 μs	0 ns	PushPop	:{'Module': 'LlamaForCausalLM.model.layers.13.mlp.gate_up_proj', 'TrainableParams': {'weight': [16384, 2048]}, 'Outputs': [[52, 16384]]}
0.0%	1.169 μs	1	1.169 μs	1.169 μs	1.169 μs	1.169 μs	0 ns	PushPop	:{'Module': 'LlamaForCausalLM.model.layers.7.mlp.down_proj', 'TrainableParams': {'weight': [2048, 8192]}, 'Outputs': [[84, 2048]]}
0.0%	1.169 μs	1	1.169 μs	1.169 μs	1.169 μs	1.169 μs	0 ns	PushPop	:{'Module': 'LlamaForCausalLM.model.layers.9.post_attention_layernorm', 'TrainableParams': {'weight': [2048]}, 'Outputs': [[4, 2048], [4, 2048]]}
0.0%	1.168 μs	1	1.168 μs	1.168 μs	1.168 μs	1.168 μs	0 ns	PushPop	:{'Module': 'LlamaForCausalLM.model.layers.12.post_attention_layernorm', 'TrainableParams': {'weight': [2048]}, 'Outputs': [[84, 2048], [84, 2048]]}
0.0%	1.168 μs	1	1.168 μs	1.168 μs	1.168 μs	1.168 μs	0 ns	PushPop	:{'Module': 'LlamaForCausalLM.model.layers.3.post_attention_layernorm', 'TrainableParams': {'weight': [2048]}, 'Outputs': [[20, 2048], [20, 2048]]}
0.0%	1.168 μs	1	1.168 μs	1.168 μs	1.168 μs	1.168 μs	0 ns	PushPop	:{'Module': 'LlamaForCausalLM.model.layers.4.mlp', 'Outputs': [[99, 2048]]}
0.0%	1.168 μs	1	1.168 μs	1.168 μs	1.168 μs	1.168 μs	0 ns	PushPop	:{'Module': 'LlamaForCausalLM.model.layers.7', 'Outputs': [[16, 2048], [16, 2048]]}
0.0%	1.167 μs	1	1.167 μs	1.167 μs	1.167 μs	1.167 μs	0 ns	PushPop	:{'Module': 'LlamaForCausalLM.model.layers.1.input_layernorm', 'TrainableParams': {'weight': [2048]}, 'Outputs': [[68, 2048], [68, 2048]]}
0.0%	1.167 μs	1	1.167 μs	1.167 μs	1.167 μs	1.167 μs	0 ns	PushPop	:{'Module': 'LlamaForCausalLM.model.layers.10.post_attention_layernorm', 'TrainableParams': {'weight': [2048]}, 'Outputs': [[36, 2048], [36, 2048]]}
0.0%	1.167 μs	1	1.167 μs	1.167 μs	1.167 μs	1.167 μs	0 ns	PushPop	:{'Module': 'LlamaForCausalLM.model.layers.11.mlp.gate_up_proj', 'TrainableParams': {'weight': [16384, 2048]}, 'Outputs': [[1873, 16384]]}
0.0%	1.167 μs	1	1.167 μs	1.167 μs	1.167 μs	1.167 μs	0 ns	PushPop	:{'Module': 'LlamaForCausalLM.model.layers.11.post_attention_layernorm', 'TrainableParams': {'weight': [2048]}, 'Outputs': [[52, 2048], [52, 2048]]}
0.0%	1.167 μs	1	1.167 μs	1.167 μs	1.167 μs	1.167 μs	0 ns	PushPop	:{'Module': 'LlamaForCausalLM.model.layers.14.self_attn.o_proj', 'TrainableParams': {'weight': [2048, 2048]}, 'Outputs': [[20, 2048]]}
0.0%	1.167 μs	1	1.167 μs	1.167 μs	1.167 μs	1.167 μs	0 ns	PushPop	:{'Module': 'LlamaForCausalLM.model.layers.2.mlp.down_proj', 'TrainableParams': {'weight': [2048, 8192]}, 'Outputs': [[1873, 2048]]}
0.0%	1.167 μs	1	1.167 μs	1.167 μs	1.167 μs	1.167 μs	0 ns	PushPop	:{'Module': 'LlamaForCausalLM.model.layers.2.post_attention_layernorm', 'TrainableParams': {'weight': [2048]}, 'Outputs': [[1873, 2048], [1873, 2048]]}
0.0%	1.167 μs	1	1.167 μs	1.167 μs	1.167 μs	1.167 μs	0 ns	PushPop	:{'Module': 'LlamaForCausalLM.model.layers.6.input_layernorm', 'TrainableParams': {'weight': [2048]}, 'Outputs': [[36, 2048], [36, 2048]]}
0.0%	1.167 μs	1	1.167 μs	1.167 μs	1.167 μs	1.167 μs	0 ns	PushPop	:{'Module': 'LlamaForCausalLM.model.layers.8', 'Outputs': [[99, 2048], [99, 2048]]}
0.0%	1.167 μs	1	1.167 μs	1.167 μs	1.167 μs	1.167 μs	0 ns	PushPop	:{'Module': 'LlamaForCausalLM.model.layers.8.mlp.gate_up_proj', 'TrainableParams': {'weight': [16384, 2048]}, 'Outputs': [[16, 16384]]}
0.0%	1.166 μs	1	1.166 μs	1.166 μs	1.166 μs	1.166 μs	0 ns	PushPop	:{'Module': 'LlamaForCausalLM.logits_processor', 'Outputs': [[17, 128256]]}
0.0%	1.166 μs	1	1.166 μs	1.166 μs	1.166 μs	1.166 μs	0 ns	PushPop	:{'Module': 'LlamaForCausalLM.model.layers.1.input_layernorm', 'TrainableParams': {'weight': [2048]}, 'Outputs': [[36, 2048], [36, 2048]]}
0.0%	1.166 μs	1	1.166 μs	1.166 μs	1.166 μs	1.166 μs	0 ns	PushPop	:{'Module': 'LlamaForCausalLM.model.layers.1.self_attn.qkv_proj', 'TrainableParams': {'weight': [3072, 2048]}, 'Outputs': [[99, 3072]]}
0.0%	1.166 μs	1	1.166 μs	1.166 μs	1.166 μs	1.166 μs	0 ns	PushPop	:{'Module': 'LlamaForCausalLM.model.layers.10.mlp.gate_up_proj', 'TrainableParams': {'weight': [16384, 2048]}, 'Outputs': [[4, 16384]]}
0.0%	1.166 μs	1	1.166 μs	1.166 μs	1.166 μs	1.166 μs	0 ns	PushPop	:{'Module': 'LlamaForCausalLM.model.layers.7.self_attn', 'Outputs': [[512, 2048]]}
0.0%	1.166 μs	1	1.166 μs	1.166 μs	1.166 μs	1.166 μs	0 ns	PushPop	:{'Module': 'LlamaForCausalLM.model.layers.8.mlp.act_fn', 'Outputs': [[1873, 8192]]}
0.0%	1.165 μs	1	1.165 μs	1.165 μs	1.165 μs	1.165 μs	0 ns	PushPop	:{'Module': 'LlamaForCausalLM.model.layers.15.self_attn.qkv_proj', 'TrainableParams': {'weight': [3072, 2048]}, 'Outputs': [[99, 3072]]}
0.0%	1.165 μs	1	1.165 μs	1.165 μs	1.165 μs	1.165 μs	0 ns	PushPop	:{'Module': 'LlamaForCausalLM.model.layers.6.self_attn.attn', 'Outputs': [[256, 2048]]}
0.0%	1.164 μs	1	1.164 μs	1.164 μs	1.164 μs	1.164 μs	0 ns	PushPop	:{'Module': 'LlamaForCausalLM.model.layers.7', 'Outputs': [[99, 2048], [99, 2048]]}
0.0%	1.164 μs	1	1.164 μs	1.164 μs	1.164 μs	1.164 μs	0 ns	PushPop	:{'Module': 'LlamaForCausalLM.model.layers.9.mlp.gate_up_proj', 'TrainableParams': {'weight': [16384, 2048]}, 'Outputs': [[256, 16384]]}
0.0%	1.163 μs	1	1.163 μs	1.163 μs	1.163 μs	1.163 μs	0 ns	PushPop	:{'Module': 'LlamaForCausalLM.model.layers.12.self_attn.qkv_proj', 'TrainableParams': {'weight': [3072, 2048]}, 'Outputs': [[84, 3072]]}
0.0%	1.163 μs	1	1.163 μs	1.163 μs	1.163 μs	1.163 μs	0 ns	PushPop	:{'Module': 'LlamaForCausalLM.model.layers.13.post_attention_layernorm', 'TrainableParams': {'weight': [2048]}, 'Outputs': [[36, 2048], [36, 2048]]}
0.0%	1.163 μs	1	1.163 μs	1.163 μs	1.163 μs	1.163 μs	0 ns	PushPop	:{'Module': 'LlamaForCausalLM.model.layers.3.input_layernorm', 'TrainableParams': {'weight': [2048]}, 'Outputs': [[52, 2048], [52, 2048]]}
0.0%	1.163 μs	1	1.163 μs	1.163 μs	1.163 μs	1.163 μs	0 ns	PushPop	:{'Module': 'LlamaForCausalLM.model.layers.5.mlp.down_proj', 'TrainableParams': {'weight': [2048, 8192]}, 'Outputs': [[52, 2048]]}
0.0%	1.163 μs	1	1.163 μs	1.163 μs	1.163 μs	1.163 μs	0 ns	PushPop	:{'Module': 'LlamaForCausalLM.model.layers.5.mlp.gate_up_proj', 'TrainableParams': {'weight': [16384, 2048]}, 'Outputs': [[1873, 16384]]}
0.0%	1.163 μs	1	1.163 μs	1.163 μs	1.163 μs	1.163 μs	0 ns	PushPop	:{'Module': 'LlamaForCausalLM.model.layers.9.self_attn.o_proj', 'TrainableParams': {'weight': [2048, 2048]}, 'Outputs': [[36, 2048]]}
0.0%	1.162 μs	1	1.162 μs	1.162 μs	1.162 μs	1.162 μs	0 ns	PushPop	:{'Module': 'LlamaForCausalLM.model.layers.13.input_layernorm', 'TrainableParams': {'weight': [2048]}, 'Outputs': [[4, 2048], [4, 2048]]}
0.0%	1.162 μs	1	1.162 μs	1.162 μs	1.162 μs	1.162 μs	0 ns	PushPop	:{'Module': 'LlamaForCausalLM.model.layers.14.post_attention_layernorm', 'TrainableParams': {'weight': [2048]}, 'Outputs': [[1873, 2048], [1873, 2048]]}
0.0%	1.162 μs	1	1.162 μs	1.162 μs	1.162 μs	1.162 μs	0 ns	PushPop	:{'Module': 'LlamaForCausalLM.model.layers.7.mlp.act_fn', 'Outputs': [[99, 8192]]}
0.0%	1.161 μs	1	1.161 μs	1.161 μs	1.161 μs	1.161 μs	0 ns	PushPop	:{'Module': 'LlamaForCausalLM.logits_processor', 'Outputs': [[20, 128256]]}
0.0%	1.161 μs	1	1.161 μs	1.161 μs	1.161 μs	1.161 μs	0 ns	PushPop	:{'Module': 'LlamaForCausalLM.model.layers.5.self_attn.qkv_proj', 'TrainableParams': {'weight': [3072, 2048]}, 'Outputs': [[52, 3072]]}
0.0%	1.160 μs	1	1.160 μs	1.160 μs	1.160 μs	1.160 μs	0 ns	PushPop	:{'Module': 'LlamaForCausalLM.model.layers.2.mlp.down_proj', 'TrainableParams': {'weight': [2048, 8192]}, 'Outputs': [[20, 2048]]}
0.0%	1.160 μs	1	1.160 μs	1.160 μs	1.160 μs	1.160 μs	0 ns	PushPop	:{'Module': 'LlamaForCausalLM.model.layers.4.mlp.down_proj', 'TrainableParams': {'weight': [2048, 8192]}, 'Outputs': [[68, 2048]]}
0.0%	1.160 μs	1	1.160 μs	1.160 μs	1.160 μs	1.160 μs	0 ns	PushPop	:{'Module': 'LlamaForCausalLM.model.layers.5.mlp.down_proj', 'TrainableParams': {'weight': [2048, 8192]}, 'Outputs': [[1873, 2048]]}
0.0%	1.160 μs	1	1.160 μs	1.160 μs	1.160 μs	1.160 μs	0 ns	PushPop	:{'Module': 'LlamaForCausalLM.model.layers.6.self_attn.qkv_proj', 'TrainableParams': {'weight': [3072, 2048]}, 'Outputs': [[52, 3072]]}
0.0%	1.160 μs	1	1.160 μs	1.160 μs	1.160 μs	1.160 μs	0 ns	PushPop	:{'Module': 'LlamaForCausalLM.model.layers.8.self_attn.qkv_proj', 'TrainableParams': {'weight': [3072, 2048]}, 'Outputs': [[68, 3072]]}
0.0%	1.159 μs	1	1.159 μs	1.159 μs	1.159 μs	1.159 μs	0 ns	PushPop	:{'Module': 'LlamaForCausalLM.model.layers.11.self_attn.qkv_proj', 'TrainableParams': {'weight': [3072, 2048]}, 'Outputs': [[20, 3072]]}
0.0%	1.159 μs	1	1.159 μs	1.159 μs	1.159 μs	1.159 μs	0 ns	PushPop	:{'Module': 'LlamaForCausalLM.model.layers.8.input_layernorm', 'TrainableParams': {'weight': [2048]}, 'Outputs': [[84, 2048], [84, 2048]]}
0.0%	1.159 μs	1	1.159 μs	1.159 μs	1.159 μs	1.159 μs	0 ns	PushPop	:{'Module': 'LlamaForCausalLM.model.layers.9.mlp.gate_up_proj', 'TrainableParams': {'weight': [16384, 2048]}, 'Outputs': [[16, 16384]]}
0.0%	1.158 μs	1	1.158 μs	1.158 μs	1.158 μs	1.158 μs	0 ns	PushPop	:{'Module': 'LlamaForCausalLM.model.layers.1.mlp.down_proj', 'TrainableParams': {'weight': [2048, 8192]}, 'Outputs': [[1873, 2048]]}
0.0%	1.158 μs	1	1.158 μs	1.158 μs	1.158 μs	1.158 μs	0 ns	PushPop	:{'Module': 'LlamaForCausalLM.model.layers.10.mlp.down_proj', 'TrainableParams': {'weight': [2048, 8192]}, 'Outputs': [[20, 2048]]}
0.0%	1.158 μs	1	1.158 μs	1.158 μs	1.158 μs	1.158 μs	0 ns	PushPop	:{'Module': 'LlamaForCausalLM.model.layers.13.mlp.gate_up_proj', 'TrainableParams': {'weight': [16384, 2048]}, 'Outputs': [[4, 16384]]}
0.0%	1.158 μs	1	1.158 μs	1.158 μs	1.158 μs	1.158 μs	0 ns	PushPop	:{'Module': 'LlamaForCausalLM.model.layers.13.post_attention_layernorm', 'TrainableParams': {'weight': [2048]}, 'Outputs': [[256, 2048], [256, 2048]]}
0.0%	1.158 μs	1	1.158 μs	1.158 μs	1.158 μs	1.158 μs	0 ns	PushPop	:{'Module': 'LlamaForCausalLM.model.layers.6.input_layernorm', 'TrainableParams': {'weight': [2048]}, 'Outputs': [[20, 2048], [20, 2048]]}
0.0%	1.158 μs	1	1.158 μs	1.158 μs	1.158 μs	1.158 μs	0 ns	PushPop	:{'Module': 'LlamaForCausalLM.model.layers.6.post_attention_layernorm', 'TrainableParams': {'weight': [2048]}, 'Outputs': [[36, 2048], [36, 2048]]}
0.0%	1.158 μs	1	1.158 μs	1.158 μs	1.158 μs	1.158 μs	0 ns	PushPop	:{'Module': 'LlamaForCausalLM.model.layers.8.input_layernorm', 'TrainableParams': {'weight': [2048]}, 'Outputs': [[36, 2048], [36, 2048]]}
0.0%	1.157 μs	1	1.157 μs	1.157 μs	1.157 μs	1.157 μs	0 ns	PushPop	:{'Module': 'LlamaForCausalLM.model.layers.13.post_attention_layernorm', 'TrainableParams': {'weight': [2048]}, 'Outputs': [[20, 2048], [20, 2048]]}
0.0%	1.157 μs	1	1.157 μs	1.157 μs	1.157 μs	1.157 μs	0 ns	PushPop	:{'Module': 'LlamaForCausalLM.model.layers.2.mlp.gate_up_proj', 'TrainableParams': {'weight': [16384, 2048]}, 'Outputs': [[99, 16384]]}
0.0%	1.157 μs	1	1.157 μs	1.157 μs	1.157 μs	1.157 μs	0 ns	PushPop	:{'Module': 'LlamaForCausalLM.model.layers.6.self_attn.qkv_proj', 'TrainableParams': {'weight': [3072, 2048]}, 'Outputs': [[1873, 3072]]}
0.0%	1.157 μs	1	1.157 μs	1.157 μs	1.157 μs	1.157 μs	0 ns	PushPop	:{'Module': 'LlamaForCausalLM.model.layers.8', 'Outputs': [[512, 2048], [512, 2048]]}
0.0%	1.156 μs	1	1.156 μs	1.156 μs	1.156 μs	1.156 μs	0 ns	PushPop	:{'Module': 'LlamaForCausalLM.model.layers.15.mlp.gate_up_proj', 'TrainableParams': {'weight': [16384, 2048]}, 'Outputs': [[1873, 16384]]}
0.0%	1.156 μs	1	1.156 μs	1.156 μs	1.156 μs	1.156 μs	0 ns	PushPop	:{'Module': 'LlamaForCausalLM.model.layers.15.post_attention_layernorm', 'TrainableParams': {'weight': [2048]}, 'Outputs': [[20, 2048], [20, 2048]]}
0.0%	1.156 μs	2	578 ns	578 ns	289 ns	867 ns	408 ns	PushPop	NCCL:ncclGroupEnd
0.0%	1.155 μs	1	1.155 μs	1.155 μs	1.155 μs	1.155 μs	0 ns	PushPop	:{'Module': 'LlamaForCausalLM.model.layers.10.input_layernorm', 'TrainableParams': {'weight': [2048]}, 'Outputs': [[84, 2048], [84, 2048]]}
0.0%	1.155 μs	1	1.155 μs	1.155 μs	1.155 μs	1.155 μs	0 ns	PushPop	:{'Module': 'LlamaForCausalLM.model.layers.11.input_layernorm', 'TrainableParams': {'weight': [2048]}, 'Outputs': [[52, 2048], [52, 2048]]}
0.0%	1.155 μs	1	1.155 μs	1.155 μs	1.155 μs	1.155 μs	0 ns	PushPop	:{'Module': 'LlamaForCausalLM.model.layers.12.post_attention_layernorm', 'TrainableParams': {'weight': [2048]}, 'Outputs': [[256, 2048], [256, 2048]]}
0.0%	1.155 μs	1	1.155 μs	1.155 μs	1.155 μs	1.155 μs	0 ns	PushPop	:{'Module': 'LlamaForCausalLM.model.layers.12.self_attn.o_proj', 'TrainableParams': {'weight': [2048, 2048]}, 'Outputs': [[52, 2048]]}
0.0%	1.155 μs	1	1.155 μs	1.155 μs	1.155 μs	1.155 μs	0 ns	PushPop	:{'Module': 'LlamaForCausalLM.model.layers.14.input_layernorm', 'TrainableParams': {'weight': [2048]}, 'Outputs': [[36, 2048], [36, 2048]]}
0.0%	1.155 μs	1	1.155 μs	1.155 μs	1.155 μs	1.155 μs	0 ns	PushPop	:{'Module': 'LlamaForCausalLM.model.layers.14.mlp.down_proj', 'TrainableParams': {'weight': [2048, 8192]}, 'Outputs': [[20, 2048]]}
0.0%	1.155 μs	1	1.155 μs	1.155 μs	1.155 μs	1.155 μs	0 ns	PushPop	:{'Module': 'LlamaForCausalLM.model.layers.15.mlp.down_proj', 'TrainableParams': {'weight': [2048, 8192]}, 'Outputs': [[99, 2048]]}
0.0%	1.155 μs	1	1.155 μs	1.155 μs	1.155 μs	1.155 μs	0 ns	PushPop	:{'Module': 'LlamaForCausalLM.model.layers.15.self_attn.o_proj', 'TrainableParams': {'weight': [2048, 2048]}, 'Outputs': [[99, 2048]]}
0.0%	1.155 μs	1	1.155 μs	1.155 μs	1.155 μs	1.155 μs	0 ns	PushPop	:{'Module': 'LlamaForCausalLM.model.layers.2.input_layernorm', 'TrainableParams': {'weight': [2048]}, 'Outputs': [[36, 2048], [36, 2048]]}
0.0%	1.155 μs	1	1.155 μs	1.155 μs	1.155 μs	1.155 μs	0 ns	PushPop	:{'Module': 'LlamaForCausalLM.model.layers.6.self_attn', 'Outputs': [[99, 2048]]}
0.0%	1.155 μs	1	1.155 μs	1.155 μs	1.155 μs	1.155 μs	0 ns	PushPop	:{'Module': 'LlamaForCausalLM.model.layers.9.mlp.down_proj', 'TrainableParams': {'weight': [2048, 8192]}, 'Outputs': [[84, 2048]]}
0.0%	1.154 μs	1	1.154 μs	1.154 μs	1.154 μs	1.154 μs	0 ns	PushPop	:{'Module': 'LlamaForCausalLM.model.layers.10', 'Outputs': [[256, 2048], [256, 2048]]}
0.0%	1.154 μs	1	1.154 μs	1.154 μs	1.154 μs	1.154 μs	0 ns	PushPop	:{'Module': 'LlamaForCausalLM.model.layers.11.post_attention_layernorm', 'TrainableParams': {'weight': [2048]}, 'Outputs': [[4, 2048], [4, 2048]]}
0.0%	1.154 μs	1	1.154 μs	1.154 μs	1.154 μs	1.154 μs	0 ns	PushPop	:{'Module': 'LlamaForCausalLM.model.layers.12.input_layernorm', 'TrainableParams': {'weight': [2048]}, 'Outputs': [[52, 2048], [52, 2048]]}
0.0%	1.154 μs	1	1.154 μs	1.154 μs	1.154 μs	1.154 μs	0 ns	PushPop	:{'Module': 'LlamaForCausalLM.model.layers.12.mlp.down_proj', 'TrainableParams': {'weight': [2048, 8192]}, 'Outputs': [[68, 2048]]}
0.0%	1.154 μs	1	1.154 μs	1.154 μs	1.154 μs	1.154 μs	0 ns	PushPop	:{'Module': 'LlamaForCausalLM.model.layers.13.mlp.gate_up_proj', 'TrainableParams': {'weight': [16384, 2048]}, 'Outputs': [[99, 16384]]}
0.0%	1.154 μs	1	1.154 μs	1.154 μs	1.154 μs	1.154 μs	0 ns	PushPop	:{'Module': 'LlamaForCausalLM.model.layers.14.mlp.down_proj', 'TrainableParams': {'weight': [2048, 8192]}, 'Outputs': [[36, 2048]]}
0.0%	1.154 μs	1	1.154 μs	1.154 μs	1.154 μs	1.154 μs	0 ns	PushPop	:{'Module': 'LlamaForCausalLM.model.layers.4.input_layernorm', 'TrainableParams': {'weight': [2048]}, 'Outputs': [[36, 2048], [36, 2048]]}
0.0%	1.154 μs	1	1.154 μs	1.154 μs	1.154 μs	1.154 μs	0 ns	PushPop	:{'Module': 'LlamaForCausalLM.model.layers.4.post_attention_layernorm', 'TrainableParams': {'weight': [2048]}, 'Outputs': [[52, 2048], [52, 2048]]}
0.0%	1.154 μs	1	1.154 μs	1.154 μs	1.154 μs	1.154 μs	0 ns	PushPop	:{'Module': 'LlamaForCausalLM.model.layers.8', 'Outputs': [[16, 2048], [16, 2048]]}
0.0%	1.154 μs	1	1.154 μs	1.154 μs	1.154 μs	1.154 μs	0 ns	PushPop	:{'Module': 'LlamaForCausalLM.model.layers.9.post_attention_layernorm', 'TrainableParams': {'weight': [2048]}, 'Outputs': [[68, 2048], [68, 2048]]}
0.0%	1.154 μs	1	1.154 μs	1.154 μs	1.154 μs	1.154 μs	0 ns	PushPop	:{'Module': 'LlamaForCausalLM.model.norm', 'TrainableParams': {'weight': [2048]}, 'Outputs': [[36, 2048], [36, 2048]]}
0.0%	1.153 μs	1	1.153 μs	1.153 μs	1.153 μs	1.153 μs	0 ns	PushPop	:{'Module': 'LlamaForCausalLM.model.layers.10.mlp.gate_up_proj', 'TrainableParams': {'weight': [16384, 2048]}, 'Outputs': [[52, 16384]]}
0.0%	1.153 μs	1	1.153 μs	1.153 μs	1.153 μs	1.153 μs	0 ns	PushPop	:{'Module': 'LlamaForCausalLM.model.layers.15.post_attention_layernorm', 'TrainableParams': {'weight': [2048]}, 'Outputs': [[68, 2048], [68, 2048]]}
0.0%	1.153 μs	1	1.153 μs	1.153 μs	1.153 μs	1.153 μs	0 ns	PushPop	:{'Module': 'LlamaForCausalLM.model.layers.4.input_layernorm', 'TrainableParams': {'weight': [2048]}, 'Outputs': [[52, 2048], [52, 2048]]}
0.0%	1.153 μs	1	1.153 μs	1.153 μs	1.153 μs	1.153 μs	0 ns	PushPop	:{'Module': 'LlamaForCausalLM.model.layers.8.self_attn', 'Outputs': [[52, 2048]]}
0.0%	1.153 μs	1	1.153 μs	1.153 μs	1.153 μs	1.153 μs	0 ns	PushPop	:{'Module': 'LlamaForCausalLM.model.layers.9.self_attn.o_proj', 'TrainableParams': {'weight': [2048, 2048]}, 'Outputs': [[84, 2048]]}
0.0%	1.151 μs	1	1.151 μs	1.151 μs	1.151 μs	1.151 μs	0 ns	PushPop	:{'Module': 'LlamaForCausalLM.model.layers.11.mlp.gate_up_proj', 'TrainableParams': {'weight': [16384, 2048]}, 'Outputs': [[4, 16384]]}
0.0%	1.151 μs	1	1.151 μs	1.151 μs	1.151 μs	1.151 μs	0 ns	PushPop	:{'Module': 'LlamaForCausalLM.model.layers.15.mlp.act_fn', 'Outputs': [[99, 8192]]}
0.0%	1.151 μs	1	1.151 μs	1.151 μs	1.151 μs	1.151 μs	0 ns	PushPop	:{'Module': 'LlamaForCausalLM.model.layers.3.mlp.down_proj', 'TrainableParams': {'weight': [2048, 8192]}, 'Outputs': [[52, 2048]]}
0.0%	1.151 μs	1	1.151 μs	1.151 μs	1.151 μs	1.151 μs	0 ns	PushPop	:{'Module': 'LlamaForCausalLM.model.layers.4.input_layernorm', 'TrainableParams': {'weight': [2048]}, 'Outputs': [[68, 2048], [68, 2048]]}
0.0%	1.151 μs	1	1.151 μs	1.151 μs	1.151 μs	1.151 μs	0 ns	PushPop	:{'Module': 'LlamaForCausalLM.model.layers.8.post_attention_layernorm', 'TrainableParams': {'weight': [2048]}, 'Outputs': [[84, 2048], [84, 2048]]}
0.0%	1.151 μs	1	1.151 μs	1.151 μs	1.151 μs	1.151 μs	0 ns	PushPop	:{'Module': 'LlamaForCausalLM.model.layers.9.input_layernorm', 'TrainableParams': {'weight': [2048]}, 'Outputs': [[20, 2048], [20, 2048]]}
0.0%	1.151 μs	1	1.151 μs	1.151 μs	1.151 μs	1.151 μs	0 ns	PushPop	:{'Module': 'LlamaForCausalLM.model.layers.9.self_attn.qkv_proj', 'TrainableParams': {'weight': [3072, 2048]}, 'Outputs': [[4, 3072]]}
0.0%	1.150 μs	1	1.150 μs	1.150 μs	1.150 μs	1.150 μs	0 ns	PushPop	:{'Module': 'LlamaForCausalLM.model.layers.12.post_attention_layernorm', 'TrainableParams': {'weight': [2048]}, 'Outputs': [[36, 2048], [36, 2048]]}
0.0%	1.150 μs	1	1.150 μs	1.150 μs	1.150 μs	1.150 μs	0 ns	PushPop	:{'Module': 'LlamaForCausalLM.model.layers.6.post_attention_layernorm', 'TrainableParams': {'weight': [2048]}, 'Outputs': [[4, 2048], [4, 2048]]}
0.0%	1.149 μs	1	1.149 μs	1.149 μs	1.149 μs	1.149 μs	0 ns	PushPop	:{'Module': 'LlamaForCausalLM.model.layers.0.input_layernorm', 'TrainableParams': {'weight': [2048]}, 'Outputs': [[20, 2048]]}
0.0%	1.149 μs	1	1.149 μs	1.149 μs	1.149 μs	1.149 μs	0 ns	PushPop	:{'Module': 'LlamaForCausalLM.model.layers.1.mlp.act_fn', 'Outputs': [[20, 8192]]}
0.0%	1.149 μs	1	1.149 μs	1.149 μs	1.149 μs	1.149 μs	0 ns	PushPop	:{'Module': 'LlamaForCausalLM.model.layers.5.mlp.down_proj', 'TrainableParams': {'weight': [2048, 8192]}, 'Outputs': [[36, 2048]]}
0.0%	1.149 μs	1	1.149 μs	1.149 μs	1.149 μs	1.149 μs	0 ns	PushPop	:{'Module': 'LlamaForCausalLM.model.layers.5.mlp.down_proj', 'TrainableParams': {'weight': [2048, 8192]}, 'Outputs': [[84, 2048]]}
0.0%	1.149 μs	1	1.149 μs	1.149 μs	1.149 μs	1.149 μs	0 ns	PushPop	:{'Module': 'LlamaForCausalLM.model.layers.6.self_attn.o_proj', 'TrainableParams': {'weight': [2048, 2048]}, 'Outputs': [[4, 2048]]}
0.0%	1.149 μs	1	1.149 μs	1.149 μs	1.149 μs	1.149 μs	0 ns	PushPop	:{'Module': 'LlamaForCausalLM.model.layers.8.mlp.gate_up_proj', 'TrainableParams': {'weight': [16384, 2048]}, 'Outputs': [[99, 16384]]}
0.0%	1.148 μs	1	1.148 μs	1.148 μs	1.148 μs	1.148 μs	0 ns	PushPop	:{'Module': 'LlamaForCausalLM.model.layers.13.input_layernorm', 'TrainableParams': {'weight': [2048]}, 'Outputs': [[1873, 2048], [1873, 2048]]}
0.0%	1.148 μs	1	1.148 μs	1.148 μs	1.148 μs	1.148 μs	0 ns	PushPop	:{'Module': 'LlamaForCausalLM.model.layers.13.mlp.act_fn', 'Outputs': [[99, 8192]]}
0.0%	1.148 μs	1	1.148 μs	1.148 μs	1.148 μs	1.148 μs	0 ns	PushPop	:{'Module': 'LlamaForCausalLM.model.layers.13.self_attn', 'Outputs': [[16, 2048]]}
0.0%	1.148 μs	1	1.148 μs	1.148 μs	1.148 μs	1.148 μs	0 ns	PushPop	:{'Module': 'LlamaForCausalLM.model.layers.4.mlp.gate_up_proj', 'TrainableParams': {'weight': [16384, 2048]}, 'Outputs': [[1873, 16384]]}
0.0%	1.148 μs	1	1.148 μs	1.148 μs	1.148 μs	1.148 μs	0 ns	PushPop	:{'Module': 'LlamaForCausalLM.model.layers.5.mlp.act_fn', 'Outputs': [[16, 8192]]}
0.0%	1.148 μs	1	1.148 μs	1.148 μs	1.148 μs	1.148 μs	0 ns	PushPop	:{'Module': 'LlamaForCausalLM.model.layers.9.mlp.gate_up_proj', 'TrainableParams': {'weight': [16384, 2048]}, 'Outputs': [[68, 16384]]}
0.0%	1.148 μs	1	1.148 μs	1.148 μs	1.148 μs	1.148 μs	0 ns	PushPop	:{'Module': 'LlamaForCausalLM.model.layers.9.post_attention_layernorm', 'TrainableParams': {'weight': [2048]}, 'Outputs': [[84, 2048], [84, 2048]]}
0.0%	1.147 μs	1	1.147 μs	1.147 μs	1.147 μs	1.147 μs	0 ns	PushPop	:{'Module': 'LlamaForCausalLM.model.layers.12.self_attn.qkv_proj', 'TrainableParams': {'weight': [3072, 2048]}, 'Outputs': [[256, 3072]]}
0.0%	1.147 μs	1	1.147 μs	1.147 μs	1.147 μs	1.147 μs	0 ns	PushPop	:{'Module': 'LlamaForCausalLM.model.layers.3.self_attn', 'Outputs': [[1873, 2048]]}
0.0%	1.146 μs	1	1.146 μs	1.146 μs	1.146 μs	1.146 μs	0 ns	PushPop	:{'Module': 'LlamaForCausalLM.model.layers.10.self_attn', 'Outputs': [[512, 2048]]}
0.0%	1.146 μs	1	1.146 μs	1.146 μs	1.146 μs	1.146 μs	0 ns	PushPop	:{'Module': 'LlamaForCausalLM.model.layers.3', 'Outputs': [[16, 2048], [16, 2048]]}
0.0%	1.146 μs	1	1.146 μs	1.146 μs	1.146 μs	1.146 μs	0 ns	PushPop	:{'Module': 'LlamaForCausalLM.model.layers.3.mlp.gate_up_proj', 'TrainableParams': {'weight': [16384, 2048]}, 'Outputs': [[1873, 16384]]}
0.0%	1.146 μs	1	1.146 μs	1.146 μs	1.146 μs	1.146 μs	0 ns	PushPop	:{'Module': 'LlamaForCausalLM.model.layers.8.self_attn.qkv_proj', 'TrainableParams': {'weight': [3072, 2048]}, 'Outputs': [[16, 3072]]}
0.0%	1.146 μs	1	1.146 μs	1.146 μs	1.146 μs	1.146 μs	0 ns	PushPop	:{'Module': 'LlamaForCausalLM.model.layers.9.mlp.gate_up_proj', 'TrainableParams': {'weight': [16384, 2048]}, 'Outputs': [[52, 16384]]}
0.0%	1.146 μs	1	1.146 μs	1.146 μs	1.146 μs	1.146 μs	0 ns	PushPop	:{'Module': 'LlamaForCausalLM.model.layers.9.self_attn', 'Outputs': [[512, 2048]]}
0.0%	1.145 μs	1	1.145 μs	1.145 μs	1.145 μs	1.145 μs	0 ns	PushPop	:{'Module': 'LlamaForCausalLM.model.layers.10.self_attn.qkv_proj', 'TrainableParams': {'weight': [3072, 2048]}, 'Outputs': [[20, 3072]]}
0.0%	1.145 μs	1	1.145 μs	1.145 μs	1.145 μs	1.145 μs	0 ns	PushPop	:{'Module': 'LlamaForCausalLM.model.layers.8.mlp.gate_up_proj', 'TrainableParams': {'weight': [16384, 2048]}, 'Outputs': [[68, 16384]]}
0.0%	1.144 μs	1	1.144 μs	1.144 μs	1.144 μs	1.144 μs	0 ns	PushPop	:{'Module': 'LlamaForCausalLM.model.layers.10.input_layernorm', 'TrainableParams': {'weight': [2048]}, 'Outputs': [[52, 2048], [52, 2048]]}
0.0%	1.144 μs	1	1.144 μs	1.144 μs	1.144 μs	1.144 μs	0 ns	PushPop	:{'Module': 'LlamaForCausalLM.model.layers.4', 'Outputs': [[16, 2048], [16, 2048]]}
0.0%	1.143 μs	1	1.143 μs	1.143 μs	1.143 μs	1.143 μs	0 ns	PushPop	:{'Module': 'LlamaForCausalLM.model.layers.12.self_attn', 'Outputs': [[512, 2048]]}
0.0%	1.143 μs	1	1.143 μs	1.143 μs	1.143 μs	1.143 μs	0 ns	PushPop	:{'Module': 'LlamaForCausalLM.model.layers.13.mlp.gate_up_proj', 'TrainableParams': {'weight': [16384, 2048]}, 'Outputs': [[20, 16384]]}
0.0%	1.143 μs	1	1.143 μs	1.143 μs	1.143 μs	1.143 μs	0 ns	PushPop	:{'Module': 'LlamaForCausalLM.model.layers.4.self_attn', 'Outputs': [[84, 2048]]}
0.0%	1.143 μs	1	1.143 μs	1.143 μs	1.143 μs	1.143 μs	0 ns	PushPop	:{'Module': 'LlamaForCausalLM.model.layers.5.mlp.gate_up_proj', 'TrainableParams': {'weight': [16384, 2048]}, 'Outputs': [[256, 16384]]}
0.0%	1.143 μs	1	1.143 μs	1.143 μs	1.143 μs	1.143 μs	0 ns	PushPop	:{'Module': 'LlamaForCausalLM.model.layers.7.self_attn', 'Outputs': [[99, 2048]]}
0.0%	1.143 μs	1	1.143 μs	1.143 μs	1.143 μs	1.143 μs	0 ns	PushPop	:{'Module': 'LlamaForCausalLM.model.norm', 'TrainableParams': {'weight': [2048]}, 'Outputs': [[52, 2048], [52, 2048]]}
0.0%	1.142 μs	1	1.142 μs	1.142 μs	1.142 μs	1.142 μs	0 ns	PushPop	:{'Module': 'LlamaForCausalLM.model.layers.11.mlp.down_proj', 'TrainableParams': {'weight': [2048, 8192]}, 'Outputs': [[4, 2048]]}
0.0%	1.142 μs	1	1.142 μs	1.142 μs	1.142 μs	1.142 μs	0 ns	PushPop	:{'Module': 'LlamaForCausalLM.model.layers.13.post_attention_layernorm', 'TrainableParams': {'weight': [2048]}, 'Outputs': [[52, 2048], [52, 2048]]}
0.0%	1.142 μs	1	1.142 μs	1.142 μs	1.142 μs	1.142 μs	0 ns	PushPop	:{'Module': 'LlamaForCausalLM.model.layers.2', 'Outputs': [[512, 2048], [512, 2048]]}
0.0%	1.142 μs	1	1.142 μs	1.142 μs	1.142 μs	1.142 μs	0 ns	PushPop	:{'Module': 'LlamaForCausalLM.model.layers.2.mlp.gate_up_proj', 'TrainableParams': {'weight': [16384, 2048]}, 'Outputs': [[4, 16384]]}
0.0%	1.142 μs	1	1.142 μs	1.142 μs	1.142 μs	1.142 μs	0 ns	PushPop	:{'Module': 'LlamaForCausalLM.model.layers.3.post_attention_layernorm', 'TrainableParams': {'weight': [2048]}, 'Outputs': [[36, 2048], [36, 2048]]}
0.0%	1.142 μs	1	1.142 μs	1.142 μs	1.142 μs	1.142 μs	0 ns	PushPop	:{'Module': 'LlamaForCausalLM.model.layers.9.mlp.down_proj', 'TrainableParams': {'weight': [2048, 8192]}, 'Outputs': [[52, 2048]]}
0.0%	1.141 μs	1	1.141 μs	1.141 μs	1.141 μs	1.141 μs	0 ns	PushPop	:{'Module': 'LlamaForCausalLM.model.layers.1.mlp.gate_up_proj', 'TrainableParams': {'weight': [16384, 2048]}, 'Outputs': [[99, 16384]]}
0.0%	1.141 μs	1	1.141 μs	1.141 μs	1.141 μs	1.141 μs	0 ns	PushPop	:{'Module': 'LlamaForCausalLM.model.layers.13.input_layernorm', 'TrainableParams': {'weight': [2048]}, 'Outputs': [[256, 2048], [256, 2048]]}
0.0%	1.141 μs	1	1.141 μs	1.141 μs	1.141 μs	1.141 μs	0 ns	PushPop	:{'Module': 'LlamaForCausalLM.model.layers.14.input_layernorm', 'TrainableParams': {'weight': [2048]}, 'Outputs': [[4, 2048], [4, 2048]]}
0.0%	1.141 μs	1	1.141 μs	1.141 μs	1.141 μs	1.141 μs	0 ns	PushPop	:{'Module': 'LlamaForCausalLM.model.layers.14.mlp.gate_up_proj', 'TrainableParams': {'weight': [16384, 2048]}, 'Outputs': [[84, 16384]]}
0.0%	1.141 μs	1	1.141 μs	1.141 μs	1.141 μs	1.141 μs	0 ns	PushPop	:{'Module': 'LlamaForCausalLM.model.layers.5.mlp.gate_up_proj', 'TrainableParams': {'weight': [16384, 2048]}, 'Outputs': [[68, 16384]]}
0.0%	1.140 μs	1	1.140 μs	1.140 μs	1.140 μs	1.140 μs	0 ns	PushPop	:{'Module': 'LlamaForCausalLM.model.layers.10.mlp.act_fn', 'Outputs': [[512, 8192]]}
0.0%	1.140 μs	1	1.140 μs	1.140 μs	1.140 μs	1.140 μs	0 ns	PushPop	:{'Module': 'LlamaForCausalLM.model.layers.11.mlp.act_fn', 'Outputs': [[16, 8192]]}
0.0%	1.140 μs	1	1.140 μs	1.140 μs	1.140 μs	1.140 μs	0 ns	PushPop	:{'Module': 'LlamaForCausalLM.model.layers.4.self_attn.qkv_proj', 'TrainableParams': {'weight': [3072, 2048]}, 'Outputs': [[52, 3072]]}
0.0%	1.140 μs	1	1.140 μs	1.140 μs	1.140 μs	1.140 μs	0 ns	PushPop	:{'Module': 'LlamaForCausalLM.model.layers.9.self_attn', 'Outputs': [[99, 2048]]}
0.0%	1.139 μs	1	1.139 μs	1.139 μs	1.139 μs	1.139 μs	0 ns	PushPop	:{'Module': 'LlamaForCausalLM.model.layers.11.self_attn.qkv_proj', 'TrainableParams': {'weight': [3072, 2048]}, 'Outputs': [[4, 3072]]}
0.0%	1.139 μs	1	1.139 μs	1.139 μs	1.139 μs	1.139 μs	0 ns	PushPop	:{'Module': 'LlamaForCausalLM.model.layers.15.post_attention_layernorm', 'TrainableParams': {'weight': [2048]}, 'Outputs': [[36, 2048], [36, 2048]]}
0.0%	1.139 μs	1	1.139 μs	1.139 μs	1.139 μs	1.139 μs	0 ns	PushPop	:{'Module': 'LlamaForCausalLM.model.layers.2.post_attention_layernorm', 'TrainableParams': {'weight': [2048]}, 'Outputs': [[4, 2048], [4, 2048]]}
0.0%	1.139 μs	1	1.139 μs	1.139 μs	1.139 μs	1.139 μs	0 ns	PushPop	:{'Module': 'LlamaForCausalLM.model.layers.6.post_attention_layernorm', 'TrainableParams': {'weight': [2048]}, 'Outputs': [[20, 2048], [20, 2048]]}
0.0%	1.138 μs	1	1.138 μs	1.138 μs	1.138 μs	1.138 μs	0 ns	PushPop	:{'Module': 'LlamaForCausalLM.model.layers.2.self_attn.qkv_proj', 'TrainableParams': {'weight': [3072, 2048]}, 'Outputs': [[20, 3072]]}
0.0%	1.138 μs	1	1.138 μs	1.138 μs	1.138 μs	1.138 μs	0 ns	PushPop	:{'Module': 'LlamaForCausalLM.model.layers.4.self_attn.qkv_proj', 'TrainableParams': {'weight': [3072, 2048]}, 'Outputs': [[1873, 3072]]}
0.0%	1.138 μs	1	1.138 μs	1.138 μs	1.138 μs	1.138 μs	0 ns	PushPop	:{'Module': 'LlamaForCausalLM.model.layers.5.post_attention_layernorm', 'TrainableParams': {'weight': [2048]}, 'Outputs': [[4, 2048], [4, 2048]]}
0.0%	1.138 μs	1	1.138 μs	1.138 μs	1.138 μs	1.138 μs	0 ns	PushPop	:{'Module': 'LlamaForCausalLM.model.layers.6.mlp.gate_up_proj', 'TrainableParams': {'weight': [16384, 2048]}, 'Outputs': [[84, 16384]]}
0.0%	1.138 μs	1	1.138 μs	1.138 μs	1.138 μs	1.138 μs	0 ns	PushPop	:{'Module': 'LlamaForCausalLM.model.layers.9.mlp.down_proj', 'TrainableParams': {'weight': [2048, 8192]}, 'Outputs': [[36, 2048]]}
0.0%	1.137 μs	1	1.137 μs	1.137 μs	1.137 μs	1.137 μs	0 ns	PushPop	:{'Module': 'LlamaForCausalLM.model.layers.1.self_attn', 'Outputs': [[256, 2048]]}
0.0%	1.137 μs	1	1.137 μs	1.137 μs	1.137 μs	1.137 μs	0 ns	PushPop	:{'Module': 'LlamaForCausalLM.model.layers.14.mlp.down_proj', 'TrainableParams': {'weight': [2048, 8192]}, 'Outputs': [[1873, 2048]]}
0.0%	1.137 μs	1	1.137 μs	1.137 μs	1.137 μs	1.137 μs	0 ns	PushPop	:{'Module': 'LlamaForCausalLM.model.layers.15.mlp.gate_up_proj', 'TrainableParams': {'weight': [16384, 2048]}, 'Outputs': [[99, 16384]]}
0.0%	1.137 μs	1	1.137 μs	1.137 μs	1.137 μs	1.137 μs	0 ns	PushPop	:{'Module': 'LlamaForCausalLM.model.layers.4.self_attn', 'Outputs': [[16, 2048]]}
0.0%	1.137 μs	1	1.137 μs	1.137 μs	1.137 μs	1.137 μs	0 ns	PushPop	:{'Module': 'LlamaForCausalLM.model.layers.8.self_attn', 'Outputs': [[512, 2048]]}
0.0%	1.136 μs	1	1.136 μs	1.136 μs	1.136 μs	1.136 μs	0 ns	PushPop	:{'Module': 'LlamaForCausalLM.model.layers.11.post_attention_layernorm', 'TrainableParams': {'weight': [2048]}, 'Outputs': [[84, 2048], [84, 2048]]}
0.0%	1.136 μs	1	1.136 μs	1.136 μs	1.136 μs	1.136 μs	0 ns	PushPop	:{'Module': 'LlamaForCausalLM.model.layers.3.input_layernorm', 'TrainableParams': {'weight': [2048]}, 'Outputs': [[20, 2048], [20, 2048]]}
0.0%	1.136 μs	1	1.136 μs	1.136 μs	1.136 μs	1.136 μs	0 ns	PushPop	:{'Module': 'LlamaForCausalLM.model.layers.5.self_attn.qkv_proj', 'TrainableParams': {'weight': [3072, 2048]}, 'Outputs': [[1873, 3072]]}
0.0%	1.136 μs	1	1.136 μs	1.136 μs	1.136 μs	1.136 μs	0 ns	PushPop	:{'Module': 'LlamaForCausalLM.model.layers.9.mlp.gate_up_proj', 'TrainableParams': {'weight': [16384, 2048]}, 'Outputs': [[84, 16384]]}
0.0%	1.136 μs	1	1.136 μs	1.136 μs	1.136 μs	1.136 μs	0 ns	PushPop	:{'Module': 'LlamaForCausalLM.model.layers.9.self_attn.qkv_proj', 'TrainableParams': {'weight': [3072, 2048]}, 'Outputs': [[68, 3072]]}
0.0%	1.135 μs	1	1.135 μs	1.135 μs	1.135 μs	1.135 μs	0 ns	PushPop	:{'Module': 'LlamaForCausalLM.model.layers.12.input_layernorm', 'TrainableParams': {'weight': [2048]}, 'Outputs': [[4, 2048], [4, 2048]]}
0.0%	1.135 μs	1	1.135 μs	1.135 μs	1.135 μs	1.135 μs	0 ns	PushPop	:{'Module': 'LlamaForCausalLM.model.layers.12.self_attn.qkv_proj', 'TrainableParams': {'weight': [3072, 2048]}, 'Outputs': [[512, 3072]]}
0.0%	1.135 μs	1	1.135 μs	1.135 μs	1.135 μs	1.135 μs	0 ns	PushPop	:{'Module': 'LlamaForCausalLM.model.layers.3.mlp.act_fn', 'Outputs': [[256, 8192]]}
0.0%	1.135 μs	1	1.135 μs	1.135 μs	1.135 μs	1.135 μs	0 ns	PushPop	:{'Module': 'LlamaForCausalLM.model.layers.6.self_attn.o_proj', 'TrainableParams': {'weight': [2048, 2048]}, 'Outputs': [[52, 2048]]}
0.0%	1.135 μs	1	1.135 μs	1.135 μs	1.135 μs	1.135 μs	0 ns	PushPop	:{'Module': 'LlamaForCausalLM.model.layers.7.post_attention_layernorm', 'TrainableParams': {'weight': [2048]}, 'Outputs': [[36, 2048], [36, 2048]]}
0.0%	1.134 μs	1	1.134 μs	1.134 μs	1.134 μs	1.134 μs	0 ns	PushPop	:{'Module': 'LlamaForCausalLM.model.layers.11.mlp.gate_up_proj', 'TrainableParams': {'weight': [16384, 2048]}, 'Outputs': [[68, 16384]]}
0.0%	1.134 μs	1	1.134 μs	1.134 μs	1.134 μs	1.134 μs	0 ns	PushPop	:{'Module': 'LlamaForCausalLM.model.layers.4.mlp.gate_up_proj', 'TrainableParams': {'weight': [16384, 2048]}, 'Outputs': [[52, 16384]]}
0.0%	1.134 μs	1	1.134 μs	1.134 μs	1.134 μs	1.134 μs	0 ns	PushPop	:{'Module': 'LlamaForCausalLM.model.layers.9.self_attn.qkv_proj', 'TrainableParams': {'weight': [3072, 2048]}, 'Outputs': [[20, 3072]]}
0.0%	1.133 μs	1	1.133 μs	1.133 μs	1.133 μs	1.133 μs	0 ns	PushPop	:{'Module': 'LlamaForCausalLM.model.layers.1.mlp.gate_up_proj', 'TrainableParams': {'weight': [16384, 2048]}, 'Outputs': [[84, 16384]]}
0.0%	1.133 μs	1	1.133 μs	1.133 μs	1.133 μs	1.133 μs	0 ns	PushPop	:{'Module': 'LlamaForCausalLM.model.layers.5.post_attention_layernorm', 'TrainableParams': {'weight': [2048]}, 'Outputs': [[36, 2048], [36, 2048]]}
0.0%	1.133 μs	1	1.133 μs	1.133 μs	1.133 μs	1.133 μs	0 ns	PushPop	:{'Module': 'LlamaForCausalLM.model.layers.6.input_layernorm', 'TrainableParams': {'weight': [2048]}, 'Outputs': [[4, 2048], [4, 2048]]}
0.0%	1.132 μs	1	1.132 μs	1.132 μs	1.132 μs	1.132 μs	0 ns	PushPop	:{'Module': 'LlamaForCausalLM.model.layers.11.post_attention_layernorm', 'TrainableParams': {'weight': [2048]}, 'Outputs': [[20, 2048], [20, 2048]]}
0.0%	1.132 μs	1	1.132 μs	1.132 μs	1.132 μs	1.132 μs	0 ns	PushPop	:{'Module': 'LlamaForCausalLM.model.layers.4.input_layernorm', 'TrainableParams': {'weight': [2048]}, 'Outputs': [[20, 2048], [20, 2048]]}
0.0%	1.131 μs	1	1.131 μs	1.131 μs	1.131 μs	1.131 μs	0 ns	PushPop	:{'Module': 'LlamaForCausalLM.model.layers.0.self_attn.qkv_proj', 'TrainableParams': {'weight': [3072, 2048]}, 'Outputs': [[20, 3072]]}
0.0%	1.131 μs	1	1.131 μs	1.131 μs	1.131 μs	1.131 μs	0 ns	PushPop	:{'Module': 'LlamaForCausalLM.model.layers.4.mlp.act_fn', 'Outputs': [[99, 8192]]}
0.0%	1.131 μs	1	1.131 μs	1.131 μs	1.131 μs	1.131 μs	0 ns	PushPop	:{'Module': 'LlamaForCausalLM.model.layers.8.self_attn.o_proj', 'TrainableParams': {'weight': [2048, 2048]}, 'Outputs': [[84, 2048]]}
0.0%	1.130 μs	1	1.130 μs	1.130 μs	1.130 μs	1.130 μs	0 ns	PushPop	:{'Module': 'LlamaForCausalLM.model.layers.1', 'Outputs': [[256, 2048], [256, 2048]]}
0.0%	1.130 μs	1	1.130 μs	1.130 μs	1.130 μs	1.130 μs	0 ns	PushPop	:{'Module': 'LlamaForCausalLM.model.layers.13.post_attention_layernorm', 'TrainableParams': {'weight': [2048]}, 'Outputs': [[84, 2048], [84, 2048]]}
0.0%	1.130 μs	1	1.130 μs	1.130 μs	1.130 μs	1.130 μs	0 ns	PushPop	:{'Module': 'LlamaForCausalLM.model.layers.3.self_attn.qkv_proj', 'TrainableParams': {'weight': [3072, 2048]}, 'Outputs': [[1873, 3072]]}
0.0%	1.129 μs	1	1.129 μs	1.129 μs	1.129 μs	1.129 μs	0 ns	PushPop	:{'Module': 'LlamaForCausalLM.model.layers.1.mlp.down_proj', 'TrainableParams': {'weight': [2048, 8192]}, 'Outputs': [[20, 2048]]}
0.0%	1.129 μs	1	1.129 μs	1.129 μs	1.129 μs	1.129 μs	0 ns	PushPop	:{'Module': 'LlamaForCausalLM.model.layers.13', 'Outputs': [[16, 2048], [16, 2048]]}
0.0%	1.129 μs	1	1.129 μs	1.129 μs	1.129 μs	1.129 μs	0 ns	PushPop	:{'Module': 'LlamaForCausalLM.model.layers.14.input_layernorm', 'TrainableParams': {'weight': [2048]}, 'Outputs': [[52, 2048], [52, 2048]]}
0.0%	1.129 μs	1	1.129 μs	1.129 μs	1.129 μs	1.129 μs	0 ns	PushPop	:{'Module': 'LlamaForCausalLM.model.layers.14.mlp.down_proj', 'TrainableParams': {'weight': [2048, 8192]}, 'Outputs': [[256, 2048]]}
0.0%	1.129 μs	1	1.129 μs	1.129 μs	1.129 μs	1.129 μs	0 ns	PushPop	:{'Module': 'LlamaForCausalLM.model.layers.15.self_attn.qkv_proj', 'TrainableParams': {'weight': [3072, 2048]}, 'Outputs': [[68, 3072]]}
0.0%	1.129 μs	1	1.129 μs	1.129 μs	1.129 μs	1.129 μs	0 ns	PushPop	:{'Module': 'LlamaForCausalLM.model.layers.3.mlp.down_proj', 'TrainableParams': {'weight': [2048, 8192]}, 'Outputs': [[20, 2048]]}
0.0%	1.129 μs	1	1.129 μs	1.129 μs	1.129 μs	1.129 μs	0 ns	PushPop	:{'Module': 'LlamaForCausalLM.model.layers.7.self_attn.qkv_proj', 'TrainableParams': {'weight': [3072, 2048]}, 'Outputs': [[1873, 3072]]}
0.0%	1.129 μs	1	1.129 μs	1.129 μs	1.129 μs	1.129 μs	0 ns	PushPop	:{'Module': 'LlamaForCausalLM.model.layers.9.post_attention_layernorm', 'TrainableParams': {'weight': [2048]}, 'Outputs': [[36, 2048], [36, 2048]]}
0.0%	1.128 μs	1	1.128 μs	1.128 μs	1.128 μs	1.128 μs	0 ns	PushPop	:{'Module': 'LlamaForCausalLM.model.layers.11.self_attn.qkv_proj', 'TrainableParams': {'weight': [3072, 2048]}, 'Outputs': [[36, 3072]]}
0.0%	1.128 μs	1	1.128 μs	1.128 μs	1.128 μs	1.128 μs	0 ns	PushPop	:{'Module': 'LlamaForCausalLM.model.layers.2.input_layernorm', 'TrainableParams': {'weight': [2048]}, 'Outputs': [[4, 2048], [4, 2048]]}
0.0%	1.127 μs	1	1.127 μs	1.127 μs	1.127 μs	1.127 μs	0 ns	PushPop	:{'Module': 'LlamaForCausalLM.model.layers.11.mlp.gate_up_proj', 'TrainableParams': {'weight': [16384, 2048]}, 'Outputs': [[256, 16384]]}
0.0%	1.127 μs	1	1.127 μs	1.127 μs	1.127 μs	1.127 μs	0 ns	PushPop	:{'Module': 'LlamaForCausalLM.model.layers.15.self_attn.o_proj', 'TrainableParams': {'weight': [2048, 2048]}, 'Outputs': [[36, 2048]]}
0.0%	1.127 μs	1	1.127 μs	1.127 μs	1.127 μs	1.127 μs	0 ns	PushPop	:{'Module': 'LlamaForCausalLM.model.layers.3', 'Outputs': [[68, 2048], [68, 2048]]}
0.0%	1.126 μs	1	1.126 μs	1.126 μs	1.126 μs	1.126 μs	0 ns	PushPop	:{'Module': 'LlamaForCausalLM.model.layers.11.post_attention_layernorm', 'TrainableParams': {'weight': [2048]}, 'Outputs': [[36, 2048], [36, 2048]]}
0.0%	1.126 μs	1	1.126 μs	1.126 μs	1.126 μs	1.126 μs	0 ns	PushPop	:{'Module': 'LlamaForCausalLM.model.layers.7', 'Outputs': [[36, 2048], [36, 2048]]}
0.0%	1.125 μs	1	1.125 μs	1.125 μs	1.125 μs	1.125 μs	0 ns	PushPop	:{'Module': 'LlamaForCausalLM.model.layers.11.self_attn.qkv_proj', 'TrainableParams': {'weight': [3072, 2048]}, 'Outputs': [[52, 3072]]}
0.0%	1.125 μs	1	1.125 μs	1.125 μs	1.125 μs	1.125 μs	0 ns	PushPop	:{'Module': 'LlamaForCausalLM.model.layers.13.input_layernorm', 'TrainableParams': {'weight': [2048]}, 'Outputs': [[20, 2048], [20, 2048]]}
0.0%	1.125 μs	1	1.125 μs	1.125 μs	1.125 μs	1.125 μs	0 ns	PushPop	:{'Module': 'LlamaForCausalLM.model.layers.2', 'Outputs': [[99, 2048], [99, 2048]]}
0.0%	1.125 μs	1	1.125 μs	1.125 μs	1.125 μs	1.125 μs	0 ns	PushPop	:{'Module': 'LlamaForCausalLM.model.layers.4.self_attn', 'Outputs': [[512, 2048]]}
0.0%	1.124 μs	1	1.124 μs	1.124 μs	1.124 μs	1.124 μs	0 ns	PushPop	:{'Module': 'LlamaForCausalLM.model.layers.10.input_layernorm', 'TrainableParams': {'weight': [2048]}, 'Outputs': [[4, 2048], [4, 2048]]}
0.0%	1.124 μs	1	1.124 μs	1.124 μs	1.124 μs	1.124 μs	0 ns	PushPop	:{'Module': 'LlamaForCausalLM.model.layers.10.self_attn', 'Outputs': [[256, 2048]]}
0.0%	1.124 μs	1	1.124 μs	1.124 μs	1.124 μs	1.124 μs	0 ns	PushPop	:{'Module': 'LlamaForCausalLM.model.layers.3.self_attn.o_proj', 'TrainableParams': {'weight': [2048, 2048]}, 'Outputs': [[36, 2048]]}
0.0%	1.124 μs	1	1.124 μs	1.124 μs	1.124 μs	1.124 μs	0 ns	PushPop	:{'Module': 'LlamaForCausalLM.model.layers.6.mlp.down_proj', 'TrainableParams': {'weight': [2048, 8192]}, 'Outputs': [[20, 2048]]}
0.0%	1.123 μs	1	1.123 μs	1.123 μs	1.123 μs	1.123 μs	0 ns	PushPop	:{'Module': 'LlamaForCausalLM.model.layers.1.post_attention_layernorm', 'TrainableParams': {'weight': [2048]}, 'Outputs': [[4, 2048], [4, 2048]]}
0.0%	1.123 μs	1	1.123 μs	1.123 μs	1.123 μs	1.123 μs	0 ns	PushPop	:{'Module': 'LlamaForCausalLM.model.layers.10.self_attn.qkv_proj', 'TrainableParams': {'weight': [3072, 2048]}, 'Outputs': [[52, 3072]]}
0.0%	1.123 μs	1	1.123 μs	1.123 μs	1.123 μs	1.123 μs	0 ns	PushPop	:{'Module': 'LlamaForCausalLM.model.layers.14.mlp.down_proj', 'TrainableParams': {'weight': [2048, 8192]}, 'Outputs': [[84, 2048]]}
0.0%	1.123 μs	1	1.123 μs	1.123 μs	1.123 μs	1.123 μs	0 ns	PushPop	:{'Module': 'LlamaForCausalLM.model.layers.14.mlp.gate_up_proj', 'TrainableParams': {'weight': [16384, 2048]}, 'Outputs': [[1873, 16384]]}
0.0%	1.123 μs	1	1.123 μs	1.123 μs	1.123 μs	1.123 μs	0 ns	PushPop	:{'Module': 'LlamaForCausalLM.model.layers.9.mlp.act_fn', 'Outputs': [[1873, 8192]]}
0.0%	1.122 μs	1	1.122 μs	1.122 μs	1.122 μs	1.122 μs	0 ns	PushPop	:{'Module': 'LlamaForCausalLM.model.layers.11.self_attn', 'Outputs': [[512, 2048]]}
0.0%	1.122 μs	1	1.122 μs	1.122 μs	1.122 μs	1.122 μs	0 ns	PushPop	:{'Module': 'LlamaForCausalLM.model.layers.5.self_attn.qkv_proj', 'TrainableParams': {'weight': [3072, 2048]}, 'Outputs': [[4, 3072]]}
0.0%	1.122 μs	1	1.122 μs	1.122 μs	1.122 μs	1.122 μs	0 ns	PushPop	:{'Module': 'LlamaForCausalLM.model.layers.9', 'Outputs': [[99, 2048], [99, 2048]]}
0.0%	1.121 μs	1	1.121 μs	1.121 μs	1.121 μs	1.121 μs	0 ns	PushPop	:{'Module': 'LlamaForCausalLM.model.layers.11.mlp.down_proj', 'TrainableParams': {'weight': [2048, 8192]}, 'Outputs': [[256, 2048]]}
0.0%	1.121 μs	1	1.121 μs	1.121 μs	1.121 μs	1.121 μs	0 ns	PushPop	:{'Module': 'LlamaForCausalLM.model.layers.12.mlp.down_proj', 'TrainableParams': {'weight': [2048, 8192]}, 'Outputs': [[84, 2048]]}
0.0%	1.121 μs	1	1.121 μs	1.121 μs	1.121 μs	1.121 μs	0 ns	PushPop	:{'Module': 'LlamaForCausalLM.model.layers.13', 'Outputs': [[512, 2048], [512, 2048]]}
0.0%	1.121 μs	1	1.121 μs	1.121 μs	1.121 μs	1.121 μs	0 ns	PushPop	:{'Module': 'LlamaForCausalLM.model.layers.13.mlp.down_proj', 'TrainableParams': {'weight': [2048, 8192]}, 'Outputs': [[36, 2048]]}
0.0%	1.121 μs	1	1.121 μs	1.121 μs	1.121 μs	1.121 μs	0 ns	PushPop	:{'Module': 'LlamaForCausalLM.model.layers.6.mlp.gate_up_proj', 'TrainableParams': {'weight': [16384, 2048]}, 'Outputs': [[1873, 16384]]}
0.0%	1.120 μs	1	1.120 μs	1.120 μs	1.120 μs	1.120 μs	0 ns	PushPop	:{'Module': 'LlamaForCausalLM.model.layers.1.mlp', 'Outputs': [[512, 2048]]}
0.0%	1.120 μs	1	1.120 μs	1.120 μs	1.120 μs	1.120 μs	0 ns	PushPop	:{'Module': 'LlamaForCausalLM.model.layers.10.self_attn.qkv_proj', 'TrainableParams': {'weight': [3072, 2048]}, 'Outputs': [[1873, 3072]]}
0.0%	1.120 μs	1	1.120 μs	1.120 μs	1.120 μs	1.120 μs	0 ns	PushPop	:{'Module': 'LlamaForCausalLM.model.layers.12.mlp.act_fn', 'Outputs': [[68, 8192]]}
0.0%	1.120 μs	1	1.120 μs	1.120 μs	1.120 μs	1.120 μs	0 ns	PushPop	:{'Module': 'LlamaForCausalLM.model.layers.2.mlp.act_fn', 'Outputs': [[256, 8192]]}
0.0%	1.120 μs	1	1.120 μs	1.120 μs	1.120 μs	1.120 μs	0 ns	PushPop	:{'Module': 'LlamaForCausalLM.model.layers.8.self_attn.qkv_proj', 'TrainableParams': {'weight': [3072, 2048]}, 'Outputs': [[4, 3072]]}
0.0%	1.119 μs	1	1.119 μs	1.119 μs	1.119 μs	1.119 μs	0 ns	PushPop	:{'Module': 'LlamaForCausalLM.model.layers.10.mlp.down_proj', 'TrainableParams': {'weight': [2048, 8192]}, 'Outputs': [[36, 2048]]}
0.0%	1.119 μs	1	1.119 μs	1.119 μs	1.119 μs	1.119 μs	0 ns	PushPop	:{'Module': 'LlamaForCausalLM.model.layers.6.mlp.down_proj', 'TrainableParams': {'weight': [2048, 8192]}, 'Outputs': [[52, 2048]]}
0.0%	1.119 μs	1	1.119 μs	1.119 μs	1.119 μs	1.119 μs	0 ns	PushPop	:{'Module': 'LlamaForCausalLM.model.layers.6.self_attn.qkv_proj', 'TrainableParams': {'weight': [3072, 2048]}, 'Outputs': [[68, 3072]]}
0.0%	1.118 μs	1	1.118 μs	1.118 μs	1.118 μs	1.118 μs	0 ns	PushPop	:{'Module': 'LlamaForCausalLM.model.layers.12.mlp.gate_up_proj', 'TrainableParams': {'weight': [16384, 2048]}, 'Outputs': [[256, 16384]]}
0.0%	1.118 μs	1	1.118 μs	1.118 μs	1.118 μs	1.118 μs	0 ns	PushPop	:{'Module': 'LlamaForCausalLM.model.layers.15.mlp.down_proj', 'TrainableParams': {'weight': [2048, 8192]}, 'Outputs': [[4, 2048]]}
0.0%	1.118 μs	1	1.118 μs	1.118 μs	1.118 μs	1.118 μs	0 ns	PushPop	:{'Module': 'LlamaForCausalLM.model.layers.7.post_attention_layernorm', 'TrainableParams': {'weight': [2048]}, 'Outputs': [[1873, 2048], [1873, 2048]]}
0.0%	1.117 μs	1	1.117 μs	1.117 μs	1.117 μs	1.117 μs	0 ns	PushPop	:{'Module': 'LlamaForCausalLM.model.layers.10.mlp.act_fn', 'Outputs': [[16, 8192]]}
0.0%	1.117 μs	1	1.117 μs	1.117 μs	1.117 μs	1.117 μs	0 ns	PushPop	:{'Module': 'LlamaForCausalLM.model.layers.13.mlp.down_proj', 'TrainableParams': {'weight': [2048, 8192]}, 'Outputs': [[1873, 2048]]}
0.0%	1.117 μs	1	1.117 μs	1.117 μs	1.117 μs	1.117 μs	0 ns	PushPop	:{'Module': 'LlamaForCausalLM.model.layers.2.input_layernorm', 'TrainableParams': {'weight': [2048]}, 'Outputs': [[99, 2048], [99, 2048]]}
0.0%	1.116 μs	1	1.116 μs	1.116 μs	1.116 μs	1.116 μs	0 ns	PushPop	:{'Module': 'LlamaForCausalLM.model.layers.10.input_layernorm', 'TrainableParams': {'weight': [2048]}, 'Outputs': [[36, 2048], [36, 2048]]}
0.0%	1.116 μs	1	1.116 μs	1.116 μs	1.116 μs	1.116 μs	0 ns	PushPop	:{'Module': 'LlamaForCausalLM.model.layers.10.self_attn', 'Outputs': [[20, 2048]]}
0.0%	1.116 μs	1	1.116 μs	1.116 μs	1.116 μs	1.116 μs	0 ns	PushPop	:{'Module': 'LlamaForCausalLM.model.layers.3.mlp.down_proj', 'TrainableParams': {'weight': [2048, 8192]}, 'Outputs': [[36, 2048]]}
0.0%	1.116 μs	1	1.116 μs	1.116 μs	1.116 μs	1.116 μs	0 ns	PushPop	:{'Module': 'LlamaForCausalLM.model.layers.5.input_layernorm', 'TrainableParams': {'weight': [2048]}, 'Outputs': [[20, 2048], [20, 2048]]}
0.0%	1.115 μs	1	1.115 μs	1.115 μs	1.115 μs	1.115 μs	0 ns	PushPop	:{'Module': 'LlamaForCausalLM.model.layers.1.mlp.down_proj', 'TrainableParams': {'weight': [2048, 8192]}, 'Outputs': [[4, 2048]]}
0.0%	1.115 μs	1	1.115 μs	1.115 μs	1.115 μs	1.115 μs	0 ns	PushPop	:{'Module': 'LlamaForCausalLM.model.layers.6.mlp.gate_up_proj', 'TrainableParams': {'weight': [16384, 2048]}, 'Outputs': [[68, 16384]]}
0.0%	1.114 μs	1	1.114 μs	1.114 μs	1.114 μs	1.114 μs	0 ns	PushPop	:{'Module': 'LlamaForCausalLM.model.layers.10.mlp.gate_up_proj', 'TrainableParams': {'weight': [16384, 2048]}, 'Outputs': [[99, 16384]]}
0.0%	1.114 μs	1	1.114 μs	1.114 μs	1.114 μs	1.114 μs	0 ns	PushPop	:{'Module': 'LlamaForCausalLM.model.layers.11.input_layernorm', 'TrainableParams': {'weight': [2048]}, 'Outputs': [[84, 2048], [84, 2048]]}
0.0%	1.114 μs	1	1.114 μs	1.114 μs	1.114 μs	1.114 μs	0 ns	PushPop	:{'Module': 'LlamaForCausalLM.model.layers.11.mlp.gate_up_proj', 'TrainableParams': {'weight': [16384, 2048]}, 'Outputs': [[20, 16384]]}
0.0%	1.114 μs	1	1.114 μs	1.114 μs	1.114 μs	1.114 μs	0 ns	PushPop	:{'Module': 'LlamaForCausalLM.model.layers.13.mlp.down_proj', 'TrainableParams': {'weight': [2048, 8192]}, 'Outputs': [[20, 2048]]}
0.0%	1.114 μs	1	1.114 μs	1.114 μs	1.114 μs	1.114 μs	0 ns	PushPop	:{'Module': 'LlamaForCausalLM.model.layers.15.input_layernorm', 'TrainableParams': {'weight': [2048]}, 'Outputs': [[36, 2048], [36, 2048]]}
0.0%	1.114 μs	1	1.114 μs	1.114 μs	1.114 μs	1.114 μs	0 ns	PushPop	:{'Module': 'LlamaForCausalLM.model.layers.6.mlp.act_fn', 'Outputs': [[512, 8192]]}
0.0%	1.114 μs	1	1.114 μs	1.114 μs	1.114 μs	1.114 μs	0 ns	PushPop	:{'Module': 'LlamaForCausalLM.model.layers.7.mlp.gate_up_proj', 'TrainableParams': {'weight': [16384, 2048]}, 'Outputs': [[68, 16384]]}
0.0%	1.113 μs	1	1.113 μs	1.113 μs	1.113 μs	1.113 μs	0 ns	PushPop	:{'Module': 'LlamaForCausalLM.model.layers.11.input_layernorm', 'TrainableParams': {'weight': [2048]}, 'Outputs': [[36, 2048], [36, 2048]]}
0.0%	1.113 μs	1	1.113 μs	1.113 μs	1.113 μs	1.113 μs	0 ns	PushPop	:{'Module': 'LlamaForCausalLM.model.layers.12.input_layernorm', 'TrainableParams': {'weight': [2048]}, 'Outputs': [[256, 2048], [256, 2048]]}
0.0%	1.113 μs	1	1.113 μs	1.113 μs	1.113 μs	1.113 μs	0 ns	PushPop	:{'Module': 'LlamaForCausalLM.model.layers.14.self_attn.qkv_proj', 'TrainableParams': {'weight': [3072, 2048]}, 'Outputs': [[256, 3072]]}
0.0%	1.113 μs	1	1.113 μs	1.113 μs	1.113 μs	1.113 μs	0 ns	PushPop	:{'Module': 'LlamaForCausalLM.model.layers.15.mlp.gate_up_proj', 'TrainableParams': {'weight': [16384, 2048]}, 'Outputs': [[20, 16384]]}
0.0%	1.113 μs	1	1.113 μs	1.113 μs	1.113 μs	1.113 μs	0 ns	PushPop	:{'Module': 'LlamaForCausalLM.model.layers.2.mlp.act_fn', 'Outputs': [[16, 8192]]}
0.0%	1.112 μs	1	1.112 μs	1.112 μs	1.112 μs	1.112 μs	0 ns	PushPop	:{'Module': 'LlamaForCausalLM.model.layers.11', 'Outputs': [[99, 2048], [99, 2048]]}
0.0%	1.112 μs	1	1.112 μs	1.112 μs	1.112 μs	1.112 μs	0 ns	PushPop	:{'Module': 'LlamaForCausalLM.model.layers.14.mlp.gate_up_proj', 'TrainableParams': {'weight': [16384, 2048]}, 'Outputs': [[52, 16384]]}
0.0%	1.111 μs	1	1.111 μs	1.111 μs	1.111 μs	1.111 μs	0 ns	PushPop	:{'Module': 'LlamaForCausalLM.model.layers.11.self_attn.qkv_proj', 'TrainableParams': {'weight': [3072, 2048]}, 'Outputs': [[84, 3072]]}
0.0%	1.111 μs	1	1.111 μs	1.111 μs	1.111 μs	1.111 μs	0 ns	PushPop	:{'Module': 'LlamaForCausalLM.model.layers.14.post_attention_layernorm', 'TrainableParams': {'weight': [2048]}, 'Outputs': [[256, 2048], [256, 2048]]}
0.0%	1.111 μs	1	1.111 μs	1.111 μs	1.111 μs	1.111 μs	0 ns	PushPop	:{'Module': 'LlamaForCausalLM.model.layers.2.self_attn', 'Outputs': [[512, 2048]]}
0.0%	1.110 μs	1	1.110 μs	1.110 μs	1.110 μs	1.110 μs	0 ns	PushPop	:{'Module': 'LlamaForCausalLM', 'Outputs': [[99, 2048]]}
0.0%	1.110 μs	1	1.110 μs	1.110 μs	1.110 μs	1.110 μs	0 ns	PushPop	:{'Module': 'LlamaForCausalLM.model.layers.1.self_attn.o_proj', 'TrainableParams': {'weight': [2048, 2048]}, 'Outputs': [[68, 2048]]}
0.0%	1.110 μs	1	1.110 μs	1.110 μs	1.110 μs	1.110 μs	0 ns	PushPop	:{'Module': 'LlamaForCausalLM.model.layers.3.input_layernorm', 'TrainableParams': {'weight': [2048]}, 'Outputs': [[4, 2048], [4, 2048]]}
0.0%	1.110 μs	1	1.110 μs	1.110 μs	1.110 μs	1.110 μs	0 ns	PushPop	:{'Module': 'LlamaForCausalLM.model.layers.4.input_layernorm', 'TrainableParams': {'weight': [2048]}, 'Outputs': [[4, 2048], [4, 2048]]}
0.0%	1.110 μs	1	1.110 μs	1.110 μs	1.110 μs	1.110 μs	0 ns	PushPop	:{'Module': 'LlamaForCausalLM.model.layers.7.input_layernorm', 'TrainableParams': {'weight': [2048]}, 'Outputs': [[36, 2048], [36, 2048]]}
0.0%	1.110 μs	1	1.110 μs	1.110 μs	1.110 μs	1.110 μs	0 ns	PushPop	:{'Module': 'LlamaForCausalLM.model.norm', 'TrainableParams': {'weight': [2048]}, 'Outputs': [[256, 2048], [256, 2048]]}
0.0%	1.109 μs	1	1.109 μs	1.109 μs	1.109 μs	1.109 μs	0 ns	PushPop	:{'Module': 'LlamaForCausalLM.model.layers.12.input_layernorm', 'TrainableParams': {'weight': [2048]}, 'Outputs': [[36, 2048], [36, 2048]]}
0.0%	1.109 μs	1	1.109 μs	1.109 μs	1.109 μs	1.109 μs	0 ns	PushPop	:{'Module': 'LlamaForCausalLM.model.layers.12.mlp.gate_up_proj', 'TrainableParams': {'weight': [16384, 2048]}, 'Outputs': [[68, 16384]]}
0.0%	1.109 μs	1	1.109 μs	1.109 μs	1.109 μs	1.109 μs	0 ns	PushPop	:{'Module': 'LlamaForCausalLM.model.layers.14.self_attn.qkv_proj', 'TrainableParams': {'weight': [3072, 2048]}, 'Outputs': [[36, 3072]]}
0.0%	1.109 μs	1	1.109 μs	1.109 μs	1.109 μs	1.109 μs	0 ns	PushPop	:{'Module': 'LlamaForCausalLM.model.layers.15.mlp.down_proj', 'TrainableParams': {'weight': [2048, 8192]}, 'Outputs': [[256, 2048]]}
0.0%	1.109 μs	1	1.109 μs	1.109 μs	1.109 μs	1.109 μs	0 ns	PushPop	:{'Module': 'LlamaForCausalLM.model.layers.2.self_attn.qkv_proj', 'TrainableParams': {'weight': [3072, 2048]}, 'Outputs': [[1873, 3072]]}
0.0%	1.109 μs	1	1.109 μs	1.109 μs	1.109 μs	1.109 μs	0 ns	PushPop	:{'Module': 'LlamaForCausalLM.model.layers.6', 'Outputs': [[52, 2048], [52, 2048]]}
0.0%	1.108 μs	1	1.108 μs	1.108 μs	1.108 μs	1.108 μs	0 ns	PushPop	:{'Module': 'LlamaForCausalLM.model.layers.14.self_attn.qkv_proj', 'TrainableParams': {'weight': [3072, 2048]}, 'Outputs': [[99, 3072]]}
0.0%	1.108 μs	1	1.108 μs	1.108 μs	1.108 μs	1.108 μs	0 ns	PushPop	:{'Module': 'LlamaForCausalLM.model.layers.4.self_attn.qkv_proj', 'TrainableParams': {'weight': [3072, 2048]}, 'Outputs': [[68, 3072]]}
0.0%	1.108 μs	1	1.108 μs	1.108 μs	1.108 μs	1.108 μs	0 ns	PushPop	:{'Module': 'LlamaForCausalLM.model.layers.5.mlp.gate_up_proj', 'TrainableParams': {'weight': [16384, 2048]}, 'Outputs': [[52, 16384]]}
0.0%	1.108 μs	1	1.108 μs	1.108 μs	1.108 μs	1.108 μs	0 ns	PushPop	:{'Module': 'LlamaForCausalLM.model.layers.6.mlp.gate_up_proj', 'TrainableParams': {'weight': [16384, 2048]}, 'Outputs': [[4, 16384]]}
0.0%	1.107 μs	1	1.107 μs	1.107 μs	1.107 μs	1.107 μs	0 ns	PushPop	:{'Module': 'LlamaForCausalLM', 'Outputs': [[512, 2048]]}
0.0%	1.107 μs	1	1.107 μs	1.107 μs	1.107 μs	1.107 μs	0 ns	PushPop	:{'Module': 'LlamaForCausalLM.model.layers.0.mlp.act_fn', 'Outputs': [[1873, 8192]]}
0.0%	1.107 μs	1	1.107 μs	1.107 μs	1.107 μs	1.107 μs	0 ns	PushPop	:{'Module': 'LlamaForCausalLM.model.layers.10', 'Outputs': [[99, 2048], [99, 2048]]}
0.0%	1.107 μs	1	1.107 μs	1.107 μs	1.107 μs	1.107 μs	0 ns	PushPop	:{'Module': 'LlamaForCausalLM.model.layers.10.self_attn.o_proj', 'TrainableParams': {'weight': [2048, 2048]}, 'Outputs': [[84, 2048]]}
0.0%	1.107 μs	1	1.107 μs	1.107 μs	1.107 μs	1.107 μs	0 ns	PushPop	:{'Module': 'LlamaForCausalLM.model.layers.14.mlp.gate_up_proj', 'TrainableParams': {'weight': [16384, 2048]}, 'Outputs': [[36, 16384]]}
0.0%	1.107 μs	1	1.107 μs	1.107 μs	1.107 μs	1.107 μs	0 ns	PushPop	:{'Module': 'LlamaForCausalLM.model.layers.2.mlp', 'Outputs': [[512, 2048]]}
0.0%	1.107 μs	1	1.107 μs	1.107 μs	1.107 μs	1.107 μs	0 ns	PushPop	:{'Module': 'LlamaForCausalLM.model.layers.2.self_attn.qkv_proj', 'TrainableParams': {'weight': [3072, 2048]}, 'Outputs': [[52, 3072]]}
0.0%	1.106 μs	1	1.106 μs	1.106 μs	1.106 μs	1.106 μs	0 ns	PushPop	:{'Module': 'LlamaForCausalLM.model.layers.12.mlp.down_proj', 'TrainableParams': {'weight': [2048, 8192]}, 'Outputs': [[20, 2048]]}
0.0%	1.106 μs	1	1.106 μs	1.106 μs	1.106 μs	1.106 μs	0 ns	PushPop	:{'Module': 'LlamaForCausalLM.model.layers.7.post_attention_layernorm', 'TrainableParams': {'weight': [2048]}, 'Outputs': [[68, 2048], [68, 2048]]}
0.0%	1.105 μs	1	1.105 μs	1.105 μs	1.105 μs	1.105 μs	0 ns	PushPop	:{'Module': 'LlamaForCausalLM.model.layers.10.self_attn.qkv_proj', 'TrainableParams': {'weight': [3072, 2048]}, 'Outputs': [[4, 3072]]}
0.0%	1.105 μs	1	1.105 μs	1.105 μs	1.105 μs	1.105 μs	0 ns	PushPop	:{'Module': 'LlamaForCausalLM.model.layers.13.self_attn.qkv_proj', 'TrainableParams': {'weight': [3072, 2048]}, 'Outputs': [[84, 3072]]}
0.0%	1.105 μs	1	1.105 μs	1.105 μs	1.105 μs	1.105 μs	0 ns	PushPop	:{'Module': 'LlamaForCausalLM.model.layers.15', 'Outputs': [[16, 2048], [16, 2048]]}
0.0%	1.105 μs	1	1.105 μs	1.105 μs	1.105 μs	1.105 μs	0 ns	PushPop	:{'Module': 'LlamaForCausalLM.model.layers.15.mlp.gate_up_proj', 'TrainableParams': {'weight': [16384, 2048]}, 'Outputs': [[256, 16384]]}
0.0%	1.105 μs	1	1.105 μs	1.105 μs	1.105 μs	1.105 μs	0 ns	PushPop	:{'Module': 'LlamaForCausalLM.model.layers.9.mlp.down_proj', 'TrainableParams': {'weight': [2048, 8192]}, 'Outputs': [[4, 2048]]}
0.0%	1.104 μs	1	1.104 μs	1.104 μs	1.104 μs	1.104 μs	0 ns	PushPop	:{'Module': 'LlamaForCausalLM.logits_processor', 'Outputs': [[68, 128256]]}
0.0%	1.104 μs	1	1.104 μs	1.104 μs	1.104 μs	1.104 μs	0 ns	PushPop	:{'Module': 'LlamaForCausalLM.model.layers.10.post_attention_layernorm', 'TrainableParams': {'weight': [2048]}, 'Outputs': [[52, 2048], [52, 2048]]}
0.0%	1.104 μs	1	1.104 μs	1.104 μs	1.104 μs	1.104 μs	0 ns	PushPop	:{'Module': 'LlamaForCausalLM.model.layers.15', 'Outputs': [[512, 2048], [512, 2048]]}
0.0%	1.104 μs	1	1.104 μs	1.104 μs	1.104 μs	1.104 μs	0 ns	PushPop	:{'Module': 'LlamaForCausalLM.model.layers.15.self_attn.qkv_proj', 'TrainableParams': {'weight': [3072, 2048]}, 'Outputs': [[256, 3072]]}
0.0%	1.103 μs	1	1.103 μs	1.103 μs	1.103 μs	1.103 μs	0 ns	PushPop	:{'Module': 'LlamaForCausalLM.model.layers.0.mlp', 'Outputs': [[68, 2048]]}
0.0%	1.103 μs	1	1.103 μs	1.103 μs	1.103 μs	1.103 μs	0 ns	PushPop	:{'Module': 'LlamaForCausalLM.model.layers.14.self_attn.qkv_proj', 'TrainableParams': {'weight': [3072, 2048]}, 'Outputs': [[1873, 3072]]}
0.0%	1.103 μs	1	1.103 μs	1.103 μs	1.103 μs	1.103 μs	0 ns	PushPop	:{'Module': 'LlamaForCausalLM.model.layers.8.self_attn.qkv_proj', 'TrainableParams': {'weight': [3072, 2048]}, 'Outputs': [[20, 3072]]}
0.0%	1.102 μs	1	1.102 μs	1.102 μs	1.102 μs	1.102 μs	0 ns	PushPop	:{'Module': 'LlamaForCausalLM.model.layers.1.input_layernorm', 'TrainableParams': {'weight': [2048]}, 'Outputs': [[84, 2048], [84, 2048]]}
0.0%	1.102 μs	1	1.102 μs	1.102 μs	1.102 μs	1.102 μs	0 ns	PushPop	:{'Module': 'LlamaForCausalLM.model.layers.14.mlp.gate_up_proj', 'TrainableParams': {'weight': [16384, 2048]}, 'Outputs': [[256, 16384]]}
0.0%	1.101 μs	1	1.101 μs	1.101 μs	1.101 μs	1.101 μs	0 ns	PushPop	:{'Module': 'LlamaForCausalLM.model.layers.1.post_attention_layernorm', 'TrainableParams': {'weight': [2048]}, 'Outputs': [[20, 2048], [20, 2048]]}
0.0%	1.101 μs	1	1.101 μs	1.101 μs	1.101 μs	1.101 μs	0 ns	PushPop	:{'Module': 'LlamaForCausalLM.model.layers.10', 'Outputs': [[16, 2048], [16, 2048]]}
0.0%	1.101 μs	1	1.101 μs	1.101 μs	1.101 μs	1.101 μs	0 ns	PushPop	:{'Module': 'LlamaForCausalLM.model.layers.12.self_attn.attn', 'Outputs': [[256, 2048]]}
0.0%	1.101 μs	1	1.101 μs	1.101 μs	1.101 μs	1.101 μs	0 ns	PushPop	:{'Module': 'LlamaForCausalLM.model.layers.2.mlp.act_fn', 'Outputs': [[99, 8192]]}
0.0%	1.101 μs	1	1.101 μs	1.101 μs	1.101 μs	1.101 μs	0 ns	PushPop	:{'Module': 'LlamaForCausalLM.model.layers.8.mlp.act_fn', 'Outputs': [[52, 8192]]}
0.0%	1.100 μs	1	1.100 μs	1.100 μs	1.100 μs	1.100 μs	0 ns	PushPop	:{'Module': 'LlamaForCausalLM.logits_processor', 'Outputs': [[52, 128256]]}
0.0%	1.100 μs	1	1.100 μs	1.100 μs	1.100 μs	1.100 μs	0 ns	PushPop	:{'Module': 'LlamaForCausalLM.model.layers.3.mlp.act_fn', 'Outputs': [[16, 8192]]}
0.0%	1.100 μs	1	1.100 μs	1.100 μs	1.100 μs	1.100 μs	0 ns	PushPop	:{'Module': 'LlamaForCausalLM.model.layers.4.post_attention_layernorm', 'TrainableParams': {'weight': [2048]}, 'Outputs': [[36, 2048], [36, 2048]]}
0.0%	1.100 μs	1	1.100 μs	1.100 μs	1.100 μs	1.100 μs	0 ns	PushPop	:{'Module': 'LlamaForCausalLM.model.layers.4.post_attention_layernorm', 'TrainableParams': {'weight': [2048]}, 'Outputs': [[4, 2048], [4, 2048]]}
0.0%	1.100 μs	1	1.100 μs	1.100 μs	1.100 μs	1.100 μs	0 ns	PushPop	:{'Module': 'LlamaForCausalLM.model.layers.7.mlp.act_fn', 'Outputs': [[20, 8192]]}
0.0%	1.100 μs	1	1.100 μs	1.100 μs	1.100 μs	1.100 μs	0 ns	PushPop	:{'Module': 'LlamaForCausalLM.model.layers.9.post_attention_layernorm', 'TrainableParams': {'weight': [2048]}, 'Outputs': [[20, 2048], [20, 2048]]}
0.0%	1.099 μs	1	1.099 μs	1.099 μs	1.099 μs	1.099 μs	0 ns	PushPop	:{'Module': 'LlamaForCausalLM.model.layers.6.self_attn.qkv_proj', 'TrainableParams': {'weight': [3072, 2048]}, 'Outputs': [[36, 3072]]}
0.0%	1.098 μs	1	1.098 μs	1.098 μs	1.098 μs	1.098 μs	0 ns	PushPop	:{'Module': 'LlamaForCausalLM.model.layers.11.mlp.down_proj', 'TrainableParams': {'weight': [2048, 8192]}, 'Outputs': [[52, 2048]]}
0.0%	1.098 μs	1	1.098 μs	1.098 μs	1.098 μs	1.098 μs	0 ns	PushPop	:{'Module': 'LlamaForCausalLM.model.layers.12.mlp.act_fn', 'Outputs': [[1873, 8192]]}
0.0%	1.098 μs	1	1.098 μs	1.098 μs	1.098 μs	1.098 μs	0 ns	PushPop	:{'Module': 'LlamaForCausalLM.model.layers.14.self_attn.qkv_proj', 'TrainableParams': {'weight': [3072, 2048]}, 'Outputs': [[52, 3072]]}
0.0%	1.098 μs	1	1.098 μs	1.098 μs	1.098 μs	1.098 μs	0 ns	PushPop	:{'Module': 'LlamaForCausalLM.model.layers.3.mlp.gate_up_proj', 'TrainableParams': {'weight': [16384, 2048]}, 'Outputs': [[84, 16384]]}
0.0%	1.098 μs	1	1.098 μs	1.098 μs	1.098 μs	1.098 μs	0 ns	PushPop	:{'Module': 'LlamaForCausalLM.model.layers.6.self_attn.o_proj', 'TrainableParams': {'weight': [2048, 2048]}, 'Outputs': [[20, 2048]]}
0.0%	1.098 μs	1	1.098 μs	1.098 μs	1.098 μs	1.098 μs	0 ns	PushPop	:{'Module': 'LlamaForCausalLM.model.layers.7.mlp.act_fn', 'Outputs': [[512, 8192]]}
0.0%	1.098 μs	1	1.098 μs	1.098 μs	1.098 μs	1.098 μs	0 ns	PushPop	:{'Module': 'LlamaForCausalLM.model.layers.7.mlp.down_proj', 'TrainableParams': {'weight': [2048, 8192]}, 'Outputs': [[20, 2048]]}
0.0%	1.097 μs	1	1.097 μs	1.097 μs	1.097 μs	1.097 μs	0 ns	PushPop	:{'Module': 'LlamaForCausalLM', 'Outputs': [[16, 2048]]}
0.0%	1.097 μs	1	1.097 μs	1.097 μs	1.097 μs	1.097 μs	0 ns	PushPop	:{'Module': 'LlamaForCausalLM.model.layers.14.post_attention_layernorm', 'TrainableParams': {'weight': [2048]}, 'Outputs': [[20, 2048], [20, 2048]]}
0.0%	1.097 μs	1	1.097 μs	1.097 μs	1.097 μs	1.097 μs	0 ns	PushPop	:{'Module': 'LlamaForCausalLM.model.layers.14.post_attention_layernorm', 'TrainableParams': {'weight': [2048]}, 'Outputs': [[4, 2048], [4, 2048]]}
0.0%	1.097 μs	1	1.097 μs	1.097 μs	1.097 μs	1.097 μs	0 ns	PushPop	:{'Module': 'LlamaForCausalLM.model.layers.6.mlp.gate_up_proj', 'TrainableParams': {'weight': [16384, 2048]}, 'Outputs': [[52, 16384]]}
0.0%	1.096 μs	1	1.096 μs	1.096 μs	1.096 μs	1.096 μs	0 ns	PushPop	:{'Module': 'LlamaForCausalLM.model.layers.2.self_attn.qkv_proj', 'TrainableParams': {'weight': [3072, 2048]}, 'Outputs': [[4, 3072]]}
0.0%	1.096 μs	1	1.096 μs	1.096 μs	1.096 μs	1.096 μs	0 ns	PushPop	:{'Module': 'LlamaForCausalLM.model.layers.7.mlp.down_proj', 'TrainableParams': {'weight': [2048, 8192]}, 'Outputs': [[68, 2048]]}
0.0%	1.096 μs	1	1.096 μs	1.096 μs	1.096 μs	1.096 μs	0 ns	PushPop	:{'Module': 'LlamaForCausalLM.model.layers.7.post_attention_layernorm', 'TrainableParams': {'weight': [2048]}, 'Outputs': [[4, 2048], [4, 2048]]}
0.0%	1.095 μs	1	1.095 μs	1.095 μs	1.095 μs	1.095 μs	0 ns	PushPop	:{'Module': 'LlamaForCausalLM.model.layers.11.mlp.gate_up_proj', 'TrainableParams': {'weight': [16384, 2048]}, 'Outputs': [[52, 16384]]}
0.0%	1.095 μs	1	1.095 μs	1.095 μs	1.095 μs	1.095 μs	0 ns	PushPop	:{'Module': 'LlamaForCausalLM.model.layers.12.mlp.gate_up_proj', 'TrainableParams': {'weight': [16384, 2048]}, 'Outputs': [[4, 16384]]}
0.0%	1.095 μs	1	1.095 μs	1.095 μs	1.095 μs	1.095 μs	0 ns	PushPop	:{'Module': 'LlamaForCausalLM.model.layers.13.self_attn.qkv_proj', 'TrainableParams': {'weight': [3072, 2048]}, 'Outputs': [[20, 3072]]}
0.0%	1.095 μs	1	1.095 μs	1.095 μs	1.095 μs	1.095 μs	0 ns	PushPop	:{'Module': 'LlamaForCausalLM.model.layers.3.self_attn.qkv_proj', 'TrainableParams': {'weight': [3072, 2048]}, 'Outputs': [[99, 3072]]}
0.0%	1.095 μs	1	1.095 μs	1.095 μs	1.095 μs	1.095 μs	0 ns	PushPop	:{'Module': 'LlamaForCausalLM.model.layers.4.mlp.down_proj', 'TrainableParams': {'weight': [2048, 8192]}, 'Outputs': [[4, 2048]]}
0.0%	1.095 μs	1	1.095 μs	1.095 μs	1.095 μs	1.095 μs	0 ns	PushPop	:{'Module': 'LlamaForCausalLM.model.layers.5.self_attn', 'Outputs': [[512, 2048]]}
0.0%	1.095 μs	1	1.095 μs	1.095 μs	1.095 μs	1.095 μs	0 ns	PushPop	:{'Module': 'LlamaForCausalLM.model.layers.9.mlp.act_fn', 'Outputs': [[84, 8192]]}
0.0%	1.094 μs	1	1.094 μs	1.094 μs	1.094 μs	1.094 μs	0 ns	PushPop	:{'Module': 'LlamaForCausalLM.model.layers.12.self_attn.qkv_proj', 'TrainableParams': {'weight': [3072, 2048]}, 'Outputs': [[1873, 3072]]}
0.0%	1.094 μs	1	1.094 μs	1.094 μs	1.094 μs	1.094 μs	0 ns	PushPop	:{'Module': 'LlamaForCausalLM.model.layers.13', 'Outputs': [[99, 2048], [99, 2048]]}
0.0%	1.094 μs	1	1.094 μs	1.094 μs	1.094 μs	1.094 μs	0 ns	PushPop	:{'Module': 'LlamaForCausalLM.model.layers.5.input_layernorm', 'TrainableParams': {'weight': [2048]}, 'Outputs': [[36, 2048], [36, 2048]]}
0.0%	1.094 μs	1	1.094 μs	1.094 μs	1.094 μs	1.094 μs	0 ns	PushPop	:{'Module': 'LlamaForCausalLM.model.layers.7.input_layernorm', 'TrainableParams': {'weight': [2048]}, 'Outputs': [[4, 2048], [4, 2048]]}
0.0%	1.093 μs	1	1.093 μs	1.093 μs	1.093 μs	1.093 μs	0 ns	PushPop	:{'Module': 'LlamaForCausalLM.model.layers.0.mlp.down_proj', 'TrainableParams': {'weight': [2048, 8192]}, 'Outputs': [[99, 2048]]}
0.0%	1.093 μs	1	1.093 μs	1.093 μs	1.093 μs	1.093 μs	0 ns	PushPop	:{'Module': 'LlamaForCausalLM.model.layers.12.input_layernorm', 'TrainableParams': {'weight': [2048]}, 'Outputs': [[20, 2048], [20, 2048]]}
0.0%	1.093 μs	1	1.093 μs	1.093 μs	1.093 μs	1.093 μs	0 ns	PushPop	:{'Module': 'LlamaForCausalLM.model.layers.2.self_attn.qkv_proj', 'TrainableParams': {'weight': [3072, 2048]}, 'Outputs': [[68, 3072]]}
0.0%	1.093 μs	1	1.093 μs	1.093 μs	1.093 μs	1.093 μs	0 ns	PushPop	:{'Module': 'LlamaForCausalLM.model.layers.3.mlp.gate_up_proj', 'TrainableParams': {'weight': [16384, 2048]}, 'Outputs': [[36, 16384]]}
0.0%	1.092 μs	1	1.092 μs	1.092 μs	1.092 μs	1.092 μs	0 ns	PushPop	:{'Module': 'LlamaForCausalLM.model.layers.13.mlp.act_fn', 'Outputs': [[16, 8192]]}
0.0%	1.092 μs	1	1.092 μs	1.092 μs	1.092 μs	1.092 μs	0 ns	PushPop	:{'Module': 'LlamaForCausalLM.model.layers.15.post_attention_layernorm', 'TrainableParams': {'weight': [2048]}, 'Outputs': [[52, 2048], [52, 2048]]}
0.0%	1.092 μs	1	1.092 μs	1.092 μs	1.092 μs	1.092 μs	0 ns	PushPop	:{'Module': 'LlamaForCausalLM.model.layers.2.self_attn.qkv_proj', 'TrainableParams': {'weight': [3072, 2048]}, 'Outputs': [[99, 3072]]}
0.0%	1.092 μs	1	1.092 μs	1.092 μs	1.092 μs	1.092 μs	0 ns	PushPop	:{'Module': 'LlamaForCausalLM.model.layers.3.mlp', 'Outputs': [[84, 2048]]}
0.0%	1.092 μs	1	1.092 μs	1.092 μs	1.092 μs	1.092 μs	0 ns	PushPop	:{'Module': 'LlamaForCausalLM.model.layers.5.post_attention_layernorm', 'TrainableParams': {'weight': [2048]}, 'Outputs': [[20, 2048], [20, 2048]]}
0.0%	1.091 μs	1	1.091 μs	1.091 μs	1.091 μs	1.091 μs	0 ns	PushPop	:{'Module': 'LlamaForCausalLM.model.layers.10', 'Outputs': [[68, 2048], [68, 2048]]}
0.0%	1.091 μs	1	1.091 μs	1.091 μs	1.091 μs	1.091 μs	0 ns	PushPop	:{'Module': 'LlamaForCausalLM.model.layers.13.mlp.down_proj', 'TrainableParams': {'weight': [2048, 8192]}, 'Outputs': [[4, 2048]]}
0.0%	1.091 μs	1	1.091 μs	1.091 μs	1.091 μs	1.091 μs	0 ns	PushPop	:{'Module': 'LlamaForCausalLM.model.layers.3.self_attn', 'Outputs': [[99, 2048]]}
0.0%	1.091 μs	1	1.091 μs	1.091 μs	1.091 μs	1.091 μs	0 ns	PushPop	:{'Module': 'LlamaForCausalLM.model.layers.4.mlp.down_proj', 'TrainableParams': {'weight': [2048, 8192]}, 'Outputs': [[20, 2048]]}
0.0%	1.091 μs	1	1.091 μs	1.091 μs	1.091 μs	1.091 μs	0 ns	PushPop	:{'Module': 'LlamaForCausalLM.model.layers.8', 'Outputs': [[256, 2048], [256, 2048]]}
0.0%	1.090 μs	1	1.090 μs	1.090 μs	1.090 μs	1.090 μs	0 ns	PushPop	:{'Module': 'LlamaForCausalLM.model.layers.1.mlp.gate_up_proj', 'TrainableParams': {'weight': [16384, 2048]}, 'Outputs': [[4, 16384]]}
0.0%	1.090 μs	1	1.090 μs	1.090 μs	1.090 μs	1.090 μs	0 ns	PushPop	:{'Module': 'LlamaForCausalLM.model.layers.3', 'Outputs': [[256, 2048], [256, 2048]]}
0.0%	1.090 μs	1	1.090 μs	1.090 μs	1.090 μs	1.090 μs	0 ns	PushPop	:{'Module': 'LlamaForCausalLM.model.layers.3.mlp.act_fn', 'Outputs': [[84, 8192]]}
0.0%	1.089 μs	1	1.089 μs	1.089 μs	1.089 μs	1.089 μs	0 ns	PushPop	:{'Module': 'LlamaForCausalLM.model.layers.3.self_attn.qkv_proj', 'TrainableParams': {'weight': [3072, 2048]}, 'Outputs': [[4, 3072]]}
0.0%	1.089 μs	1	1.089 μs	1.089 μs	1.089 μs	1.089 μs	0 ns	PushPop	:{'Module': 'LlamaForCausalLM.model.layers.4.self_attn.qkv_proj', 'TrainableParams': {'weight': [3072, 2048]}, 'Outputs': [[20, 3072]]}
0.0%	1.089 μs	1	1.089 μs	1.089 μs	1.089 μs	1.089 μs	0 ns	PushPop	:{'Module': 'LlamaForCausalLM.model.layers.7.self_attn.qkv_proj', 'TrainableParams': {'weight': [3072, 2048]}, 'Outputs': [[52, 3072]]}
0.0%	1.089 μs	1	1.089 μs	1.089 μs	1.089 μs	1.089 μs	0 ns	PushPop	:{'Module': 'LlamaForCausalLM.model.layers.8.self_attn', 'Outputs': [[16, 2048]]}
0.0%	1.089 μs	1	1.089 μs	1.089 μs	1.089 μs	1.089 μs	0 ns	PushPop	:{'Module': 'LlamaForCausalLM.model.layers.9.mlp.gate_up_proj', 'TrainableParams': {'weight': [16384, 2048]}, 'Outputs': [[20, 16384]]}
0.0%	1.088 μs	1	1.088 μs	1.088 μs	1.088 μs	1.088 μs	0 ns	PushPop	:{'Module': 'LlamaForCausalLM.model.layers.1.mlp', 'Outputs': [[99, 2048]]}
0.0%	1.088 μs	1	1.088 μs	1.088 μs	1.088 μs	1.088 μs	0 ns	PushPop	:{'Module': 'LlamaForCausalLM.model.layers.15.mlp.gate_up_proj', 'TrainableParams': {'weight': [16384, 2048]}, 'Outputs': [[36, 16384]]}
0.0%	1.088 μs	1	1.088 μs	1.088 μs	1.088 μs	1.088 μs	0 ns	PushPop	:{'Module': 'LlamaForCausalLM.model.layers.4.mlp.gate_up_proj', 'TrainableParams': {'weight': [16384, 2048]}, 'Outputs': [[36, 16384]]}
0.0%	1.088 μs	1	1.088 μs	1.088 μs	1.088 μs	1.088 μs	0 ns	PushPop	:{'Module': 'LlamaForCausalLM.model.layers.9.mlp.act_fn', 'Outputs': [[68, 8192]]}
0.0%	1.087 μs	1	1.087 μs	1.087 μs	1.087 μs	1.087 μs	0 ns	PushPop	:{'Module': 'LlamaForCausalLM.model.layers.12.self_attn.qkv_proj', 'TrainableParams': {'weight': [3072, 2048]}, 'Outputs': [[20, 3072]]}
0.0%	1.087 μs	1	1.087 μs	1.087 μs	1.087 μs	1.087 μs	0 ns	PushPop	:{'Module': 'LlamaForCausalLM.model.layers.15.post_attention_layernorm', 'TrainableParams': {'weight': [2048]}, 'Outputs': [[256, 2048], [256, 2048]]}
0.0%	1.086 μs	1	1.086 μs	1.086 μs	1.086 μs	1.086 μs	0 ns	PushPop	:{'Module': 'LlamaForCausalLM.model.layers.1.mlp.down_proj', 'TrainableParams': {'weight': [2048, 8192]}, 'Outputs': [[36, 2048]]}
0.0%	1.086 μs	1	1.086 μs	1.086 μs	1.086 μs	1.086 μs	0 ns	PushPop	:{'Module': 'LlamaForCausalLM.model.layers.15.mlp.down_proj', 'TrainableParams': {'weight': [2048, 8192]}, 'Outputs': [[36, 2048]]}
0.0%	1.086 μs	1	1.086 μs	1.086 μs	1.086 μs	1.086 μs	0 ns	PushPop	:{'Module': 'LlamaForCausalLM.model.layers.7', 'Outputs': [[256, 2048], [256, 2048]]}
0.0%	1.086 μs	1	1.086 μs	1.086 μs	1.086 μs	1.086 μs	0 ns	PushPop	:{'Module': 'LlamaForCausalLM.model.norm', 'TrainableParams': {'weight': [2048]}, 'Outputs': [[20, 2048], [20, 2048]]}
0.0%	1.085 μs	1	1.085 μs	1.085 μs	1.085 μs	1.085 μs	0 ns	PushPop	:{'Module': 'LlamaForCausalLM.model.layers.0', 'Outputs': [[36, 2048], [36, 2048]]}
0.0%	1.085 μs	1	1.085 μs	1.085 μs	1.085 μs	1.085 μs	0 ns	PushPop	:{'Module': 'LlamaForCausalLM.model.layers.11.mlp.gate_up_proj', 'TrainableParams': {'weight': [16384, 2048]}, 'Outputs': [[84, 16384]]}
0.0%	1.085 μs	1	1.085 μs	1.085 μs	1.085 μs	1.085 μs	0 ns	PushPop	:{'Module': 'LlamaForCausalLM.model.layers.5.mlp.down_proj', 'TrainableParams': {'weight': [2048, 8192]}, 'Outputs': [[4, 2048]]}
0.0%	1.085 μs	1	1.085 μs	1.085 μs	1.085 μs	1.085 μs	0 ns	PushPop	:{'Module': 'LlamaForCausalLM.model.layers.6', 'Outputs': [[512, 2048], [512, 2048]]}
0.0%	1.084 μs	1	1.084 μs	1.084 μs	1.084 μs	1.084 μs	0 ns	PushPop	:{'Module': 'LlamaForCausalLM.model.layers.1.self_attn.qkv_proj', 'TrainableParams': {'weight': [3072, 2048]}, 'Outputs': [[84, 3072]]}
0.0%	1.084 μs	1	1.084 μs	1.084 μs	1.084 μs	1.084 μs	0 ns	PushPop	:{'Module': 'LlamaForCausalLM.model.layers.15.mlp.down_proj', 'TrainableParams': {'weight': [2048, 8192]}, 'Outputs': [[84, 2048]]}
0.0%	1.083 μs	1	1.083 μs	1.083 μs	1.083 μs	1.083 μs	0 ns	PushPop	:{'Module': 'LlamaForCausalLM.model.layers.12.post_attention_layernorm', 'TrainableParams': {'weight': [2048]}, 'Outputs': [[4, 2048], [4, 2048]]}
0.0%	1.083 μs	1	1.083 μs	1.083 μs	1.083 μs	1.083 μs	0 ns	PushPop	:{'Module': 'LlamaForCausalLM.model.layers.2.mlp.gate_up_proj', 'TrainableParams': {'weight': [16384, 2048]}, 'Outputs': [[1873, 16384]]}
0.0%	1.083 μs	1	1.083 μs	1.083 μs	1.083 μs	1.083 μs	0 ns	PushPop	:{'Module': 'LlamaForCausalLM.model.layers.2.post_attention_layernorm', 'TrainableParams': {'weight': [2048]}, 'Outputs': [[36, 2048], [36, 2048]]}
0.0%	1.083 μs	1	1.083 μs	1.083 μs	1.083 μs	1.083 μs	0 ns	PushPop	:{'Module': 'LlamaForCausalLM.model.layers.2.self_attn.qkv_proj', 'TrainableParams': {'weight': [3072, 2048]}, 'Outputs': [[36, 3072]]}
0.0%	1.083 μs	1	1.083 μs	1.083 μs	1.083 μs	1.083 μs	0 ns	PushPop	:{'Module': 'LlamaForCausalLM.model.layers.5.self_attn.qkv_proj', 'TrainableParams': {'weight': [3072, 2048]}, 'Outputs': [[20, 3072]]}
0.0%	1.083 μs	1	1.083 μs	1.083 μs	1.083 μs	1.083 μs	0 ns	PushPop	:{'Module': 'LlamaForCausalLM.model.layers.6.post_attention_layernorm', 'TrainableParams': {'weight': [2048]}, 'Outputs': [[52, 2048], [52, 2048]]}
0.0%	1.083 μs	1	1.083 μs	1.083 μs	1.083 μs	1.083 μs	0 ns	PushPop	:{'Module': 'LlamaForCausalLM.model.layers.9.self_attn', 'Outputs': [[16, 2048]]}
0.0%	1.082 μs	1	1.082 μs	1.082 μs	1.082 μs	1.082 μs	0 ns	PushPop	:{'Module': 'LlamaForCausalLM.model.layers.11.mlp.down_proj', 'TrainableParams': {'weight': [2048, 8192]}, 'Outputs': [[20, 2048]]}
0.0%	1.082 μs	1	1.082 μs	1.082 μs	1.082 μs	1.082 μs	0 ns	PushPop	:{'Module': 'LlamaForCausalLM.model.layers.8.self_attn.qkv_proj', 'TrainableParams': {'weight': [3072, 2048]}, 'Outputs': [[36, 3072]]}
0.0%	1.081 μs	1	1.081 μs	1.081 μs	1.081 μs	1.081 μs	0 ns	PushPop	:{'Module': 'LlamaForCausalLM.model.layers.10.self_attn', 'Outputs': [[68, 2048]]}
0.0%	1.081 μs	1	1.081 μs	1.081 μs	1.081 μs	1.081 μs	0 ns	PushPop	:{'Module': 'LlamaForCausalLM.model.layers.12.self_attn.qkv_proj', 'TrainableParams': {'weight': [3072, 2048]}, 'Outputs': [[4, 3072]]}
0.0%	1.081 μs	1	1.081 μs	1.081 μs	1.081 μs	1.081 μs	0 ns	PushPop	:{'Module': 'LlamaForCausalLM.model.layers.7.mlp.act_fn', 'Outputs': [[256, 8192]]}
0.0%	1.080 μs	1	1.080 μs	1.080 μs	1.080 μs	1.080 μs	0 ns	PushPop	:{'Module': 'LlamaForCausalLM.model.layers.1.mlp.act_fn', 'Outputs': [[68, 8192]]}
0.0%	1.080 μs	1	1.080 μs	1.080 μs	1.080 μs	1.080 μs	0 ns	PushPop	:{'Module': 'LlamaForCausalLM.model.layers.12.mlp.gate_up_proj', 'TrainableParams': {'weight': [16384, 2048]}, 'Outputs': [[52, 16384]]}
0.0%	1.080 μs	1	1.080 μs	1.080 μs	1.080 μs	1.080 μs	0 ns	PushPop	:{'Module': 'LlamaForCausalLM.model.layers.5', 'Outputs': [[1873, 2048], [1873, 2048]]}
0.0%	1.079 μs	1	1.079 μs	1.079 μs	1.079 μs	1.079 μs	0 ns	PushPop	:{'Module': 'LlamaForCausalLM.model.layers.1.mlp.gate_up_proj', 'TrainableParams': {'weight': [16384, 2048]}, 'Outputs': [[36, 16384]]}
0.0%	1.079 μs	1	1.079 μs	1.079 μs	1.079 μs	1.079 μs	0 ns	PushPop	:{'Module': 'LlamaForCausalLM.model.layers.12.self_attn.qkv_proj', 'TrainableParams': {'weight': [3072, 2048]}, 'Outputs': [[99, 3072]]}
0.0%	1.079 μs	1	1.079 μs	1.079 μs	1.079 μs	1.079 μs	0 ns	PushPop	:{'Module': 'LlamaForCausalLM.model.layers.14.input_layernorm', 'TrainableParams': {'weight': [2048]}, 'Outputs': [[20, 2048], [20, 2048]]}
0.0%	1.079 μs	1	1.079 μs	1.079 μs	1.079 μs	1.079 μs	0 ns	PushPop	:{'Module': 'LlamaForCausalLM.model.layers.14.self_attn.o_proj', 'TrainableParams': {'weight': [2048, 2048]}, 'Outputs': [[256, 2048]]}
0.0%	1.079 μs	1	1.079 μs	1.079 μs	1.079 μs	1.079 μs	0 ns	PushPop	:{'Module': 'LlamaForCausalLM.model.layers.15.mlp.down_proj', 'TrainableParams': {'weight': [2048, 8192]}, 'Outputs': [[20, 2048]]}
0.0%	1.079 μs	1	1.079 μs	1.079 μs	1.079 μs	1.079 μs	0 ns	PushPop	:{'Module': 'LlamaForCausalLM.model.layers.2.mlp.down_proj', 'TrainableParams': {'weight': [2048, 8192]}, 'Outputs': [[36, 2048]]}
0.0%	1.079 μs	1	1.079 μs	1.079 μs	1.079 μs	1.079 μs	0 ns	PushPop	:{'Module': 'LlamaForCausalLM.model.layers.3.self_attn.qkv_proj', 'TrainableParams': {'weight': [3072, 2048]}, 'Outputs': [[52, 3072]]}
0.0%	1.079 μs	1	1.079 μs	1.079 μs	1.079 μs	1.079 μs	0 ns	PushPop	:{'Module': 'LlamaForCausalLM.model.layers.7.mlp.gate_up_proj', 'TrainableParams': {'weight': [16384, 2048]}, 'Outputs': [[1873, 16384]]}
0.0%	1.078 μs	1	1.078 μs	1.078 μs	1.078 μs	1.078 μs	0 ns	PushPop	:{'Module': 'LlamaForCausalLM.model.layers.10.mlp.gate_up_proj', 'TrainableParams': {'weight': [16384, 2048]}, 'Outputs': [[84, 16384]]}
0.0%	1.078 μs	1	1.078 μs	1.078 μs	1.078 μs	1.078 μs	0 ns	PushPop	:{'Module': 'LlamaForCausalLM.model.layers.8.mlp.act_fn', 'Outputs': [[256, 8192]]}
0.0%	1.078 μs	1	1.078 μs	1.078 μs	1.078 μs	1.078 μs	0 ns	PushPop	:{'Module': 'LlamaForCausalLM.model.layers.9.mlp.act_fn', 'Outputs': [[16, 8192]]}
0.0%	1.077 μs	1	1.077 μs	1.077 μs	1.077 μs	1.077 μs	0 ns	PushPop	:{'Module': 'LlamaForCausalLM.model.layers.10.mlp.act_fn', 'Outputs': [[256, 8192]]}
0.0%	1.077 μs	1	1.077 μs	1.077 μs	1.077 μs	1.077 μs	0 ns	PushPop	:{'Module': 'LlamaForCausalLM.model.layers.2.mlp', 'Outputs': [[256, 2048]]}
0.0%	1.076 μs	1	1.076 μs	1.076 μs	1.076 μs	1.076 μs	0 ns	PushPop	:{'Module': 'LlamaForCausalLM.model.layers.1.post_attention_layernorm', 'TrainableParams': {'weight': [2048]}, 'Outputs': [[36, 2048], [36, 2048]]}
0.0%	1.076 μs	1	1.076 μs	1.076 μs	1.076 μs	1.076 μs	0 ns	PushPop	:{'Module': 'LlamaForCausalLM.model.layers.14.mlp.act_fn', 'Outputs': [[16, 8192]]}
0.0%	1.076 μs	1	1.076 μs	1.076 μs	1.076 μs	1.076 μs	0 ns	PushPop	:{'Module': 'LlamaForCausalLM.model.layers.7.mlp.act_fn', 'Outputs': [[16, 8192]]}
0.0%	1.075 μs	1	1.075 μs	1.075 μs	1.075 μs	1.075 μs	0 ns	PushPop	:{'Module': 'LlamaForCausalLM.model.layers.0.self_attn', 'Outputs': [[16, 2048]]}
0.0%	1.075 μs	1	1.075 μs	1.075 μs	1.075 μs	1.075 μs	0 ns	PushPop	:{'Module': 'LlamaForCausalLM.model.layers.15.self_attn.qkv_proj', 'TrainableParams': {'weight': [3072, 2048]}, 'Outputs': [[4, 3072]]}
0.0%	1.074 μs	1	1.074 μs	1.074 μs	1.074 μs	1.074 μs	0 ns	PushPop	:{'Module': 'LlamaForCausalLM.model.layers.0.mlp.act_fn', 'Outputs': [[99, 8192]]}
0.0%	1.074 μs	1	1.074 μs	1.074 μs	1.074 μs	1.074 μs	0 ns	PushPop	:{'Module': 'LlamaForCausalLM.model.layers.12.mlp.gate_up_proj', 'TrainableParams': {'weight': [16384, 2048]}, 'Outputs': [[84, 16384]]}
0.0%	1.074 μs	1	1.074 μs	1.074 μs	1.074 μs	1.074 μs	0 ns	PushPop	:{'Module': 'LlamaForCausalLM.model.layers.14', 'Outputs': [[16, 2048], [16, 2048]]}
0.0%	1.074 μs	1	1.074 μs	1.074 μs	1.074 μs	1.074 μs	0 ns	PushPop	:{'Module': 'LlamaForCausalLM.model.layers.6.mlp.gate_up_proj', 'TrainableParams': {'weight': [16384, 2048]}, 'Outputs': [[36, 16384]]}
0.0%	1.073 μs	1	1.073 μs	1.073 μs	1.073 μs	1.073 μs	0 ns	PushPop	:{'Module': 'LlamaForCausalLM.model.layers.8.mlp.down_proj', 'TrainableParams': {'weight': [2048, 8192]}, 'Outputs': [[84, 2048]]}
0.0%	1.072 μs	1	1.072 μs	1.072 μs	1.072 μs	1.072 μs	0 ns	PushPop	:{'Module': 'LlamaForCausalLM.model.layers.1.self_attn', 'Outputs': [[16, 2048]]}
0.0%	1.072 μs	1	1.072 μs	1.072 μs	1.072 μs	1.072 μs	0 ns	PushPop	:{'Module': 'LlamaForCausalLM.model.layers.12.mlp.gate_up_proj', 'TrainableParams': {'weight': [16384, 2048]}, 'Outputs': [[20, 16384]]}
0.0%	1.072 μs	1	1.072 μs	1.072 μs	1.072 μs	1.072 μs	0 ns	PushPop	:{'Module': 'LlamaForCausalLM.model.layers.12.self_attn.o_proj', 'TrainableParams': {'weight': [2048, 2048]}, 'Outputs': [[84, 2048]]}
0.0%	1.072 μs	1	1.072 μs	1.072 μs	1.072 μs	1.072 μs	0 ns	PushPop	:{'Module': 'LlamaForCausalLM.model.layers.13.self_attn.qkv_proj', 'TrainableParams': {'weight': [3072, 2048]}, 'Outputs': [[52, 3072]]}
0.0%	1.072 μs	1	1.072 μs	1.072 μs	1.072 μs	1.072 μs	0 ns	PushPop	:{'Module': 'LlamaForCausalLM.model.layers.14.mlp', 'Outputs': [[512, 2048]]}
0.0%	1.072 μs	1	1.072 μs	1.072 μs	1.072 μs	1.072 μs	0 ns	PushPop	:{'Module': 'LlamaForCausalLM.model.layers.8.input_layernorm', 'TrainableParams': {'weight': [2048]}, 'Outputs': [[4, 2048], [4, 2048]]}
0.0%	1.072 μs	1	1.072 μs	1.072 μs	1.072 μs	1.072 μs	0 ns	PushPop	:{'Module': 'LlamaForCausalLM.model.layers.9.mlp.act_fn', 'Outputs': [[256, 8192]]}
0.0%	1.072 μs	1	1.072 μs	1.072 μs	1.072 μs	1.072 μs	0 ns	PushPop	:{'Module': 'LlamaForCausalLM.model.layers.9.mlp.gate_up_proj', 'TrainableParams': {'weight': [16384, 2048]}, 'Outputs': [[4, 16384]]}
0.0%	1.071 μs	1	1.071 μs	1.071 μs	1.071 μs	1.071 μs	0 ns	PushPop	:{'Module': 'LlamaForCausalLM.model.layers.15.post_attention_layernorm', 'TrainableParams': {'weight': [2048]}, 'Outputs': [[84, 2048], [84, 2048]]}
0.0%	1.071 μs	1	1.071 μs	1.071 μs	1.071 μs	1.071 μs	0 ns	PushPop	:{'Module': 'LlamaForCausalLM.model.layers.9', 'Outputs': [[256, 2048], [256, 2048]]}
0.0%	1.070 μs	1	1.070 μs	1.070 μs	1.070 μs	1.070 μs	0 ns	PushPop	:{'Module': 'LlamaForCausalLM.model.layers.1.mlp.act_fn', 'Outputs': [[52, 8192]]}
0.0%	1.069 μs	1	1.069 μs	1.069 μs	1.069 μs	1.069 μs	0 ns	PushPop	:{'Module': 'LlamaForCausalLM.model.layers.1', 'Outputs': [[99, 2048], [99, 2048]]}
0.0%	1.069 μs	1	1.069 μs	1.069 μs	1.069 μs	1.069 μs	0 ns	PushPop	:{'Module': 'LlamaForCausalLM.model.layers.15.mlp.down_proj', 'TrainableParams': {'weight': [2048, 8192]}, 'Outputs': [[52, 2048]]}
0.0%	1.069 μs	1	1.069 μs	1.069 μs	1.069 μs	1.069 μs	0 ns	PushPop	:{'Module': 'LlamaForCausalLM.model.layers.4.self_attn.qkv_proj', 'TrainableParams': {'weight': [3072, 2048]}, 'Outputs': [[4, 3072]]}
0.0%	1.069 μs	1	1.069 μs	1.069 μs	1.069 μs	1.069 μs	0 ns	PushPop	:{'Module': 'LlamaForCausalLM.model.layers.7.mlp', 'Outputs': [[99, 2048]]}
0.0%	1.068 μs	1	1.068 μs	1.068 μs	1.068 μs	1.068 μs	0 ns	PushPop	:{'Module': 'LlamaForCausalLM.model.layers.0', 'Outputs': [[16, 2048], [16, 2048]]}
0.0%	1.068 μs	1	1.068 μs	1.068 μs	1.068 μs	1.068 μs	0 ns	PushPop	:{'Module': 'LlamaForCausalLM.model.layers.11', 'Outputs': [[16, 2048], [16, 2048]]}
0.0%	1.068 μs	1	1.068 μs	1.068 μs	1.068 μs	1.068 μs	0 ns	PushPop	:{'Module': 'LlamaForCausalLM.model.layers.12.post_attention_layernorm', 'TrainableParams': {'weight': [2048]}, 'Outputs': [[20, 2048], [20, 2048]]}
0.0%	1.068 μs	1	1.068 μs	1.068 μs	1.068 μs	1.068 μs	0 ns	PushPop	:{'Module': 'LlamaForCausalLM.model.layers.14.self_attn.qkv_proj', 'TrainableParams': {'weight': [3072, 2048]}, 'Outputs': [[68, 3072]]}
0.0%	1.068 μs	1	1.068 μs	1.068 μs	1.068 μs	1.068 μs	0 ns	PushPop	:{'Module': 'LlamaForCausalLM.model.layers.5.self_attn', 'Outputs': [[68, 2048]]}
0.0%	1.068 μs	1	1.068 μs	1.068 μs	1.068 μs	1.068 μs	0 ns	PushPop	:{'Module': 'LlamaForCausalLM.model.layers.6.mlp.act_fn', 'Outputs': [[256, 8192]]}
0.0%	1.068 μs	1	1.068 μs	1.068 μs	1.068 μs	1.068 μs	0 ns	PushPop	:{'Module': 'LlamaForCausalLM.model.layers.7.mlp.gate_up_proj', 'TrainableParams': {'weight': [16384, 2048]}, 'Outputs': [[4, 16384]]}
0.0%	1.067 μs	1	1.067 μs	1.067 μs	1.067 μs	1.067 μs	0 ns	PushPop	:{'Module': 'LlamaForCausalLM.logits_processor', 'Outputs': [[65, 128256]]}
0.0%	1.067 μs	1	1.067 μs	1.067 μs	1.067 μs	1.067 μs	0 ns	PushPop	:{'Module': 'LlamaForCausalLM.model.layers.10.mlp.gate_up_proj', 'TrainableParams': {'weight': [16384, 2048]}, 'Outputs': [[36, 16384]]}
0.0%	1.067 μs	1	1.067 μs	1.067 μs	1.067 μs	1.067 μs	0 ns	PushPop	:{'Module': 'LlamaForCausalLM.model.layers.13.self_attn', 'Outputs': [[99, 2048]]}
0.0%	1.067 μs	1	1.067 μs	1.067 μs	1.067 μs	1.067 μs	0 ns	PushPop	:{'Module': 'LlamaForCausalLM.model.layers.5.mlp', 'Outputs': [[512, 2048]]}
0.0%	1.066 μs	1	1.066 μs	1.066 μs	1.066 μs	1.066 μs	0 ns	PushPop	:{'Module': 'LlamaForCausalLM.model.layers.0', 'Outputs': [[68, 2048], [68, 2048]]}
0.0%	1.066 μs	1	1.066 μs	1.066 μs	1.066 μs	1.066 μs	0 ns	PushPop	:{'Module': 'LlamaForCausalLM.model.layers.2.mlp.gate_up_proj', 'TrainableParams': {'weight': [16384, 2048]}, 'Outputs': [[36, 16384]]}
0.0%	1.066 μs	1	1.066 μs	1.066 μs	1.066 μs	1.066 μs	0 ns	PushPop	:{'Module': 'LlamaForCausalLM.model.layers.8.mlp.down_proj', 'TrainableParams': {'weight': [2048, 8192]}, 'Outputs': [[20, 2048]]}
0.0%	1.065 μs	1	1.065 μs	1.065 μs	1.065 μs	1.065 μs	0 ns	PushPop	:{'Module': 'LlamaForCausalLM.model.layers.15.mlp', 'Outputs': [[16, 2048]]}
0.0%	1.065 μs	1	1.065 μs	1.065 μs	1.065 μs	1.065 μs	0 ns	PushPop	:{'Module': 'LlamaForCausalLM.model.layers.15.mlp.gate_up_proj', 'TrainableParams': {'weight': [16384, 2048]}, 'Outputs': [[52, 16384]]}
0.0%	1.065 μs	1	1.065 μs	1.065 μs	1.065 μs	1.065 μs	0 ns	PushPop	:{'Module': 'LlamaForCausalLM.model.layers.8.self_attn.qkv_proj', 'TrainableParams': {'weight': [3072, 2048]}, 'Outputs': [[84, 3072]]}
0.0%	1.065 μs	1	1.065 μs	1.065 μs	1.065 μs	1.065 μs	0 ns	PushPop	:{'Module': 'LlamaForCausalLM.model.layers.9', 'Outputs': [[68, 2048], [68, 2048]]}
0.0%	1.064 μs	1	1.064 μs	1.064 μs	1.064 μs	1.064 μs	0 ns	PushPop	:{'Module': 'LlamaForCausalLM.model.layers.14.self_attn', 'Outputs': [[512, 2048]]}
0.0%	1.064 μs	1	1.064 μs	1.064 μs	1.064 μs	1.064 μs	0 ns	PushPop	:{'Module': 'LlamaForCausalLM.model.layers.6.mlp.gate_up_proj', 'TrainableParams': {'weight': [16384, 2048]}, 'Outputs': [[20, 16384]]}
0.0%	1.063 μs	1	1.063 μs	1.063 μs	1.063 μs	1.063 μs	0 ns	PushPop	:{'Module': 'LlamaForCausalLM.model.layers.10.input_layernorm', 'TrainableParams': {'weight': [2048]}, 'Outputs': [[20, 2048], [20, 2048]]}
0.0%	1.063 μs	1	1.063 μs	1.063 μs	1.063 μs	1.063 μs	0 ns	PushPop	:{'Module': 'LlamaForCausalLM.model.layers.3.self_attn', 'Outputs': [[256, 2048]]}
0.0%	1.062 μs	1	1.062 μs	1.062 μs	1.062 μs	1.062 μs	0 ns	PushPop	:{'Module': 'LlamaForCausalLM.model.layers.0', 'Outputs': [[1873, 2048], [1873, 2048]]}
0.0%	1.062 μs	1	1.062 μs	1.062 μs	1.062 μs	1.062 μs	0 ns	PushPop	:{'Module': 'LlamaForCausalLM.model.layers.2', 'Outputs': [[16, 2048], [16, 2048]]}
0.0%	1.062 μs	1	1.062 μs	1.062 μs	1.062 μs	1.062 μs	0 ns	PushPop	:{'Module': 'LlamaForCausalLM.model.layers.7.mlp', 'Outputs': [[256, 2048]]}
0.0%	1.062 μs	1	1.062 μs	1.062 μs	1.062 μs	1.062 μs	0 ns	PushPop	:{'Module': 'LlamaForCausalLM.model.norm', 'TrainableParams': {'weight': [2048]}, 'Outputs': [[84, 2048], [84, 2048]]}
0.0%	1.061 μs	1	1.061 μs	1.061 μs	1.061 μs	1.061 μs	0 ns	PushPop	:{'Module': 'LlamaForCausalLM.model.layers.10.mlp.act_fn', 'Outputs': [[36, 8192]]}
0.0%	1.061 μs	1	1.061 μs	1.061 μs	1.061 μs	1.061 μs	0 ns	PushPop	:{'Module': 'LlamaForCausalLM.model.layers.13.mlp', 'Outputs': [[99, 2048]]}
0.0%	1.060 μs	1	1.060 μs	1.060 μs	1.060 μs	1.060 μs	0 ns	PushPop	:{'Module': 'LlamaForCausalLM.model.layers.2.self_attn', 'Outputs': [[16, 2048]]}
0.0%	1.060 μs	1	1.060 μs	1.060 μs	1.060 μs	1.060 μs	0 ns	PushPop	:{'Module': 'LlamaForCausalLM.model.layers.8', 'Outputs': [[4, 2048], [4, 2048]]}
0.0%	1.059 μs	1	1.059 μs	1.059 μs	1.059 μs	1.059 μs	0 ns	PushPop	:{'Module': 'LlamaForCausalLM.model.layers.1.mlp.gate_up_proj', 'TrainableParams': {'weight': [16384, 2048]}, 'Outputs': [[20, 16384]]}
0.0%	1.059 μs	1	1.059 μs	1.059 μs	1.059 μs	1.059 μs	0 ns	PushPop	:{'Module': 'LlamaForCausalLM.model.layers.10.mlp.down_proj', 'TrainableParams': {'weight': [2048, 8192]}, 'Outputs': [[84, 2048]]}
0.0%	1.059 μs	1	1.059 μs	1.059 μs	1.059 μs	1.059 μs	0 ns	PushPop	:{'Module': 'LlamaForCausalLM.model.layers.15.input_layernorm', 'TrainableParams': {'weight': [2048]}, 'Outputs': [[20, 2048], [20, 2048]]}
0.0%	1.059 μs	1	1.059 μs	1.059 μs	1.059 μs	1.059 μs	0 ns	PushPop	:{'Module': 'LlamaForCausalLM.model.layers.3.self_attn', 'Outputs': [[84, 2048]]}
0.0%	1.058 μs	1	1.058 μs	1.058 μs	1.058 μs	1.058 μs	0 ns	PushPop	:{'Module': 'LlamaForCausalLM.model.layers.13.input_layernorm', 'TrainableParams': {'weight': [2048]}, 'Outputs': [[36, 2048], [36, 2048]]}
0.0%	1.058 μs	1	1.058 μs	1.058 μs	1.058 μs	1.058 μs	0 ns	PushPop	:{'Module': 'LlamaForCausalLM.model.layers.6.self_attn.qkv_proj', 'TrainableParams': {'weight': [3072, 2048]}, 'Outputs': [[20, 3072]]}
0.0%	1.058 μs	1	1.058 μs	1.058 μs	1.058 μs	1.058 μs	0 ns	PushPop	:{'Module': 'LlamaForCausalLM.model.layers.7.self_attn.qkv_proj', 'TrainableParams': {'weight': [3072, 2048]}, 'Outputs': [[4, 3072]]}
0.0%	1.057 μs	1	1.057 μs	1.057 μs	1.057 μs	1.057 μs	0 ns	PushPop	:{'Module': 'LlamaForCausalLM.model.layers.14.self_attn.qkv_proj', 'TrainableParams': {'weight': [3072, 2048]}, 'Outputs': [[20, 3072]]}
0.0%	1.057 μs	1	1.057 μs	1.057 μs	1.057 μs	1.057 μs	0 ns	PushPop	:{'Module': 'LlamaForCausalLM.model.layers.5.self_attn.qkv_proj', 'TrainableParams': {'weight': [3072, 2048]}, 'Outputs': [[36, 3072]]}
0.0%	1.057 μs	1	1.057 μs	1.057 μs	1.057 μs	1.057 μs	0 ns	PushPop	:{'Module': 'LlamaForCausalLM.model.layers.8.mlp.act_fn', 'Outputs': [[512, 8192]]}
0.0%	1.056 μs	1	1.056 μs	1.056 μs	1.056 μs	1.056 μs	0 ns	PushPop	:{'Module': 'LlamaForCausalLM.model.layers.2', 'Outputs': [[68, 2048], [68, 2048]]}
0.0%	1.056 μs	1	1.056 μs	1.056 μs	1.056 μs	1.056 μs	0 ns	PushPop	:{'Module': 'LlamaForCausalLM.model.layers.2.self_attn', 'Outputs': [[256, 2048]]}
0.0%	1.055 μs	1	1.055 μs	1.055 μs	1.055 μs	1.055 μs	0 ns	PushPop	:{'Module': 'LlamaForCausalLM.model.layers.6.self_attn', 'Outputs': [[16, 2048]]}
0.0%	1.054 μs	1	1.054 μs	1.054 μs	1.054 μs	1.054 μs	0 ns	PushPop	:{'Module': 'LlamaForCausalLM.model.layers.13.mlp.act_fn', 'Outputs': [[68, 8192]]}
0.0%	1.054 μs	1	1.054 μs	1.054 μs	1.054 μs	1.054 μs	0 ns	PushPop	:{'Module': 'LlamaForCausalLM.model.layers.4', 'Outputs': [[1873, 2048], [1873, 2048]]}
0.0%	1.054 μs	1	1.054 μs	1.054 μs	1.054 μs	1.054 μs	0 ns	PushPop	:{'Module': 'LlamaForCausalLM.model.layers.4.self_attn', 'Outputs': [[99, 2048]]}
0.0%	1.054 μs	1	1.054 μs	1.054 μs	1.054 μs	1.054 μs	0 ns	PushPop	:{'Module': 'LlamaForCausalLM.model.layers.7.mlp.down_proj', 'TrainableParams': {'weight': [2048, 8192]}, 'Outputs': [[4, 2048]]}
0.0%	1.053 μs	1	1.053 μs	1.053 μs	1.053 μs	1.053 μs	0 ns	PushPop	:{'Module': 'LlamaForCausalLM.model.layers.2', 'Outputs': [[52, 2048], [52, 2048]]}
0.0%	1.053 μs	1	1.053 μs	1.053 μs	1.053 μs	1.053 μs	0 ns	PushPop	:{'Module': 'LlamaForCausalLM.model.layers.7.self_attn', 'Outputs': [[84, 2048]]}
0.0%	1.053 μs	1	1.053 μs	1.053 μs	1.053 μs	1.053 μs	0 ns	PushPop	:{'Module': 'LlamaForCausalLM.model.layers.9.self_attn', 'Outputs': [[84, 2048]]}
0.0%	1.052 μs	1	1.052 μs	1.052 μs	1.052 μs	1.052 μs	0 ns	PushPop	:{'Module': 'LlamaForCausalLM.model.layers.0.mlp.act_fn', 'Outputs': [[20, 8192]]}
0.0%	1.052 μs	1	1.052 μs	1.052 μs	1.052 μs	1.052 μs	0 ns	PushPop	:{'Module': 'LlamaForCausalLM.model.layers.1.self_attn.qkv_proj', 'TrainableParams': {'weight': [3072, 2048]}, 'Outputs': [[20, 3072]]}
0.0%	1.052 μs	1	1.052 μs	1.052 μs	1.052 μs	1.052 μs	0 ns	PushPop	:{'Module': 'LlamaForCausalLM.model.layers.5.mlp', 'Outputs': [[68, 2048]]}
0.0%	1.051 μs	1	1.051 μs	1.051 μs	1.051 μs	1.051 μs	0 ns	PushPop	:{'Module': 'LlamaForCausalLM.model.layers.11', 'Outputs': [[84, 2048], [84, 2048]]}
0.0%	1.051 μs	1	1.051 μs	1.051 μs	1.051 μs	1.051 μs	0 ns	PushPop	:{'Module': 'LlamaForCausalLM.model.layers.9.mlp', 'Outputs': [[512, 2048]]}
0.0%	1.050 μs	1	1.050 μs	1.050 μs	1.050 μs	1.050 μs	0 ns	PushPop	:{'Module': 'LlamaForCausalLM.model.layers.13.mlp', 'Outputs': [[256, 2048]]}
0.0%	1.050 μs	1	1.050 μs	1.050 μs	1.050 μs	1.050 μs	0 ns	PushPop	:{'Module': 'LlamaForCausalLM.model.layers.13.mlp.gate_up_proj', 'TrainableParams': {'weight': [16384, 2048]}, 'Outputs': [[1873, 16384]]}
0.0%	1.050 μs	1	1.050 μs	1.050 μs	1.050 μs	1.050 μs	0 ns	PushPop	:{'Module': 'LlamaForCausalLM.model.layers.4.mlp', 'Outputs': [[512, 2048]]}
0.0%	1.050 μs	1	1.050 μs	1.050 μs	1.050 μs	1.050 μs	0 ns	PushPop	:{'Module': 'LlamaForCausalLM.model.layers.9.mlp', 'Outputs': [[99, 2048]]}
0.0%	1.050 μs	1	1.050 μs	1.050 μs	1.050 μs	1.050 μs	0 ns	PushPop	:{'Module': 'LlamaForCausalLM.model.layers.9.self_attn', 'Outputs': [[52, 2048]]}
0.0%	1.049 μs	1	1.049 μs	1.049 μs	1.049 μs	1.049 μs	0 ns	PushPop	:{'Module': 'LlamaForCausalLM.model.layers.6.self_attn', 'Outputs': [[84, 2048]]}
0.0%	1.049 μs	1	1.049 μs	1.049 μs	1.049 μs	1.049 μs	0 ns	PushPop	:{'Module': 'LlamaForCausalLM.model.layers.8', 'Outputs': [[1873, 2048], [1873, 2048]]}
0.0%	1.048 μs	1	1.048 μs	1.048 μs	1.048 μs	1.048 μs	0 ns	PushPop	:{'Module': 'LlamaForCausalLM.model.layers.15.self_attn.qkv_proj', 'TrainableParams': {'weight': [3072, 2048]}, 'Outputs': [[20, 3072]]}
0.0%	1.048 μs	1	1.048 μs	1.048 μs	1.048 μs	1.048 μs	0 ns	PushPop	:{'Module': 'LlamaForCausalLM.model.layers.6', 'Outputs': [[99, 2048], [99, 2048]]}
0.0%	1.047 μs	1	1.047 μs	1.047 μs	1.047 μs	1.047 μs	0 ns	PushPop	:{'Module': 'LlamaForCausalLM.model.layers.7.self_attn', 'Outputs': [[1873, 2048]]}
0.0%	1.047 μs	1	1.047 μs	1.047 μs	1.047 μs	1.047 μs	0 ns	PushPop	:{'Module': 'LlamaForCausalLM.model.layers.8.mlp.act_fn', 'Outputs': [[68, 8192]]}
0.0%	1.045 μs	1	1.045 μs	1.045 μs	1.045 μs	1.045 μs	0 ns	PushPop	:{'Module': 'LlamaForCausalLM.model.layers.6.mlp.act_fn', 'Outputs': [[16, 8192]]}
0.0%	1.045 μs	1	1.045 μs	1.045 μs	1.045 μs	1.045 μs	0 ns	PushPop	:{'Module': 'LlamaForCausalLM.model.layers.6.self_attn', 'Outputs': [[256, 2048]]}
0.0%	1.045 μs	1	1.045 μs	1.045 μs	1.045 μs	1.045 μs	0 ns	PushPop	:{'Module': 'LlamaForCausalLM.model.layers.7.self_attn.qkv_proj', 'TrainableParams': {'weight': [3072, 2048]}, 'Outputs': [[36, 3072]]}
0.0%	1.044 μs	1	1.044 μs	1.044 μs	1.044 μs	1.044 μs	0 ns	PushPop	:{'Module': 'LlamaForCausalLM.model.layers.1.self_attn', 'Outputs': [[52, 2048]]}
0.0%	1.044 μs	1	1.044 μs	1.044 μs	1.044 μs	1.044 μs	0 ns	PushPop	:{'Module': 'LlamaForCausalLM.model.layers.2.mlp', 'Outputs': [[99, 2048]]}
0.0%	1.044 μs	1	1.044 μs	1.044 μs	1.044 μs	1.044 μs	0 ns	PushPop	:{'Module': 'LlamaForCausalLM.model.layers.3.mlp', 'Outputs': [[512, 2048]]}
0.0%	1.044 μs	1	1.044 μs	1.044 μs	1.044 μs	1.044 μs	0 ns	PushPop	:{'Module': 'LlamaForCausalLM.model.layers.6.mlp.act_fn', 'Outputs': [[99, 8192]]}
0.0%	1.043 μs	1	1.043 μs	1.043 μs	1.043 μs	1.043 μs	0 ns	PushPop	:{'Module': 'LlamaForCausalLM.model.layers.12.mlp.act_fn', 'Outputs': [[52, 8192]]}
0.0%	1.043 μs	1	1.043 μs	1.043 μs	1.043 μs	1.043 μs	0 ns	PushPop	:{'Module': 'LlamaForCausalLM.model.layers.15.mlp.gate_up_proj', 'TrainableParams': {'weight': [16384, 2048]}, 'Outputs': [[68, 16384]]}
0.0%	1.043 μs	1	1.043 μs	1.043 μs	1.043 μs	1.043 μs	0 ns	PushPop	:{'Module': 'LlamaForCausalLM.model.layers.3.post_attention_layernorm', 'TrainableParams': {'weight': [2048]}, 'Outputs': [[4, 2048], [4, 2048]]}
0.0%	1.043 μs	1	1.043 μs	1.043 μs	1.043 μs	1.043 μs	0 ns	PushPop	:{'Module': 'LlamaForCausalLM.model.layers.9.self_attn', 'Outputs': [[36, 2048]]}
0.0%	1.042 μs	1	1.042 μs	1.042 μs	1.042 μs	1.042 μs	0 ns	PushPop	:{'Module': 'LlamaForCausalLM.model.layers.8.mlp.act_fn', 'Outputs': [[16, 8192]]}
0.0%	1.041 μs	1	1.041 μs	1.041 μs	1.041 μs	1.041 μs	0 ns	PushPop	:{'Module': 'LlamaForCausalLM.model.layers.1.mlp', 'Outputs': [[52, 2048]]}
0.0%	1.041 μs	1	1.041 μs	1.041 μs	1.041 μs	1.041 μs	0 ns	PushPop	:{'Module': 'LlamaForCausalLM.model.layers.15.self_attn.qkv_proj', 'TrainableParams': {'weight': [3072, 2048]}, 'Outputs': [[36, 3072]]}
0.0%	1.041 μs	1	1.041 μs	1.041 μs	1.041 μs	1.041 μs	0 ns	PushPop	:{'Module': 'LlamaForCausalLM.model.layers.5.mlp', 'Outputs': [[99, 2048]]}
0.0%	1.041 μs	1	1.041 μs	1.041 μs	1.041 μs	1.041 μs	0 ns	PushPop	:{'Module': 'LlamaForCausalLM.model.layers.5.mlp.gate_up_proj', 'TrainableParams': {'weight': [16384, 2048]}, 'Outputs': [[36, 16384]]}
0.0%	1.041 μs	1	1.041 μs	1.041 μs	1.041 μs	1.041 μs	0 ns	PushPop	:{'Module': 'LlamaForCausalLM.model.layers.7.self_attn', 'Outputs': [[36, 2048]]}
0.0%	1.040 μs	1	1.040 μs	1.040 μs	1.040 μs	1.040 μs	0 ns	PushPop	:{'Module': 'LlamaForCausalLM.model.layers.1.mlp', 'Outputs': [[68, 2048]]}
0.0%	1.040 μs	1	1.040 μs	1.040 μs	1.040 μs	1.040 μs	0 ns	PushPop	:{'Module': 'LlamaForCausalLM.model.layers.3', 'Outputs': [[84, 2048], [84, 2048]]}
0.0%	1.040 μs	1	1.040 μs	1.040 μs	1.040 μs	1.040 μs	0 ns	PushPop	:{'Module': 'LlamaForCausalLM.model.layers.4.mlp.gate_up_proj', 'TrainableParams': {'weight': [16384, 2048]}, 'Outputs': [[4, 16384]]}
0.0%	1.039 μs	1	1.039 μs	1.039 μs	1.039 μs	1.039 μs	0 ns	PushPop	:{'Module': 'LlamaForCausalLM.model.layers.10.self_attn.qkv_proj', 'TrainableParams': {'weight': [3072, 2048]}, 'Outputs': [[36, 3072]]}
0.0%	1.039 μs	1	1.039 μs	1.039 μs	1.039 μs	1.039 μs	0 ns	PushPop	:{'Module': 'LlamaForCausalLM.model.layers.14.input_layernorm', 'TrainableParams': {'weight': [2048]}, 'Outputs': [[256, 2048], [256, 2048]]}
0.0%	1.039 μs	1	1.039 μs	1.039 μs	1.039 μs	1.039 μs	0 ns	PushPop	:{'Module': 'LlamaForCausalLM.model.layers.14.mlp.gate_up_proj', 'TrainableParams': {'weight': [16384, 2048]}, 'Outputs': [[4, 16384]]}
0.0%	1.039 μs	1	1.039 μs	1.039 μs	1.039 μs	1.039 μs	0 ns	PushPop	:{'Module': 'LlamaForCausalLM.model.layers.5.self_attn', 'Outputs': [[1873, 2048]]}
0.0%	1.038 μs	1	1.038 μs	1.038 μs	1.038 μs	1.038 μs	0 ns	PushPop	:{'Module': 'LlamaForCausalLM.model.layers.14.mlp.act_fn', 'Outputs': [[36, 8192]]}
0.0%	1.038 μs	1	1.038 μs	1.038 μs	1.038 μs	1.038 μs	0 ns	PushPop	:{'Module': 'LlamaForCausalLM.model.layers.15.input_layernorm', 'TrainableParams': {'weight': [2048]}, 'Outputs': [[4, 2048], [4, 2048]]}
0.0%	1.038 μs	1	1.038 μs	1.038 μs	1.038 μs	1.038 μs	0 ns	PushPop	:{'Module': 'LlamaForCausalLM.model.layers.5', 'Outputs': [[68, 2048], [68, 2048]]}
0.0%	1.038 μs	1	1.038 μs	1.038 μs	1.038 μs	1.038 μs	0 ns	PushPop	:{'Module': 'LlamaForCausalLM.model.layers.5.mlp.act_fn', 'Outputs': [[1873, 8192]]}
0.0%	1.038 μs	1	1.038 μs	1.038 μs	1.038 μs	1.038 μs	0 ns	PushPop	:{'Module': 'LlamaForCausalLM.model.layers.5.mlp.gate_up_proj', 'TrainableParams': {'weight': [16384, 2048]}, 'Outputs': [[20, 16384]]}
0.0%	1.038 μs	1	1.038 μs	1.038 μs	1.038 μs	1.038 μs	0 ns	PushPop	:{'Module': 'LlamaForCausalLM.model.layers.7', 'Outputs': [[1873, 2048], [1873, 2048]]}
0.0%	1.038 μs	1	1.038 μs	1.038 μs	1.038 μs	1.038 μs	0 ns	PushPop	:{'Module': 'LlamaForCausalLM.model.layers.9.mlp.gate_up_proj', 'TrainableParams': {'weight': [16384, 2048]}, 'Outputs': [[36, 16384]]}
0.0%	1.037 μs	1	1.037 μs	1.037 μs	1.037 μs	1.037 μs	0 ns	PushPop	:{'Module': 'LlamaForCausalLM.model.layers.11.mlp.gate_up_proj', 'TrainableParams': {'weight': [16384, 2048]}, 'Outputs': [[36, 16384]]}
0.0%	1.037 μs	1	1.037 μs	1.037 μs	1.037 μs	1.037 μs	0 ns	PushPop	:{'Module': 'LlamaForCausalLM.model.layers.12.self_attn.qkv_proj', 'TrainableParams': {'weight': [3072, 2048]}, 'Outputs': [[52, 3072]]}
0.0%	1.037 μs	1	1.037 μs	1.037 μs	1.037 μs	1.037 μs	0 ns	PushPop	:{'Module': 'LlamaForCausalLM.model.layers.15.mlp', 'Outputs': [[512, 2048]]}
0.0%	1.037 μs	1	1.037 μs	1.037 μs	1.037 μs	1.037 μs	0 ns	PushPop	:{'Module': 'LlamaForCausalLM.model.layers.15.self_attn', 'Outputs': [[512, 2048]]}
0.0%	1.037 μs	1	1.037 μs	1.037 μs	1.037 μs	1.037 μs	0 ns	PushPop	:{'Module': 'LlamaForCausalLM.model.layers.3.mlp', 'Outputs': [[256, 2048]]}
0.0%	1.037 μs	1	1.037 μs	1.037 μs	1.037 μs	1.037 μs	0 ns	PushPop	:{'Module': 'LlamaForCausalLM.model.layers.7.mlp.act_fn', 'Outputs': [[68, 8192]]}
0.0%	1.036 μs	1	1.036 μs	1.036 μs	1.036 μs	1.036 μs	0 ns	PushPop	:{'Module': 'LlamaForCausalLM.model.layers.14.mlp.act_fn', 'Outputs': [[1873, 8192]]}
0.0%	1.036 μs	1	1.036 μs	1.036 μs	1.036 μs	1.036 μs	0 ns	PushPop	:{'Module': 'LlamaForCausalLM.model.layers.15.self_attn', 'Outputs': [[16, 2048]]}
0.0%	1.035 μs	1	1.035 μs	1.035 μs	1.035 μs	1.035 μs	0 ns	PushPop	:{'Module': 'LlamaForCausalLM.model.layers.12', 'Outputs': [[99, 2048], [99, 2048]]}
0.0%	1.035 μs	1	1.035 μs	1.035 μs	1.035 μs	1.035 μs	0 ns	PushPop	:{'Module': 'LlamaForCausalLM.model.layers.15.self_attn.qkv_proj', 'TrainableParams': {'weight': [3072, 2048]}, 'Outputs': [[84, 3072]]}
0.0%	1.034 μs	1	1.034 μs	1.034 μs	1.034 μs	1.034 μs	0 ns	PushPop	:{'Module': 'LlamaForCausalLM.model.layers.1.mlp.act_fn', 'Outputs': [[256, 8192]]}
0.0%	1.034 μs	1	1.034 μs	1.034 μs	1.034 μs	1.034 μs	0 ns	PushPop	:{'Module': 'LlamaForCausalLM.model.layers.3.mlp.gate_up_proj', 'TrainableParams': {'weight': [16384, 2048]}, 'Outputs': [[20, 16384]]}
0.0%	1.033 μs	1	1.033 μs	1.033 μs	1.033 μs	1.033 μs	0 ns	PushPop	:{'Module': 'LlamaForCausalLM.model.layers.11.self_attn', 'Outputs': [[256, 2048]]}
0.0%	1.032 μs	1	1.032 μs	1.032 μs	1.032 μs	1.032 μs	0 ns	PushPop	:{'Module': 'LlamaForCausalLM', 'Outputs': [[68, 2048]]}
0.0%	1.032 μs	1	1.032 μs	1.032 μs	1.032 μs	1.032 μs	0 ns	PushPop	:{'Module': 'LlamaForCausalLM.model.layers.10.self_attn', 'Outputs': [[1873, 2048]]}
0.0%	1.032 μs	1	1.032 μs	1.032 μs	1.032 μs	1.032 μs	0 ns	PushPop	:{'Module': 'LlamaForCausalLM.model.layers.12.mlp.act_fn', 'Outputs': [[99, 8192]]}
0.0%	1.032 μs	1	1.032 μs	1.032 μs	1.032 μs	1.032 μs	0 ns	PushPop	:{'Module': 'LlamaForCausalLM.model.layers.15.mlp.act_fn', 'Outputs': [[1873, 8192]]}
0.0%	1.032 μs	1	1.032 μs	1.032 μs	1.032 μs	1.032 μs	0 ns	PushPop	:{'Module': 'LlamaForCausalLM.model.layers.8', 'Outputs': [[84, 2048], [84, 2048]]}
0.0%	1.031 μs	1	1.031 μs	1.031 μs	1.031 μs	1.031 μs	0 ns	PushPop	:{'Module': 'LlamaForCausalLM.model.layers.12.self_attn.qkv_proj', 'TrainableParams': {'weight': [3072, 2048]}, 'Outputs': [[36, 3072]]}
0.0%	1.031 μs	1	1.031 μs	1.031 μs	1.031 μs	1.031 μs	0 ns	PushPop	:{'Module': 'LlamaForCausalLM.model.layers.3.mlp.act_fn', 'Outputs': [[99, 8192]]}
0.0%	1.030 μs	1	1.030 μs	1.030 μs	1.030 μs	1.030 μs	0 ns	PushPop	:{'Module': 'LlamaForCausalLM.model.layers.0.mlp', 'Outputs': [[36, 2048]]}
0.0%	1.030 μs	1	1.030 μs	1.030 μs	1.030 μs	1.030 μs	0 ns	PushPop	:{'Module': 'LlamaForCausalLM.model.layers.4.mlp.act_fn', 'Outputs': [[68, 8192]]}
0.0%	1.030 μs	1	1.030 μs	1.030 μs	1.030 μs	1.030 μs	0 ns	PushPop	:{'Module': 'LlamaForCausalLM.model.layers.9.self_attn', 'Outputs': [[256, 2048]]}
0.0%	1.029 μs	1	1.029 μs	1.029 μs	1.029 μs	1.029 μs	0 ns	PushPop	:{'Module': 'LlamaForCausalLM.model.layers.12.mlp.gate_up_proj', 'TrainableParams': {'weight': [16384, 2048]}, 'Outputs': [[36, 16384]]}
0.0%	1.029 μs	1	1.029 μs	1.029 μs	1.029 μs	1.029 μs	0 ns	PushPop	:{'Module': 'LlamaForCausalLM.model.layers.9', 'Outputs': [[1873, 2048], [1873, 2048]]}
0.0%	1.028 μs	1	1.028 μs	1.028 μs	1.028 μs	1.028 μs	0 ns	PushPop	:{'Module': 'LlamaForCausalLM.model.layers.4.mlp.act_fn', 'Outputs': [[84, 8192]]}
0.0%	1.028 μs	1	1.028 μs	1.028 μs	1.028 μs	1.028 μs	0 ns	PushPop	:{'Module': 'LlamaForCausalLM.model.layers.8.self_attn', 'Outputs': [[256, 2048]]}
0.0%	1.028 μs	1	1.028 μs	1.028 μs	1.028 μs	1.028 μs	0 ns	PushPop	:{'Module': 'LlamaForCausalLM.model.layers.8.self_attn', 'Outputs': [[4, 2048]]}
0.0%	1.027 μs	1	1.027 μs	1.027 μs	1.027 μs	1.027 μs	0 ns	PushPop	:{'Module': 'LlamaForCausalLM.model.layers.1', 'Outputs': [[84, 2048], [84, 2048]]}
0.0%	1.027 μs	1	1.027 μs	1.027 μs	1.027 μs	1.027 μs	0 ns	PushPop	:{'Module': 'LlamaForCausalLM.model.layers.2.self_attn', 'Outputs': [[52, 2048]]}
0.0%	1.027 μs	1	1.027 μs	1.027 μs	1.027 μs	1.027 μs	0 ns	PushPop	:{'Module': 'LlamaForCausalLM.model.layers.3.self_attn.qkv_proj', 'TrainableParams': {'weight': [3072, 2048]}, 'Outputs': [[36, 3072]]}
0.0%	1.027 μs	1	1.027 μs	1.027 μs	1.027 μs	1.027 μs	0 ns	PushPop	:{'Module': 'LlamaForCausalLM.model.layers.6', 'Outputs': [[256, 2048], [256, 2048]]}
0.0%	1.026 μs	1	1.026 μs	1.026 μs	1.026 μs	1.026 μs	0 ns	PushPop	:{'Module': 'LlamaForCausalLM.model.layers.11.mlp.act_fn', 'Outputs': [[99, 8192]]}
0.0%	1.026 μs	1	1.026 μs	1.026 μs	1.026 μs	1.026 μs	0 ns	PushPop	:{'Module': 'LlamaForCausalLM.model.layers.7', 'Outputs': [[84, 2048], [84, 2048]]}
0.0%	1.025 μs	1	1.025 μs	1.025 μs	1.025 μs	1.025 μs	0 ns	PushPop	:{'Module': 'LlamaForCausalLM.model.layers.0.mlp', 'Outputs': [[1873, 2048]]}
0.0%	1.025 μs	1	1.025 μs	1.025 μs	1.025 μs	1.025 μs	0 ns	PushPop	:{'Module': 'LlamaForCausalLM.model.layers.0.self_attn', 'Outputs': [[1873, 2048]]}
0.0%	1.025 μs	1	1.025 μs	1.025 μs	1.025 μs	1.025 μs	0 ns	PushPop	:{'Module': 'LlamaForCausalLM.model.layers.1.self_attn', 'Outputs': [[68, 2048]]}
0.0%	1.025 μs	1	1.025 μs	1.025 μs	1.025 μs	1.025 μs	0 ns	PushPop	:{'Module': 'LlamaForCausalLM.model.layers.10.mlp', 'Outputs': [[256, 2048]]}
0.0%	1.025 μs	1	1.025 μs	1.025 μs	1.025 μs	1.025 μs	0 ns	PushPop	:{'Module': 'LlamaForCausalLM.model.layers.11.mlp', 'Outputs': [[16, 2048]]}
0.0%	1.025 μs	1	1.025 μs	1.025 μs	1.025 μs	1.025 μs	0 ns	PushPop	:{'Module': 'LlamaForCausalLM.model.layers.13.self_attn.qkv_proj', 'TrainableParams': {'weight': [3072, 2048]}, 'Outputs': [[1873, 3072]]}
0.0%	1.025 μs	1	1.025 μs	1.025 μs	1.025 μs	1.025 μs	0 ns	PushPop	:{'Module': 'LlamaForCausalLM.model.layers.5.self_attn', 'Outputs': [[256, 2048]]}
0.0%	1.024 μs	1	1.024 μs	1.024 μs	1.024 μs	1.024 μs	0 ns	PushPop	:{'Module': 'LlamaForCausalLM.model.layers.15.self_attn', 'Outputs': [[68, 2048]]}
0.0%	1.024 μs	1	1.024 μs	1.024 μs	1.024 μs	1.024 μs	0 ns	PushPop	:{'Module': 'LlamaForCausalLM.model.layers.4.mlp.gate_up_proj', 'TrainableParams': {'weight': [16384, 2048]}, 'Outputs': [[20, 16384]]}
0.0%	1.023 μs	1	1.023 μs	1.023 μs	1.023 μs	1.023 μs	0 ns	PushPop	:{'Module': 'LlamaForCausalLM.model.layers.14.self_attn', 'Outputs': [[84, 2048]]}
0.0%	1.023 μs	1	1.023 μs	1.023 μs	1.023 μs	1.023 μs	0 ns	PushPop	:{'Module': 'LlamaForCausalLM.model.layers.15.self_attn.qkv_proj', 'TrainableParams': {'weight': [3072, 2048]}, 'Outputs': [[52, 3072]]}
0.0%	1.023 μs	1	1.023 μs	1.023 μs	1.023 μs	1.023 μs	0 ns	PushPop	:{'Module': 'LlamaForCausalLM.model.layers.8.mlp', 'Outputs': [[512, 2048]]}
0.0%	1.021 μs	1	1.021 μs	1.021 μs	1.021 μs	1.021 μs	0 ns	PushPop	:{'Module': 'LlamaForCausalLM.model.layers.10.mlp.act_fn', 'Outputs': [[68, 8192]]}
0.0%	1.021 μs	1	1.021 μs	1.021 μs	1.021 μs	1.021 μs	0 ns	PushPop	:{'Module': 'LlamaForCausalLM.model.layers.3.mlp.act_fn', 'Outputs': [[52, 8192]]}
0.0%	1.020 μs	1	1.020 μs	1.020 μs	1.020 μs	1.020 μs	0 ns	PushPop	:{'Module': 'LlamaForCausalLM.model.layers.2.input_layernorm', 'TrainableParams': {'weight': [2048]}, 'Outputs': [[20, 2048], [20, 2048]]}
0.0%	1.020 μs	1	1.020 μs	1.020 μs	1.020 μs	1.020 μs	0 ns	PushPop	:{'Module': 'LlamaForCausalLM.model.layers.3', 'Outputs': [[99, 2048], [99, 2048]]}
0.0%	1.019 μs	1	1.019 μs	1.019 μs	1.019 μs	1.019 μs	0 ns	PushPop	:{'Module': 'LlamaForCausalLM.model.layers.0', 'Outputs': [[99, 2048], [99, 2048]]}
0.0%	1.018 μs	1	1.018 μs	1.018 μs	1.018 μs	1.018 μs	0 ns	PushPop	:{'Module': 'LlamaForCausalLM.model.layers.10.mlp', 'Outputs': [[16, 2048]]}
0.0%	1.018 μs	1	1.018 μs	1.018 μs	1.018 μs	1.018 μs	0 ns	PushPop	:{'Module': 'LlamaForCausalLM.model.layers.12.post_attention_layernorm', 'TrainableParams': {'weight': [2048]}, 'Outputs': [[52, 2048], [52, 2048]]}
0.0%	1.018 μs	1	1.018 μs	1.018 μs	1.018 μs	1.018 μs	0 ns	PushPop	:{'Module': 'LlamaForCausalLM.model.layers.14.mlp.act_fn', 'Outputs': [[52, 8192]]}
0.0%	1.018 μs	1	1.018 μs	1.018 μs	1.018 μs	1.018 μs	0 ns	PushPop	:{'Module': 'LlamaForCausalLM.model.layers.7.mlp.act_fn', 'Outputs': [[84, 8192]]}
0.0%	1.017 μs	1	1.017 μs	1.017 μs	1.017 μs	1.017 μs	0 ns	PushPop	:{'Module': 'LlamaForCausalLM.model.layers.10.mlp.act_fn', 'Outputs': [[20, 8192]]}
0.0%	1.017 μs	1	1.017 μs	1.017 μs	1.017 μs	1.017 μs	0 ns	PushPop	:{'Module': 'LlamaForCausalLM.model.layers.11.mlp.act_fn', 'Outputs': [[1873, 8192]]}
0.0%	1.017 μs	1	1.017 μs	1.017 μs	1.017 μs	1.017 μs	0 ns	PushPop	:{'Module': 'LlamaForCausalLM.model.layers.7.mlp.act_fn', 'Outputs': [[1873, 8192]]}
0.0%	1.017 μs	1	1.017 μs	1.017 μs	1.017 μs	1.017 μs	0 ns	PushPop	:{'Module': 'LlamaForCausalLM.model.layers.7.self_attn', 'Outputs': [[68, 2048]]}
0.0%	1.017 μs	1	1.017 μs	1.017 μs	1.017 μs	1.017 μs	0 ns	PushPop	:{'Module': 'LlamaForCausalLM.model.layers.8.mlp.act_fn', 'Outputs': [[20, 8192]]}
0.0%	1.016 μs	1	1.016 μs	1.016 μs	1.016 μs	1.016 μs	0 ns	PushPop	:{'Module': 'LlamaForCausalLM.model.layers.12.self_attn', 'Outputs': [[1873, 2048]]}
0.0%	1.015 μs	1	1.015 μs	1.015 μs	1.015 μs	1.015 μs	0 ns	PushPop	:{'Module': 'LlamaForCausalLM.model.layers.6', 'Outputs': [[68, 2048], [68, 2048]]}
0.0%	1.015 μs	1	1.015 μs	1.015 μs	1.015 μs	1.015 μs	0 ns	PushPop	:{'Module': 'LlamaForCausalLM.model.layers.8.mlp', 'Outputs': [[99, 2048]]}
0.0%	1.013 μs	1	1.013 μs	1.013 μs	1.013 μs	1.013 μs	0 ns	PushPop	:{'Module': 'LlamaForCausalLM.model.layers.10.mlp.act_fn', 'Outputs': [[52, 8192]]}
0.0%	1.013 μs	1	1.013 μs	1.013 μs	1.013 μs	1.013 μs	0 ns	PushPop	:{'Module': 'LlamaForCausalLM.model.layers.15.mlp.act_fn', 'Outputs': [[20, 8192]]}
0.0%	1.013 μs	1	1.013 μs	1.013 μs	1.013 μs	1.013 μs	0 ns	PushPop	:{'Module': 'LlamaForCausalLM.model.layers.5.self_attn', 'Outputs': [[99, 2048]]}
0.0%	1.012 μs	1	1.012 μs	1.012 μs	1.012 μs	1.012 μs	0 ns	PushPop	:{'Module': 'LlamaForCausalLM.model.layers.13.mlp.act_fn', 'Outputs': [[36, 8192]]}
0.0%	1.012 μs	1	1.012 μs	1.012 μs	1.012 μs	1.012 μs	0 ns	PushPop	:{'Module': 'LlamaForCausalLM.model.layers.14.mlp.act_fn', 'Outputs': [[99, 8192]]}
0.0%	1.011 μs	1	1.011 μs	1.011 μs	1.011 μs	1.011 μs	0 ns	PushPop	:{'Module': 'LlamaForCausalLM.model.layers.3.mlp.gate_up_proj', 'TrainableParams': {'weight': [16384, 2048]}, 'Outputs': [[4, 16384]]}
0.0%	1.010 μs	1	1.010 μs	1.010 μs	1.010 μs	1.010 μs	0 ns	PushPop	:{'Module': 'LlamaForCausalLM.model.layers.1', 'Outputs': [[1873, 2048], [1873, 2048]]}
0.0%	1.010 μs	1	1.010 μs	1.010 μs	1.010 μs	1.010 μs	0 ns	PushPop	:{'Module': 'LlamaForCausalLM.model.layers.12', 'Outputs': [[36, 2048], [36, 2048]]}
0.0%	1.010 μs	1	1.010 μs	1.010 μs	1.010 μs	1.010 μs	0 ns	PushPop	:{'Module': 'LlamaForCausalLM.model.layers.9.self_attn', 'Outputs': [[1873, 2048]]}
0.0%	1.009 μs	1	1.009 μs	1.009 μs	1.009 μs	1.009 μs	0 ns	PushPop	:{'Module': 'LlamaForCausalLM.model.layers.1.mlp.act_fn', 'Outputs': [[99, 8192]]}
0.0%	1.008 μs	1	1.008 μs	1.008 μs	1.008 μs	1.008 μs	0 ns	PushPop	:{'Module': 'LlamaForCausalLM.model.layers.11.mlp.act_fn', 'Outputs': [[68, 8192]]}
0.0%	1.008 μs	1	1.008 μs	1.008 μs	1.008 μs	1.008 μs	0 ns	PushPop	:{'Module': 'LlamaForCausalLM.model.layers.4.mlp', 'Outputs': [[16, 2048]]}
0.0%	1.008 μs	1	1.008 μs	1.008 μs	1.008 μs	1.008 μs	0 ns	PushPop	:{'Module': 'LlamaForCausalLM.model.layers.5.self_attn', 'Outputs': [[52, 2048]]}
0.0%	1.007 μs	1	1.007 μs	1.007 μs	1.007 μs	1.007 μs	0 ns	PushPop	:{'Module': 'LlamaForCausalLM.model.layers.1.mlp', 'Outputs': [[16, 2048]]}
0.0%	1.007 μs	1	1.007 μs	1.007 μs	1.007 μs	1.007 μs	0 ns	PushPop	:{'Module': 'LlamaForCausalLM.model.layers.8.mlp.act_fn', 'Outputs': [[36, 8192]]}
0.0%	1.006 μs	1	1.006 μs	1.006 μs	1.006 μs	1.006 μs	0 ns	PushPop	:{'Module': 'LlamaForCausalLM.model.layers.4.mlp.act_fn', 'Outputs': [[1873, 8192]]}
0.0%	1.005 μs	1	1.005 μs	1.005 μs	1.005 μs	1.005 μs	0 ns	PushPop	:{'Module': 'LlamaForCausalLM.model.layers.10.mlp.act_fn', 'Outputs': [[4, 8192]]}
0.0%	1.005 μs	1	1.005 μs	1.005 μs	1.005 μs	1.005 μs	0 ns	PushPop	:{'Module': 'LlamaForCausalLM.model.layers.10.mlp.act_fn', 'Outputs': [[99, 8192]]}
0.0%	1.005 μs	1	1.005 μs	1.005 μs	1.005 μs	1.005 μs	0 ns	PushPop	:{'Module': 'LlamaForCausalLM.model.layers.8.mlp.act_fn', 'Outputs': [[84, 8192]]}
0.0%	1.004 μs	1	1.004 μs	1.004 μs	1.004 μs	1.004 μs	0 ns	PushPop	:{'Module': 'LlamaForCausalLM.model.layers.1.mlp.act_fn', 'Outputs': [[4, 8192]]}
0.0%	1.004 μs	1	1.004 μs	1.004 μs	1.004 μs	1.004 μs	0 ns	PushPop	:{'Module': 'LlamaForCausalLM.model.layers.11.mlp', 'Outputs': [[512, 2048]]}
0.0%	1.004 μs	1	1.004 μs	1.004 μs	1.004 μs	1.004 μs	0 ns	PushPop	:{'Module': 'LlamaForCausalLM.model.layers.6', 'Outputs': [[16, 2048], [16, 2048]]}
0.0%	1.004 μs	1	1.004 μs	1.004 μs	1.004 μs	1.004 μs	0 ns	PushPop	:{'Module': 'LlamaForCausalLM.model.layers.6.mlp.act_fn', 'Outputs': [[84, 8192]]}
0.0%	1.003 μs	1	1.003 μs	1.003 μs	1.003 μs	1.003 μs	0 ns	PushPop	:{'Module': 'LlamaForCausalLM.model.layers.7.mlp.act_fn', 'Outputs': [[52, 8192]]}
0.0%	1.003 μs	1	1.003 μs	1.003 μs	1.003 μs	1.003 μs	0 ns	PushPop	:{'Module': 'LlamaForCausalLM.model.layers.7.self_attn', 'Outputs': [[16, 2048]]}
0.0%	1.002 μs	1	1.002 μs	1.002 μs	1.002 μs	1.002 μs	0 ns	PushPop	:{'Module': 'LlamaForCausalLM.model.layers.11.mlp.act_fn', 'Outputs': [[20, 8192]]}
0.0%	1.002 μs	1	1.002 μs	1.002 μs	1.002 μs	1.002 μs	0 ns	PushPop	:{'Module': 'LlamaForCausalLM.model.layers.2.mlp.act_fn', 'Outputs': [[52, 8192]]}
0.0%	1.001 μs	1	1.001 μs	1.001 μs	1.001 μs	1.001 μs	0 ns	PushPop	:{'Module': 'LlamaForCausalLM.model.layers.13', 'Outputs': [[52, 2048], [52, 2048]]}
0.0%	1.001 μs	1	1.001 μs	1.001 μs	1.001 μs	1.001 μs	0 ns	PushPop	:{'Module': 'LlamaForCausalLM.model.layers.9.mlp', 'Outputs': [[52, 2048]]}
0.0%	1.000 μs	1	1.000 μs	1.000 μs	1.000 μs	1.000 μs	0 ns	PushPop	:{'Module': 'LlamaForCausalLM.model.layers.14', 'Outputs': [[84, 2048], [84, 2048]]}
0.0%	999 ns	1	999 ns	999 ns	999 ns	999 ns	0 ns	PushPop	:{'Module': 'LlamaForCausalLM.model.layers.13.mlp.act_fn', 'Outputs': [[256, 8192]]}
0.0%	999 ns	1	999 ns	999 ns	999 ns	999 ns	0 ns	PushPop	:{'Module': 'LlamaForCausalLM.model.layers.14.mlp.act_fn', 'Outputs': [[256, 8192]]}
0.0%	998 ns	1	998 ns	998 ns	998 ns	998 ns	0 ns	PushPop	:{'Module': 'LlamaForCausalLM.model.layers.12.self_attn', 'Outputs': [[16, 2048]]}
0.0%	998 ns	1	998 ns	998 ns	998 ns	998 ns	0 ns	PushPop	:{'Module': 'LlamaForCausalLM.model.layers.13', 'Outputs': [[68, 2048], [68, 2048]]}
0.0%	998 ns	1	998 ns	998 ns	998 ns	998 ns	0 ns	PushPop	:{'Module': 'LlamaForCausalLM.model.layers.6.mlp', 'Outputs': [[16, 2048]]}
0.0%	998 ns	1	998 ns	998 ns	998 ns	998 ns	0 ns	PushPop	:{'Module': 'LlamaForCausalLM.model.layers.6.mlp', 'Outputs': [[68, 2048]]}
0.0%	997 ns	1	997 ns	997 ns	997 ns	997 ns	0 ns	PushPop	:{'Module': 'LlamaForCausalLM.model.layers.0', 'Outputs': [[84, 2048], [84, 2048]]}
0.0%	997 ns	1	997 ns	997 ns	997 ns	997 ns	0 ns	PushPop	:{'Module': 'LlamaForCausalLM.model.layers.13.mlp', 'Outputs': [[512, 2048]]}
0.0%	997 ns	1	997 ns	997 ns	997 ns	997 ns	0 ns	PushPop	:{'Module': 'LlamaForCausalLM.model.layers.7.mlp', 'Outputs': [[512, 2048]]}
0.0%	997 ns	1	997 ns	997 ns	997 ns	997 ns	0 ns	PushPop	:{'Module': 'LlamaForCausalLM.model.layers.9.mlp.act_fn', 'Outputs': [[52, 8192]]}
0.0%	996 ns	1	996 ns	996 ns	996 ns	996 ns	0 ns	PushPop	:{'Module': 'LlamaForCausalLM.model.layers.1.mlp.act_fn', 'Outputs': [[84, 8192]]}
0.0%	996 ns	1	996 ns	996 ns	996 ns	996 ns	0 ns	PushPop	:{'Module': 'LlamaForCausalLM.model.layers.6.mlp', 'Outputs': [[99, 2048]]}
0.0%	995 ns	1	995 ns	995 ns	995 ns	995 ns	0 ns	PushPop	:{'Module': 'LlamaForCausalLM.model.layers.7.mlp', 'Outputs': [[16, 2048]]}
0.0%	994 ns	1	994 ns	994 ns	994 ns	994 ns	0 ns	PushPop	:{'Module': 'LlamaForCausalLM.model.layers.0.mlp', 'Outputs': [[20, 2048]]}
0.0%	994 ns	1	994 ns	994 ns	994 ns	994 ns	0 ns	PushPop	:{'Module': 'LlamaForCausalLM.model.layers.4.mlp.act_fn', 'Outputs': [[20, 8192]]}
0.0%	993 ns	1	993 ns	993 ns	993 ns	993 ns	0 ns	PushPop	:{'Module': 'LlamaForCausalLM.model.layers.1.mlp', 'Outputs': [[1873, 2048]]}
0.0%	993 ns	1	993 ns	993 ns	993 ns	993 ns	0 ns	PushPop	:{'Module': 'LlamaForCausalLM.model.layers.12.mlp.act_fn', 'Outputs': [[36, 8192]]}
0.0%	993 ns	1	993 ns	993 ns	993 ns	993 ns	0 ns	PushPop	:{'Module': 'LlamaForCausalLM.model.layers.14', 'Outputs': [[99, 2048], [99, 2048]]}
0.0%	993 ns	1	993 ns	993 ns	993 ns	993 ns	0 ns	PushPop	:{'Module': 'LlamaForCausalLM.model.layers.4', 'Outputs': [[52, 2048], [52, 2048]]}
0.0%	993 ns	1	993 ns	993 ns	993 ns	993 ns	0 ns	PushPop	:{'Module': 'LlamaForCausalLM.model.layers.6.mlp.act_fn', 'Outputs': [[1873, 8192]]}
0.0%	993 ns	1	993 ns	993 ns	993 ns	993 ns	0 ns	PushPop	:{'Module': 'LlamaForCausalLM.model.layers.7.self_attn.qkv_proj', 'TrainableParams': {'weight': [3072, 2048]}, 'Outputs': [[20, 3072]]}
0.0%	992 ns	1	992 ns	992 ns	992 ns	992 ns	0 ns	PushPop	:{'Module': 'LlamaForCausalLM.model.layers.14', 'Outputs': [[4, 2048], [4, 2048]]}
0.0%	992 ns	1	992 ns	992 ns	992 ns	992 ns	0 ns	PushPop	:{'Module': 'LlamaForCausalLM.model.layers.14.mlp', 'Outputs': [[99, 2048]]}
0.0%	992 ns	1	992 ns	992 ns	992 ns	992 ns	0 ns	PushPop	:{'Module': 'LlamaForCausalLM.model.layers.6.mlp.act_fn', 'Outputs': [[52, 8192]]}
0.0%	991 ns	1	991 ns	991 ns	991 ns	991 ns	0 ns	PushPop	:{'Module': 'LlamaForCausalLM.model.layers.15', 'Outputs': [[84, 2048], [84, 2048]]}
0.0%	991 ns	1	991 ns	991 ns	991 ns	991 ns	0 ns	PushPop	:{'Module': 'LlamaForCausalLM.model.layers.8', 'Outputs': [[36, 2048], [36, 2048]]}
0.0%	991 ns	1	991 ns	991 ns	991 ns	991 ns	0 ns	PushPop	:{'Module': 'LlamaForCausalLM.model.layers.9.mlp', 'Outputs': [[256, 2048]]}
0.0%	990 ns	1	990 ns	990 ns	990 ns	990 ns	0 ns	PushPop	:{'Module': 'LlamaForCausalLM.model.layers.15.mlp.act_fn', 'Outputs': [[4, 8192]]}
0.0%	990 ns	1	990 ns	990 ns	990 ns	990 ns	0 ns	PushPop	:{'Module': 'LlamaForCausalLM.model.layers.3.mlp.act_fn', 'Outputs': [[36, 8192]]}
0.0%	989 ns	1	989 ns	989 ns	989 ns	989 ns	0 ns	PushPop	:{'Module': 'LlamaForCausalLM.model.layers.12.mlp.act_fn', 'Outputs': [[20, 8192]]}
0.0%	988 ns	1	988 ns	988 ns	988 ns	988 ns	0 ns	PushPop	:{'Module': 'LlamaForCausalLM.model.layers.13.mlp.act_fn', 'Outputs': [[52, 8192]]}
0.0%	988 ns	1	988 ns	988 ns	988 ns	988 ns	0 ns	PushPop	:{'Module': 'LlamaForCausalLM.model.layers.2.mlp.act_fn', 'Outputs': [[84, 8192]]}
0.0%	988 ns	1	988 ns	988 ns	988 ns	988 ns	0 ns	PushPop	:{'Module': 'LlamaForCausalLM.model.layers.6.mlp.act_fn', 'Outputs': [[68, 8192]]}
0.0%	987 ns	1	987 ns	987 ns	987 ns	987 ns	0 ns	PushPop	:{'Module': 'LlamaForCausalLM.model.layers.14.self_attn', 'Outputs': [[99, 2048]]}
0.0%	986 ns	1	986 ns	986 ns	986 ns	986 ns	0 ns	PushPop	:{'Module': 'LlamaForCausalLM.model.layers.3.mlp.act_fn', 'Outputs': [[4, 8192]]}
0.0%	986 ns	1	986 ns	986 ns	986 ns	986 ns	0 ns	PushPop	:{'Module': 'LlamaForCausalLM.model.layers.9', 'Outputs': [[36, 2048], [36, 2048]]}
0.0%	985 ns	1	985 ns	985 ns	985 ns	985 ns	0 ns	PushPop	:{'Module': 'LlamaForCausalLM.model.layers.11.mlp.act_fn', 'Outputs': [[52, 8192]]}
0.0%	984 ns	1	984 ns	984 ns	984 ns	984 ns	0 ns	PushPop	:{'Module': 'LlamaForCausalLM.model.layers.15', 'Outputs': [[99, 2048], [99, 2048]]}
0.0%	983 ns	1	983 ns	983 ns	983 ns	983 ns	0 ns	PushPop	:{'Module': 'LlamaForCausalLM.model.layers.11', 'Outputs': [[1873, 2048], [1873, 2048]]}
0.0%	983 ns	1	983 ns	983 ns	983 ns	983 ns	0 ns	PushPop	:{'Module': 'LlamaForCausalLM.model.layers.8.mlp', 'Outputs': [[4, 2048]]}
0.0%	983 ns	1	983 ns	983 ns	983 ns	983 ns	0 ns	PushPop	:{'Module': 'LlamaForCausalLM.model.layers.9.mlp', 'Outputs': [[16, 2048]]}
0.0%	982 ns	1	982 ns	982 ns	982 ns	982 ns	0 ns	PushPop	:{'Module': 'LlamaForCausalLM.model.layers.10', 'Outputs': [[20, 2048], [20, 2048]]}
0.0%	982 ns	1	982 ns	982 ns	982 ns	982 ns	0 ns	PushPop	:{'Module': 'LlamaForCausalLM.model.layers.13', 'Outputs': [[256, 2048], [256, 2048]]}
0.0%	981 ns	1	981 ns	981 ns	981 ns	981 ns	0 ns	PushPop	:{'Module': 'LlamaForCausalLM.model.layers.10.self_attn', 'Outputs': [[16, 2048]]}
0.0%	981 ns	1	981 ns	981 ns	981 ns	981 ns	0 ns	PushPop	:{'Module': 'LlamaForCausalLM.model.layers.10.self_attn', 'Outputs': [[36, 2048]]}
0.0%	981 ns	1	981 ns	981 ns	981 ns	981 ns	0 ns	PushPop	:{'Module': 'LlamaForCausalLM.model.layers.14.mlp.act_fn', 'Outputs': [[84, 8192]]}
0.0%	981 ns	1	981 ns	981 ns	981 ns	981 ns	0 ns	PushPop	:{'Module': 'LlamaForCausalLM.model.layers.14.self_attn', 'Outputs': [[68, 2048]]}
0.0%	980 ns	1	980 ns	980 ns	980 ns	980 ns	0 ns	PushPop	:{'Module': 'LlamaForCausalLM.model.layers.15.mlp.act_fn', 'Outputs': [[36, 8192]]}
0.0%	980 ns	1	980 ns	980 ns	980 ns	980 ns	0 ns	PushPop	:{'Module': 'LlamaForCausalLM.model.layers.3.self_attn', 'Outputs': [[68, 2048]]}
0.0%	980 ns	1	980 ns	980 ns	980 ns	980 ns	0 ns	PushPop	:{'Module': 'LlamaForCausalLM.model.layers.4.mlp', 'Outputs': [[84, 2048]]}
0.0%	979 ns	1	979 ns	979 ns	979 ns	979 ns	0 ns	PushPop	:{'Module': 'LlamaForCausalLM.model.layers.2.self_attn', 'Outputs': [[1873, 2048]]}
0.0%	979 ns	1	979 ns	979 ns	979 ns	979 ns	0 ns	PushPop	:{'Module': 'LlamaForCausalLM.model.layers.7', 'Outputs': [[52, 2048], [52, 2048]]}
0.0%	978 ns	1	978 ns	978 ns	978 ns	978 ns	0 ns	PushPop	:{'Module': 'LlamaForCausalLM.model.layers.1.mlp', 'Outputs': [[256, 2048]]}
0.0%	978 ns	1	978 ns	978 ns	978 ns	978 ns	0 ns	PushPop	:{'Module': 'LlamaForCausalLM.model.layers.5', 'Outputs': [[52, 2048], [52, 2048]]}
0.0%	977 ns	1	977 ns	977 ns	977 ns	977 ns	0 ns	PushPop	:{'Module': 'LlamaForCausalLM.model.layers.3.mlp', 'Outputs': [[68, 2048]]}
0.0%	977 ns	1	977 ns	977 ns	977 ns	977 ns	0 ns	PushPop	:{'Module': 'LlamaForCausalLM.model.layers.4', 'Outputs': [[84, 2048], [84, 2048]]}
0.0%	977 ns	1	977 ns	977 ns	977 ns	977 ns	0 ns	PushPop	:{'Module': 'LlamaForCausalLM.model.layers.8.self_attn', 'Outputs': [[1873, 2048]]}
0.0%	976 ns	1	976 ns	976 ns	976 ns	976 ns	0 ns	PushPop	:{'Module': 'LlamaForCausalLM.model.layers.1.self_attn', 'Outputs': [[1873, 2048]]}
0.0%	976 ns	1	976 ns	976 ns	976 ns	976 ns	0 ns	PushPop	:{'Module': 'LlamaForCausalLM.model.layers.4.self_attn', 'Outputs': [[1873, 2048]]}
0.0%	975 ns	1	975 ns	975 ns	975 ns	975 ns	0 ns	PushPop	:{'Module': 'LlamaForCausalLM.model.layers.2.mlp', 'Outputs': [[16, 2048]]}
0.0%	975 ns	1	975 ns	975 ns	975 ns	975 ns	0 ns	PushPop	:{'Module': 'LlamaForCausalLM.model.layers.3', 'Outputs': [[36, 2048], [36, 2048]]}
0.0%	975 ns	1	975 ns	975 ns	975 ns	975 ns	0 ns	PushPop	:{'Module': 'LlamaForCausalLM.model.layers.5.mlp.act_fn', 'Outputs': [[84, 8192]]}
0.0%	974 ns	1	974 ns	974 ns	974 ns	974 ns	0 ns	PushPop	:{'Module': 'LlamaForCausalLM.model.layers.11.mlp', 'Outputs': [[68, 2048]]}
0.0%	974 ns	1	974 ns	974 ns	974 ns	974 ns	0 ns	PushPop	:{'Module': 'LlamaForCausalLM.model.layers.5.mlp', 'Outputs': [[256, 2048]]}
0.0%	973 ns	1	973 ns	973 ns	973 ns	973 ns	0 ns	PushPop	:{'Module': 'LlamaForCausalLM.model.layers.6.mlp', 'Outputs': [[256, 2048]]}
0.0%	973 ns	1	973 ns	973 ns	973 ns	973 ns	0 ns	PushPop	:{'Module': 'LlamaForCausalLM.model.layers.6.mlp', 'Outputs': [[512, 2048]]}
0.0%	972 ns	1	972 ns	972 ns	972 ns	972 ns	0 ns	PushPop	:{'Module': 'LlamaForCausalLM.model.layers.1.mlp.act_fn', 'Outputs': [[1873, 8192]]}
0.0%	972 ns	1	972 ns	972 ns	972 ns	972 ns	0 ns	PushPop	:{'Module': 'LlamaForCausalLM.model.layers.15.self_attn', 'Outputs': [[4, 2048]]}
0.0%	972 ns	1	972 ns	972 ns	972 ns	972 ns	0 ns	PushPop	:{'Module': 'LlamaForCausalLM.model.layers.6', 'Outputs': [[1873, 2048], [1873, 2048]]}
0.0%	972 ns	1	972 ns	972 ns	972 ns	972 ns	0 ns	PushPop	:{'Module': 'LlamaForCausalLM.model.layers.6.self_attn', 'Outputs': [[1873, 2048]]}
0.0%	972 ns	1	972 ns	972 ns	972 ns	972 ns	0 ns	PushPop	:{'Module': 'LlamaForCausalLM.model.layers.8.mlp.act_fn', 'Outputs': [[4, 8192]]}
0.0%	971 ns	1	971 ns	971 ns	971 ns	971 ns	0 ns	PushPop	:{'Module': 'LlamaForCausalLM.model.layers.15.mlp.act_fn', 'Outputs': [[68, 8192]]}
0.0%	970 ns	1	970 ns	970 ns	970 ns	970 ns	0 ns	PushPop	:{'Module': 'LlamaForCausalLM.model.layers.10', 'Outputs': [[1873, 2048], [1873, 2048]]}
0.0%	970 ns	1	970 ns	970 ns	970 ns	970 ns	0 ns	PushPop	:{'Module': 'LlamaForCausalLM.model.layers.5.mlp.act_fn', 'Outputs': [[36, 8192]]}
0.0%	969 ns	1	969 ns	969 ns	969 ns	969 ns	0 ns	PushPop	:{'Module': 'LlamaForCausalLM.model.layers.11.mlp', 'Outputs': [[1873, 2048]]}
0.0%	969 ns	1	969 ns	969 ns	969 ns	969 ns	0 ns	PushPop	:{'Module': 'LlamaForCausalLM.model.layers.13.mlp.act_fn', 'Outputs': [[1873, 8192]]}
0.0%	968 ns	1	968 ns	968 ns	968 ns	968 ns	0 ns	PushPop	:{'Module': 'LlamaForCausalLM.model.layers.1', 'Outputs': [[20, 2048], [20, 2048]]}
0.0%	968 ns	1	968 ns	968 ns	968 ns	968 ns	0 ns	PushPop	:{'Module': 'LlamaForCausalLM.model.layers.2.mlp.act_fn', 'Outputs': [[20, 8192]]}
0.0%	968 ns	1	968 ns	968 ns	968 ns	968 ns	0 ns	PushPop	:{'Module': 'LlamaForCausalLM.model.layers.2.self_attn', 'Outputs': [[20, 2048]]}
0.0%	968 ns	1	968 ns	968 ns	968 ns	968 ns	0 ns	PushPop	:{'Module': 'LlamaForCausalLM.model.layers.4.mlp.act_fn', 'Outputs': [[52, 8192]]}
0.0%	967 ns	1	967 ns	967 ns	967 ns	967 ns	0 ns	PushPop	:{'Module': 'LlamaForCausalLM.model.layers.0', 'Outputs': [[20, 2048], [20, 2048]]}
0.0%	967 ns	1	967 ns	967 ns	967 ns	967 ns	0 ns	PushPop	:{'Module': 'LlamaForCausalLM.model.layers.13.mlp.act_fn', 'Outputs': [[20, 8192]]}
0.0%	966 ns	1	966 ns	966 ns	966 ns	966 ns	0 ns	PushPop	:{'Module': 'LlamaForCausalLM.model.layers.14.self_attn', 'Outputs': [[52, 2048]]}
0.0%	965 ns	1	965 ns	965 ns	965 ns	965 ns	0 ns	PushPop	:{'Module': 'LlamaForCausalLM.model.layers.11.mlp.act_fn', 'Outputs': [[4, 8192]]}
0.0%	965 ns	1	965 ns	965 ns	965 ns	965 ns	0 ns	PushPop	:{'Module': 'LlamaForCausalLM.model.layers.2', 'Outputs': [[4, 2048], [4, 2048]]}
0.0%	964 ns	1	964 ns	964 ns	964 ns	964 ns	0 ns	PushPop	:{'Module': 'LlamaForCausalLM.model.layers.12.mlp', 'Outputs': [[16, 2048]]}
0.0%	964 ns	1	964 ns	964 ns	964 ns	964 ns	0 ns	PushPop	:{'Module': 'LlamaForCausalLM.model.layers.15.mlp.gate_up_proj', 'TrainableParams': {'weight': [16384, 2048]}, 'Outputs': [[84, 16384]]}
0.0%	964 ns	1	964 ns	964 ns	964 ns	964 ns	0 ns	PushPop	:{'Module': 'LlamaForCausalLM.model.layers.7.self_attn', 'Outputs': [[52, 2048]]}
0.0%	963 ns	1	963 ns	963 ns	963 ns	963 ns	0 ns	PushPop	:{'Module': 'LlamaForCausalLM.model.layers.1', 'Outputs': [[68, 2048], [68, 2048]]}
0.0%	963 ns	1	963 ns	963 ns	963 ns	963 ns	0 ns	PushPop	:{'Module': 'LlamaForCausalLM.model.layers.12', 'Outputs': [[4, 2048], [4, 2048]]}
0.0%	963 ns	1	963 ns	963 ns	963 ns	963 ns	0 ns	PushPop	:{'Module': 'LlamaForCausalLM.model.layers.4.self_attn', 'Outputs': [[4, 2048]]}
0.0%	963 ns	1	963 ns	963 ns	963 ns	963 ns	0 ns	PushPop	:{'Module': 'LlamaForCausalLM.model.layers.4.self_attn', 'Outputs': [[52, 2048]]}
0.0%	962 ns	1	962 ns	962 ns	962 ns	962 ns	0 ns	PushPop	:{'Module': 'LlamaForCausalLM.model.layers.2.mlp', 'Outputs': [[52, 2048]]}
0.0%	961 ns	1	961 ns	961 ns	961 ns	961 ns	0 ns	PushPop	:{'Module': 'LlamaForCausalLM.model.layers.2.mlp', 'Outputs': [[84, 2048]]}
0.0%	961 ns	1	961 ns	961 ns	961 ns	961 ns	0 ns	PushPop	:{'Module': 'LlamaForCausalLM.model.layers.8.self_attn', 'Outputs': [[68, 2048]]}
0.0%	960 ns	1	960 ns	960 ns	960 ns	960 ns	0 ns	PushPop	:{'Module': 'LlamaForCausalLM.model.layers.4', 'Outputs': [[4, 2048], [4, 2048]]}
0.0%	960 ns	1	960 ns	960 ns	960 ns	960 ns	0 ns	PushPop	:{'Module': 'LlamaForCausalLM.model.layers.5.mlp', 'Outputs': [[4, 2048]]}
0.0%	959 ns	1	959 ns	959 ns	959 ns	959 ns	0 ns	PushPop	:{'Module': 'LlamaForCausalLM.model.layers.14.mlp.act_fn', 'Outputs': [[4, 8192]]}
0.0%	958 ns	1	958 ns	958 ns	958 ns	958 ns	0 ns	PushPop	:{'Module': 'LlamaForCausalLM.model.layers.11.mlp.act_fn', 'Outputs': [[84, 8192]]}
0.0%	958 ns	1	958 ns	958 ns	958 ns	958 ns	0 ns	PushPop	:{'Module': 'LlamaForCausalLM.model.layers.13.mlp.act_fn', 'Outputs': [[84, 8192]]}
0.0%	956 ns	1	956 ns	956 ns	956 ns	956 ns	0 ns	PushPop	:{'Module': 'LlamaForCausalLM.model.layers.12', 'Outputs': [[256, 2048], [256, 2048]]}
0.0%	955 ns	1	955 ns	955 ns	955 ns	955 ns	0 ns	PushPop	:{'Module': 'LlamaForCausalLM.model.layers.3.mlp.act_fn', 'Outputs': [[20, 8192]]}
0.0%	955 ns	1	955 ns	955 ns	955 ns	955 ns	0 ns	PushPop	:{'Module': 'LlamaForCausalLM.model.layers.5.mlp', 'Outputs': [[16, 2048]]}
0.0%	955 ns	1	955 ns	955 ns	955 ns	955 ns	0 ns	PushPop	:{'Module': 'LlamaForCausalLM.model.layers.7.mlp', 'Outputs': [[84, 2048]]}
0.0%	953 ns	1	953 ns	953 ns	953 ns	953 ns	0 ns	PushPop	:{'Module': 'LlamaForCausalLM.model.layers.14.mlp.act_fn', 'Outputs': [[68, 8192]]}
0.0%	952 ns	1	952 ns	952 ns	952 ns	952 ns	0 ns	PushPop	:{'Module': 'LlamaForCausalLM.model.layers.11.mlp.act_fn', 'Outputs': [[256, 8192]]}
0.0%	952 ns	1	952 ns	952 ns	952 ns	952 ns	0 ns	PushPop	:{'Module': 'LlamaForCausalLM.model.layers.13.mlp.act_fn', 'Outputs': [[4, 8192]]}
0.0%	952 ns	1	952 ns	952 ns	952 ns	952 ns	0 ns	PushPop	:{'Module': 'LlamaForCausalLM.model.layers.2.mlp.act_fn', 'Outputs': [[1873, 8192]]}
0.0%	952 ns	1	952 ns	952 ns	952 ns	952 ns	0 ns	PushPop	:{'Module': 'LlamaForCausalLM.model.layers.3.mlp.act_fn', 'Outputs': [[1873, 8192]]}
0.0%	952 ns	1	952 ns	952 ns	952 ns	952 ns	0 ns	PushPop	:{'Module': 'LlamaForCausalLM.model.layers.9.mlp.act_fn', 'Outputs': [[20, 8192]]}
0.0%	951 ns	1	951 ns	951 ns	951 ns	951 ns	0 ns	PushPop	:{'Module': 'LlamaForCausalLM.model.layers.2.mlp', 'Outputs': [[68, 2048]]}
0.0%	951 ns	1	951 ns	951 ns	951 ns	951 ns	0 ns	PushPop	:{'Module': 'LlamaForCausalLM.model.layers.3.mlp', 'Outputs': [[99, 2048]]}
0.0%	951 ns	1	951 ns	951 ns	951 ns	951 ns	0 ns	PushPop	:{'Module': 'LlamaForCausalLM.model.layers.6.mlp.act_fn', 'Outputs': [[20, 8192]]}
0.0%	951 ns	1	951 ns	951 ns	951 ns	951 ns	0 ns	PushPop	:{'Module': 'LlamaForCausalLM.model.layers.7.mlp.act_fn', 'Outputs': [[4, 8192]]}
0.0%	950 ns	1	950 ns	950 ns	950 ns	950 ns	0 ns	PushPop	:{'Module': 'LlamaForCausalLM.model.layers.11', 'Outputs': [[68, 2048], [68, 2048]]}
0.0%	950 ns	1	950 ns	950 ns	950 ns	950 ns	0 ns	PushPop	:{'Module': 'LlamaForCausalLM.model.layers.13.self_attn', 'Outputs': [[36, 2048]]}
0.0%	949 ns	1	949 ns	949 ns	949 ns	949 ns	0 ns	PushPop	:{'Module': 'LlamaForCausalLM.model.layers.1.self_attn', 'Outputs': [[20, 2048]]}
0.0%	949 ns	1	949 ns	949 ns	949 ns	949 ns	0 ns	PushPop	:{'Module': 'LlamaForCausalLM.model.layers.10', 'Outputs': [[4, 2048], [4, 2048]]}
0.0%	949 ns	1	949 ns	949 ns	949 ns	949 ns	0 ns	PushPop	:{'Module': 'LlamaForCausalLM.model.layers.10.self_attn', 'Outputs': [[52, 2048]]}
0.0%	949 ns	1	949 ns	949 ns	949 ns	949 ns	0 ns	PushPop	:{'Module': 'LlamaForCausalLM.model.layers.4.mlp.act_fn', 'Outputs': [[4, 8192]]}
0.0%	949 ns	1	949 ns	949 ns	949 ns	949 ns	0 ns	PushPop	:{'Module': 'LlamaForCausalLM.model.layers.8', 'Outputs': [[20, 2048], [20, 2048]]}
0.0%	948 ns	1	948 ns	948 ns	948 ns	948 ns	0 ns	PushPop	:{'Module': 'LlamaForCausalLM.model.layers.10', 'Outputs': [[36, 2048], [36, 2048]]}
0.0%	948 ns	1	948 ns	948 ns	948 ns	948 ns	0 ns	PushPop	:{'Module': 'LlamaForCausalLM.model.layers.10.mlp', 'Outputs': [[512, 2048]]}
0.0%	948 ns	1	948 ns	948 ns	948 ns	948 ns	0 ns	PushPop	:{'Module': 'LlamaForCausalLM.model.layers.14.mlp.act_fn', 'Outputs': [[20, 8192]]}
0.0%	948 ns	1	948 ns	948 ns	948 ns	948 ns	0 ns	PushPop	:{'Module': 'LlamaForCausalLM.model.layers.15', 'Outputs': [[20, 2048], [20, 2048]]}
0.0%	948 ns	1	948 ns	948 ns	948 ns	948 ns	0 ns	PushPop	:{'Module': 'LlamaForCausalLM.model.layers.2.mlp', 'Outputs': [[1873, 2048]]}
0.0%	948 ns	1	948 ns	948 ns	948 ns	948 ns	0 ns	PushPop	:{'Module': 'LlamaForCausalLM.model.layers.9.self_attn', 'Outputs': [[68, 2048]]}
0.0%	947 ns	1	947 ns	947 ns	947 ns	947 ns	0 ns	PushPop	:{'Module': 'LlamaForCausalLM.model.layers.1.mlp', 'Outputs': [[20, 2048]]}
0.0%	947 ns	1	947 ns	947 ns	947 ns	947 ns	0 ns	PushPop	:{'Module': 'LlamaForCausalLM.model.layers.11.self_attn', 'Outputs': [[1873, 2048]]}
0.0%	947 ns	1	947 ns	947 ns	947 ns	947 ns	0 ns	PushPop	:{'Module': 'LlamaForCausalLM.model.layers.12.mlp.act_fn', 'Outputs': [[4, 8192]]}
0.0%	947 ns	1	947 ns	947 ns	947 ns	947 ns	0 ns	PushPop	:{'Module': 'LlamaForCausalLM.model.layers.14.mlp.gate_up_proj', 'TrainableParams': {'weight': [16384, 2048]}, 'Outputs': [[20, 16384]]}
0.0%	947 ns	1	947 ns	947 ns	947 ns	947 ns	0 ns	PushPop	:{'Module': 'LlamaForCausalLM.model.layers.4.mlp', 'Outputs': [[52, 2048]]}
0.0%	946 ns	1	946 ns	946 ns	946 ns	946 ns	0 ns	PushPop	:{'Module': 'LlamaForCausalLM.model.layers.13', 'Outputs': [[84, 2048], [84, 2048]]}
0.0%	946 ns	1	946 ns	946 ns	946 ns	946 ns	0 ns	PushPop	:{'Module': 'LlamaForCausalLM.model.layers.2.mlp.act_fn', 'Outputs': [[36, 8192]]}
0.0%	946 ns	1	946 ns	946 ns	946 ns	946 ns	0 ns	PushPop	:{'Module': 'LlamaForCausalLM.model.layers.8.mlp', 'Outputs': [[1873, 2048]]}
0.0%	945 ns	1	945 ns	945 ns	945 ns	945 ns	0 ns	PushPop	:{'Module': 'LlamaForCausalLM.model.layers.1.self_attn', 'Outputs': [[84, 2048]]}
0.0%	945 ns	1	945 ns	945 ns	945 ns	945 ns	0 ns	PushPop	:{'Module': 'LlamaForCausalLM.model.layers.12', 'Outputs': [[52, 2048], [52, 2048]]}
0.0%	945 ns	1	945 ns	945 ns	945 ns	945 ns	0 ns	PushPop	:{'Module': 'LlamaForCausalLM.model.layers.13', 'Outputs': [[4, 2048], [4, 2048]]}
0.0%	944 ns	1	944 ns	944 ns	944 ns	944 ns	0 ns	PushPop	:{'Module': 'LlamaForCausalLM.model.layers.14.self_attn', 'Outputs': [[20, 2048]]}
0.0%	943 ns	1	943 ns	943 ns	943 ns	943 ns	0 ns	PushPop	:{'Module': 'LlamaForCausalLM.model.layers.3', 'Outputs': [[1873, 2048], [1873, 2048]]}
0.0%	943 ns	1	943 ns	943 ns	943 ns	943 ns	0 ns	PushPop	:{'Module': 'LlamaForCausalLM.model.layers.7.mlp.gate_up_proj', 'TrainableParams': {'weight': [16384, 2048]}, 'Outputs': [[20, 16384]]}
0.0%	942 ns	1	942 ns	942 ns	942 ns	942 ns	0 ns	PushPop	:{'Module': 'LlamaForCausalLM', 'Outputs': [[36, 2048]]}
0.0%	941 ns	1	941 ns	941 ns	941 ns	941 ns	0 ns	PushPop	:{'Module': 'LlamaForCausalLM.model.layers.11', 'Outputs': [[256, 2048], [256, 2048]]}
0.0%	941 ns	1	941 ns	941 ns	941 ns	941 ns	0 ns	PushPop	:{'Module': 'LlamaForCausalLM.model.layers.15.mlp.act_fn', 'Outputs': [[256, 8192]]}
0.0%	940 ns	1	940 ns	940 ns	940 ns	940 ns	0 ns	PushPop	:{'Module': 'LlamaForCausalLM', 'Outputs': [[4, 2048]]}
0.0%	940 ns	1	940 ns	940 ns	940 ns	940 ns	0 ns	PushPop	:{'Module': 'LlamaForCausalLM.model.layers.15.mlp.act_fn', 'Outputs': [[84, 8192]]}
0.0%	940 ns	1	940 ns	940 ns	940 ns	940 ns	0 ns	PushPop	:{'Module': 'LlamaForCausalLM.model.layers.4.mlp.act_fn', 'Outputs': [[36, 8192]]}
0.0%	940 ns	1	940 ns	940 ns	940 ns	940 ns	0 ns	PushPop	:{'Module': 'LlamaForCausalLM.model.layers.5.mlp', 'Outputs': [[36, 2048]]}
0.0%	939 ns	1	939 ns	939 ns	939 ns	939 ns	0 ns	PushPop	:{'Module': 'LlamaForCausalLM.model.layers.10.self_attn', 'Outputs': [[84, 2048]]}
0.0%	938 ns	1	938 ns	938 ns	938 ns	938 ns	0 ns	PushPop	:{'Module': 'LlamaForCausalLM.model.layers.1.self_attn', 'Outputs': [[99, 2048]]}
0.0%	938 ns	1	938 ns	938 ns	938 ns	938 ns	0 ns	PushPop	:{'Module': 'LlamaForCausalLM.model.layers.11.mlp.act_fn', 'Outputs': [[36, 8192]]}
0.0%	938 ns	1	938 ns	938 ns	938 ns	938 ns	0 ns	PushPop	:{'Module': 'LlamaForCausalLM.model.layers.14.self_attn', 'Outputs': [[1873, 2048]]}
0.0%	938 ns	1	938 ns	938 ns	938 ns	938 ns	0 ns	PushPop	:{'Module': 'LlamaForCausalLM.model.layers.5.mlp.act_fn', 'Outputs': [[20, 8192]]}
0.0%	937 ns	1	937 ns	937 ns	937 ns	937 ns	0 ns	PushPop	:{'Module': 'LlamaForCausalLM.model.layers.9', 'Outputs': [[52, 2048], [52, 2048]]}
0.0%	936 ns	1	936 ns	936 ns	936 ns	936 ns	0 ns	PushPop	:{'Module': 'LlamaForCausalLM.model.layers.9', 'Outputs': [[4, 2048], [4, 2048]]}
0.0%	935 ns	1	935 ns	935 ns	935 ns	935 ns	0 ns	PushPop	:{'Module': 'LlamaForCausalLM.model.layers.15.self_attn', 'Outputs': [[99, 2048]]}
0.0%	935 ns	1	935 ns	935 ns	935 ns	935 ns	0 ns	PushPop	:{'Module': 'LlamaForCausalLM.model.layers.5.mlp.act_fn', 'Outputs': [[52, 8192]]}
0.0%	934 ns	1	934 ns	934 ns	934 ns	934 ns	0 ns	PushPop	:{'Module': 'LlamaForCausalLM.model.layers.15', 'Outputs': [[4, 2048], [4, 2048]]}
0.0%	934 ns	1	934 ns	934 ns	934 ns	934 ns	0 ns	PushPop	:{'Module': 'LlamaForCausalLM.model.layers.6', 'Outputs': [[4, 2048], [4, 2048]]}
0.0%	934 ns	1	934 ns	934 ns	934 ns	934 ns	0 ns	PushPop	:{'Module': 'LlamaForCausalLM.model.layers.8.self_attn', 'Outputs': [[84, 2048]]}
0.0%	934 ns	1	934 ns	934 ns	934 ns	934 ns	0 ns	PushPop	:{'Module': 'LlamaForCausalLM.model.layers.9', 'Outputs': [[20, 2048], [20, 2048]]}
0.0%	934 ns	1	934 ns	934 ns	934 ns	934 ns	0 ns	PushPop	:{'Module': 'LlamaForCausalLM.model.layers.9', 'Outputs': [[84, 2048], [84, 2048]]}
0.0%	933 ns	1	933 ns	933 ns	933 ns	933 ns	0 ns	PushPop	:{'Module': 'LlamaForCausalLM.model.layers.2.mlp.act_fn', 'Outputs': [[4, 8192]]}
0.0%	933 ns	1	933 ns	933 ns	933 ns	933 ns	0 ns	PushPop	:{'Module': 'LlamaForCausalLM.model.layers.7.mlp', 'Outputs': [[36, 2048]]}
0.0%	932 ns	1	932 ns	932 ns	932 ns	932 ns	0 ns	PushPop	:{'Module': 'LlamaForCausalLM.model.layers.14', 'Outputs': [[68, 2048], [68, 2048]]}
0.0%	932 ns	1	932 ns	932 ns	932 ns	932 ns	0 ns	PushPop	:{'Module': 'LlamaForCausalLM.model.layers.2', 'Outputs': [[20, 2048], [20, 2048]]}
0.0%	931 ns	1	931 ns	931 ns	931 ns	931 ns	0 ns	PushPop	:{'Module': 'LlamaForCausalLM.model.layers.5.mlp.act_fn', 'Outputs': [[4, 8192]]}
0.0%	931 ns	1	931 ns	931 ns	931 ns	931 ns	0 ns	PushPop	:{'Module': 'LlamaForCausalLM.model.layers.8.mlp', 'Outputs': [[16, 2048]]}
0.0%	930 ns	1	930 ns	930 ns	930 ns	930 ns	0 ns	PushPop	:{'Module': 'LlamaForCausalLM.model.layers.2.mlp', 'Outputs': [[4, 2048]]}
0.0%	930 ns	1	930 ns	930 ns	930 ns	930 ns	0 ns	PushPop	:{'Module': 'LlamaForCausalLM.model.layers.6.mlp.act_fn', 'Outputs': [[4, 8192]]}
0.0%	929 ns	1	929 ns	929 ns	929 ns	929 ns	0 ns	PushPop	:{'Module': 'LlamaForCausalLM.model.layers.11.self_attn', 'Outputs': [[84, 2048]]}
0.0%	929 ns	1	929 ns	929 ns	929 ns	929 ns	0 ns	PushPop	:{'Module': 'LlamaForCausalLM.model.layers.6', 'Outputs': [[36, 2048], [36, 2048]]}
0.0%	928 ns	1	928 ns	928 ns	928 ns	928 ns	0 ns	PushPop	:{'Module': 'LlamaForCausalLM.model.layers.12.mlp.act_fn', 'Outputs': [[256, 8192]]}
0.0%	928 ns	1	928 ns	928 ns	928 ns	928 ns	0 ns	PushPop	:{'Module': 'LlamaForCausalLM.model.layers.13.mlp', 'Outputs': [[16, 2048]]}
0.0%	928 ns	1	928 ns	928 ns	928 ns	928 ns	0 ns	PushPop	:{'Module': 'LlamaForCausalLM.model.layers.14', 'Outputs': [[36, 2048], [36, 2048]]}
0.0%	928 ns	1	928 ns	928 ns	928 ns	928 ns	0 ns	PushPop	:{'Module': 'LlamaForCausalLM.model.layers.9.mlp', 'Outputs': [[1873, 2048]]}
0.0%	928 ns	1	928 ns	928 ns	928 ns	928 ns	0 ns	PushPop	:{'Module': 'LlamaForCausalLM.model.layers.9.self_attn', 'Outputs': [[4, 2048]]}
0.0%	927 ns	1	927 ns	927 ns	927 ns	927 ns	0 ns	PushPop	:{'Module': 'LlamaForCausalLM.model.layers.12', 'Outputs': [[84, 2048], [84, 2048]]}
0.0%	927 ns	1	927 ns	927 ns	927 ns	927 ns	0 ns	PushPop	:{'Module': 'LlamaForCausalLM.model.layers.13.self_attn', 'Outputs': [[4, 2048]]}
0.0%	927 ns	1	927 ns	927 ns	927 ns	927 ns	0 ns	PushPop	:{'Module': 'LlamaForCausalLM.model.layers.15', 'Outputs': [[52, 2048], [52, 2048]]}
0.0%	927 ns	1	927 ns	927 ns	927 ns	927 ns	0 ns	PushPop	:{'Module': 'LlamaForCausalLM.model.layers.15.mlp.act_fn', 'Outputs': [[52, 8192]]}
0.0%	924 ns	1	924 ns	924 ns	924 ns	924 ns	0 ns	PushPop	:{'Module': 'LlamaForCausalLM.model.layers.13', 'Outputs': [[1873, 2048], [1873, 2048]]}
0.0%	924 ns	1	924 ns	924 ns	924 ns	924 ns	0 ns	PushPop	:{'Module': 'LlamaForCausalLM.model.layers.2.self_attn', 'Outputs': [[4, 2048]]}
0.0%	924 ns	1	924 ns	924 ns	924 ns	924 ns	0 ns	PushPop	:{'Module': 'LlamaForCausalLM.model.layers.6.self_attn', 'Outputs': [[36, 2048]]}
0.0%	924 ns	1	924 ns	924 ns	924 ns	924 ns	0 ns	PushPop	:{'Module': 'LlamaForCausalLM.model.layers.7', 'Outputs': [[20, 2048], [20, 2048]]}
0.0%	924 ns	1	924 ns	924 ns	924 ns	924 ns	0 ns	PushPop	:{'Module': 'LlamaForCausalLM.model.layers.9.mlp.act_fn', 'Outputs': [[36, 8192]]}
0.0%	923 ns	1	923 ns	923 ns	923 ns	923 ns	0 ns	PushPop	:{'Module': 'LlamaForCausalLM.model.layers.10', 'Outputs': [[84, 2048], [84, 2048]]}
0.0%	923 ns	1	923 ns	923 ns	923 ns	923 ns	0 ns	PushPop	:{'Module': 'LlamaForCausalLM.model.layers.12.mlp.act_fn', 'Outputs': [[84, 8192]]}
0.0%	922 ns	1	922 ns	922 ns	922 ns	922 ns	0 ns	PushPop	:{'Module': 'LlamaForCausalLM.model.layers.5.mlp', 'Outputs': [[1873, 2048]]}
0.0%	921 ns	1	921 ns	921 ns	921 ns	921 ns	0 ns	PushPop	:{'Module': 'LlamaForCausalLM.model.layers.15.mlp', 'Outputs': [[68, 2048]]}
0.0%	921 ns	1	921 ns	921 ns	921 ns	921 ns	0 ns	PushPop	:{'Module': 'LlamaForCausalLM.model.layers.4.self_attn', 'Outputs': [[20, 2048]]}
0.0%	921 ns	1	921 ns	921 ns	921 ns	921 ns	0 ns	PushPop	:{'Module': 'LlamaForCausalLM.model.layers.6.self_attn', 'Outputs': [[52, 2048]]}
0.0%	918 ns	1	918 ns	918 ns	918 ns	918 ns	0 ns	PushPop	:{'Module': 'LlamaForCausalLM.model.layers.13.mlp', 'Outputs': [[1873, 2048]]}
0.0%	917 ns	1	917 ns	917 ns	917 ns	917 ns	0 ns	PushPop	:{'Module': 'LlamaForCausalLM.model.layers.0.mlp', 'Outputs': [[99, 2048]]}
0.0%	917 ns	1	917 ns	917 ns	917 ns	917 ns	0 ns	PushPop	:{'Module': 'LlamaForCausalLM.model.layers.13', 'Outputs': [[20, 2048], [20, 2048]]}
0.0%	917 ns	1	917 ns	917 ns	917 ns	917 ns	0 ns	PushPop	:{'Module': 'LlamaForCausalLM.model.layers.3.self_attn', 'Outputs': [[20, 2048]]}
0.0%	917 ns	1	917 ns	917 ns	917 ns	917 ns	0 ns	PushPop	:{'Module': 'LlamaForCausalLM.model.layers.7', 'Outputs': [[4, 2048], [4, 2048]]}
0.0%	917 ns	1	917 ns	917 ns	917 ns	917 ns	0 ns	PushPop	:{'Module': 'LlamaForCausalLM.model.layers.8.mlp', 'Outputs': [[68, 2048]]}
0.0%	916 ns	1	916 ns	916 ns	916 ns	916 ns	0 ns	PushPop	:{'Module': 'LlamaForCausalLM.model.layers.10.mlp', 'Outputs': [[20, 2048]]}
0.0%	916 ns	1	916 ns	916 ns	916 ns	916 ns	0 ns	PushPop	:{'Module': 'LlamaForCausalLM.model.layers.6.mlp', 'Outputs': [[84, 2048]]}
0.0%	914 ns	1	914 ns	914 ns	914 ns	914 ns	0 ns	PushPop	:{'Module': 'LlamaForCausalLM', 'Outputs': [[256, 2048]]}
0.0%	914 ns	1	914 ns	914 ns	914 ns	914 ns	0 ns	PushPop	:{'Module': 'LlamaForCausalLM.model.layers.14', 'Outputs': [[1873, 2048], [1873, 2048]]}
0.0%	914 ns	1	914 ns	914 ns	914 ns	914 ns	0 ns	PushPop	:{'Module': 'LlamaForCausalLM.model.layers.15.mlp', 'Outputs': [[99, 2048]]}
0.0%	914 ns	1	914 ns	914 ns	914 ns	914 ns	0 ns	PushPop	:{'Module': 'LlamaForCausalLM.model.layers.4.self_attn', 'Outputs': [[68, 2048]]}
0.0%	914 ns	1	914 ns	914 ns	914 ns	914 ns	0 ns	PushPop	:{'Module': 'LlamaForCausalLM.model.layers.6.self_attn', 'Outputs': [[4, 2048]]}
0.0%	913 ns	1	913 ns	913 ns	913 ns	913 ns	0 ns	PushPop	:{'Module': 'LlamaForCausalLM.model.layers.5', 'Outputs': [[36, 2048], [36, 2048]]}
0.0%	912 ns	1	912 ns	912 ns	912 ns	912 ns	0 ns	PushPop	:{'Module': 'LlamaForCausalLM.model.layers.8.mlp', 'Outputs': [[52, 2048]]}
0.0%	911 ns	1	911 ns	911 ns	911 ns	911 ns	0 ns	PushPop	:{'Module': 'LlamaForCausalLM.model.layers.13.self_attn', 'Outputs': [[256, 2048]]}
0.0%	911 ns	1	911 ns	911 ns	911 ns	911 ns	0 ns	PushPop	:{'Module': 'LlamaForCausalLM.model.layers.14', 'Outputs': [[52, 2048], [52, 2048]]}
0.0%	911 ns	1	911 ns	911 ns	911 ns	911 ns	0 ns	PushPop	:{'Module': 'LlamaForCausalLM.model.layers.6.mlp', 'Outputs': [[52, 2048]]}
0.0%	910 ns	1	910 ns	910 ns	910 ns	910 ns	0 ns	PushPop	:{'Module': 'LlamaForCausalLM.model.layers.1', 'Outputs': [[4, 2048], [4, 2048]]}
0.0%	910 ns	1	910 ns	910 ns	910 ns	910 ns	0 ns	PushPop	:{'Module': 'LlamaForCausalLM.model.layers.13.self_attn', 'Outputs': [[20, 2048]]}
0.0%	910 ns	1	910 ns	910 ns	910 ns	910 ns	0 ns	PushPop	:{'Module': 'LlamaForCausalLM.model.layers.7', 'Outputs': [[68, 2048], [68, 2048]]}
0.0%	910 ns	1	910 ns	910 ns	910 ns	910 ns	0 ns	PushPop	:{'Module': 'LlamaForCausalLM.model.layers.8.mlp', 'Outputs': [[256, 2048]]}
0.0%	909 ns	1	909 ns	909 ns	909 ns	909 ns	0 ns	PushPop	:{'Module': 'LlamaForCausalLM.model.layers.11.self_attn', 'Outputs': [[68, 2048]]}
0.0%	909 ns	1	909 ns	909 ns	909 ns	909 ns	0 ns	PushPop	:{'Module': 'LlamaForCausalLM.model.layers.14.mlp', 'Outputs': [[1873, 2048]]}
0.0%	909 ns	1	909 ns	909 ns	909 ns	909 ns	0 ns	PushPop	:{'Module': 'LlamaForCausalLM.model.layers.7.mlp', 'Outputs': [[68, 2048]]}
0.0%	909 ns	1	909 ns	909 ns	909 ns	909 ns	0 ns	PushPop	:{'Module': 'LlamaForCausalLM.model.layers.9.mlp.act_fn', 'Outputs': [[4, 8192]]}
0.0%	908 ns	1	908 ns	908 ns	908 ns	908 ns	0 ns	PushPop	:{'Module': 'LlamaForCausalLM.model.layers.10', 'Outputs': [[52, 2048], [52, 2048]]}
0.0%	908 ns	1	908 ns	908 ns	908 ns	908 ns	0 ns	PushPop	:{'Module': 'LlamaForCausalLM.model.layers.11.self_attn', 'Outputs': [[36, 2048]]}
0.0%	907 ns	1	907 ns	907 ns	907 ns	907 ns	0 ns	PushPop	:{'Module': 'LlamaForCausalLM.model.layers.11', 'Outputs': [[4, 2048], [4, 2048]]}
0.0%	907 ns	1	907 ns	907 ns	907 ns	907 ns	0 ns	PushPop	:{'Module': 'LlamaForCausalLM.model.layers.15', 'Outputs': [[68, 2048], [68, 2048]]}
0.0%	906 ns	1	906 ns	906 ns	906 ns	906 ns	0 ns	PushPop	:{'Module': 'LlamaForCausalLM.model.layers.0.mlp', 'Outputs': [[84, 2048]]}
0.0%	906 ns	1	906 ns	906 ns	906 ns	906 ns	0 ns	PushPop	:{'Module': 'LlamaForCausalLM.model.layers.10.mlp', 'Outputs': [[4, 2048]]}
0.0%	906 ns	1	906 ns	906 ns	906 ns	906 ns	0 ns	PushPop	:{'Module': 'LlamaForCausalLM.model.layers.3.mlp', 'Outputs': [[20, 2048]]}
0.0%	905 ns	1	905 ns	905 ns	905 ns	905 ns	0 ns	PushPop	:{'Module': 'LlamaForCausalLM', 'Outputs': [[20, 2048]]}
0.0%	904 ns	1	904 ns	904 ns	904 ns	904 ns	0 ns	PushPop	:{'Module': 'LlamaForCausalLM.model.layers.12.mlp', 'Outputs': [[68, 2048]]}
0.0%	904 ns	1	904 ns	904 ns	904 ns	904 ns	0 ns	PushPop	:{'Module': 'LlamaForCausalLM.model.layers.3.self_attn', 'Outputs': [[36, 2048]]}
0.0%	903 ns	1	903 ns	903 ns	903 ns	903 ns	0 ns	PushPop	:{'Module': 'LlamaForCausalLM.model.layers.9.mlp', 'Outputs': [[4, 2048]]}
0.0%	902 ns	1	902 ns	902 ns	902 ns	902 ns	0 ns	PushPop	:{'Module': 'LlamaForCausalLM.model.layers.1.mlp.act_fn', 'Outputs': [[36, 8192]]}
0.0%	902 ns	1	902 ns	902 ns	902 ns	902 ns	0 ns	PushPop	:{'Module': 'LlamaForCausalLM.model.layers.14.self_attn', 'Outputs': [[36, 2048]]}
0.0%	902 ns	1	902 ns	902 ns	902 ns	902 ns	0 ns	PushPop	:{'Module': 'LlamaForCausalLM.model.layers.15.self_attn', 'Outputs': [[1873, 2048]]}
0.0%	902 ns	1	902 ns	902 ns	902 ns	902 ns	0 ns	PushPop	:{'Module': 'LlamaForCausalLM.model.layers.3.mlp', 'Outputs': [[1873, 2048]]}
0.0%	900 ns	1	900 ns	900 ns	900 ns	900 ns	0 ns	PushPop	:{'Module': 'LlamaForCausalLM.model.layers.10.mlp', 'Outputs': [[52, 2048]]}
0.0%	900 ns	1	900 ns	900 ns	900 ns	900 ns	0 ns	PushPop	:{'Module': 'LlamaForCausalLM.model.layers.15', 'Outputs': [[1873, 2048], [1873, 2048]]}
0.0%	900 ns	1	900 ns	900 ns	900 ns	900 ns	0 ns	PushPop	:{'Module': 'LlamaForCausalLM.model.layers.4', 'Outputs': [[68, 2048], [68, 2048]]}
0.0%	898 ns	1	898 ns	898 ns	898 ns	898 ns	0 ns	PushPop	:{'Module': 'LlamaForCausalLM.model.layers.12.mlp', 'Outputs': [[52, 2048]]}
0.0%	897 ns	1	897 ns	897 ns	897 ns	897 ns	0 ns	PushPop	:{'Module': 'LlamaForCausalLM.model.layers.12.self_attn', 'Outputs': [[84, 2048]]}
0.0%	897 ns	1	897 ns	897 ns	897 ns	897 ns	0 ns	PushPop	:{'Module': 'LlamaForCausalLM.model.layers.9.mlp', 'Outputs': [[68, 2048]]}
0.0%	896 ns	1	896 ns	896 ns	896 ns	896 ns	0 ns	PushPop	:{'Module': 'LlamaForCausalLM.model.layers.1', 'Outputs': [[36, 2048], [36, 2048]]}
0.0%	896 ns	1	896 ns	896 ns	896 ns	896 ns	0 ns	PushPop	:{'Module': 'LlamaForCausalLM.model.layers.12.self_attn', 'Outputs': [[4, 2048]]}
0.0%	896 ns	1	896 ns	896 ns	896 ns	896 ns	0 ns	PushPop	:{'Module': 'LlamaForCausalLM.model.layers.7.self_attn', 'Outputs': [[4, 2048]]}
0.0%	894 ns	1	894 ns	894 ns	894 ns	894 ns	0 ns	PushPop	:{'Module': 'LlamaForCausalLM.model.layers.12.self_attn', 'Outputs': [[36, 2048]]}
0.0%	894 ns	1	894 ns	894 ns	894 ns	894 ns	0 ns	PushPop	:{'Module': 'LlamaForCausalLM.model.layers.13.mlp', 'Outputs': [[84, 2048]]}
0.0%	894 ns	1	894 ns	894 ns	894 ns	894 ns	0 ns	PushPop	:{'Module': 'LlamaForCausalLM.model.layers.3', 'Outputs': [[52, 2048], [52, 2048]]}
0.0%	894 ns	1	894 ns	894 ns	894 ns	894 ns	0 ns	PushPop	:{'Module': 'LlamaForCausalLM.model.layers.4', 'Outputs': [[36, 2048], [36, 2048]]}
0.0%	893 ns	1	893 ns	893 ns	893 ns	893 ns	0 ns	PushPop	:{'Module': 'LlamaForCausalLM', 'Outputs': [[1873, 2048]]}
0.0%	893 ns	1	893 ns	893 ns	893 ns	893 ns	0 ns	PushPop	:{'Module': 'LlamaForCausalLM.model.layers.11.self_attn', 'Outputs': [[4, 2048]]}
0.0%	893 ns	1	893 ns	893 ns	893 ns	893 ns	0 ns	PushPop	:{'Module': 'LlamaForCausalLM.model.layers.3', 'Outputs': [[20, 2048], [20, 2048]]}
0.0%	893 ns	1	893 ns	893 ns	893 ns	893 ns	0 ns	PushPop	:{'Module': 'LlamaForCausalLM.model.layers.5', 'Outputs': [[4, 2048], [4, 2048]]}
0.0%	892 ns	1	892 ns	892 ns	892 ns	892 ns	0 ns	PushPop	:{'Module': 'LlamaForCausalLM.model.layers.13.self_attn', 'Outputs': [[1873, 2048]]}
0.0%	892 ns	1	892 ns	892 ns	892 ns	892 ns	0 ns	PushPop	:{'Module': 'LlamaForCausalLM.model.layers.14', 'Outputs': [[256, 2048], [256, 2048]]}
0.0%	892 ns	1	892 ns	892 ns	892 ns	892 ns	0 ns	PushPop	:{'Module': 'LlamaForCausalLM.model.layers.14.mlp', 'Outputs': [[84, 2048]]}
0.0%	892 ns	1	892 ns	892 ns	892 ns	892 ns	0 ns	PushPop	:{'Module': 'LlamaForCausalLM.model.layers.5.self_attn', 'Outputs': [[20, 2048]]}
0.0%	892 ns	1	892 ns	892 ns	892 ns	892 ns	0 ns	PushPop	:{'Module': 'LlamaForCausalLM.model.layers.7.mlp', 'Outputs': [[20, 2048]]}
0.0%	891 ns	1	891 ns	891 ns	891 ns	891 ns	0 ns	PushPop	:{'Module': 'LlamaForCausalLM.model.layers.3.self_attn', 'Outputs': [[4, 2048]]}
0.0%	890 ns	1	890 ns	890 ns	890 ns	890 ns	0 ns	PushPop	:{'Module': 'LlamaForCausalLM.model.layers.15', 'Outputs': [[256, 2048], [256, 2048]]}
0.0%	889 ns	1	889 ns	889 ns	889 ns	889 ns	0 ns	PushPop	:{'Module': 'LlamaForCausalLM.model.layers.13.self_attn', 'Outputs': [[68, 2048]]}
0.0%	888 ns	1	888 ns	888 ns	888 ns	888 ns	0 ns	PushPop	:{'Module': 'LlamaForCausalLM.model.layers.11.mlp', 'Outputs': [[84, 2048]]}
0.0%	886 ns	1	886 ns	886 ns	886 ns	886 ns	0 ns	PushPop	:{'Module': 'LlamaForCausalLM.model.layers.15.self_attn', 'Outputs': [[84, 2048]]}
0.0%	885 ns	1	885 ns	885 ns	885 ns	885 ns	0 ns	PushPop	:{'Module': 'LlamaForCausalLM.model.layers.13.mlp', 'Outputs': [[52, 2048]]}
0.0%	885 ns	1	885 ns	885 ns	885 ns	885 ns	0 ns	PushPop	:{'Module': 'LlamaForCausalLM.model.layers.13.self_attn', 'Outputs': [[84, 2048]]}
0.0%	885 ns	1	885 ns	885 ns	885 ns	885 ns	0 ns	PushPop	:{'Module': 'LlamaForCausalLM.model.layers.3.mlp', 'Outputs': [[36, 2048]]}
0.0%	883 ns	1	883 ns	883 ns	883 ns	883 ns	0 ns	PushPop	:{'Module': 'LlamaForCausalLM.model.layers.5', 'Outputs': [[84, 2048], [84, 2048]]}
0.0%	883 ns	1	883 ns	883 ns	883 ns	883 ns	0 ns	PushPop	:{'Module': 'LlamaForCausalLM.model.layers.6.self_attn', 'Outputs': [[68, 2048]]}
0.0%	881 ns	1	881 ns	881 ns	881 ns	881 ns	0 ns	PushPop	:{'Module': 'LlamaForCausalLM.model.layers.11', 'Outputs': [[36, 2048], [36, 2048]]}
0.0%	879 ns	1	879 ns	879 ns	879 ns	879 ns	0 ns	PushPop	:{'Module': 'LlamaForCausalLM.model.layers.11.mlp', 'Outputs': [[99, 2048]]}
0.0%	879 ns	1	879 ns	879 ns	879 ns	879 ns	0 ns	PushPop	:{'Module': 'LlamaForCausalLM.model.layers.15.self_attn', 'Outputs': [[36, 2048]]}
0.0%	878 ns	1	878 ns	878 ns	878 ns	878 ns	0 ns	PushPop	:{'Module': 'LlamaForCausalLM.model.layers.11.mlp', 'Outputs': [[4, 2048]]}
0.0%	878 ns	1	878 ns	878 ns	878 ns	878 ns	0 ns	PushPop	:{'Module': 'LlamaForCausalLM.model.layers.11.self_attn', 'Outputs': [[52, 2048]]}
0.0%	877 ns	1	877 ns	877 ns	877 ns	877 ns	0 ns	PushPop	:{'Module': 'LlamaForCausalLM.model.layers.12', 'Outputs': [[20, 2048], [20, 2048]]}
0.0%	877 ns	1	877 ns	877 ns	877 ns	877 ns	0 ns	PushPop	:{'Module': 'LlamaForCausalLM.model.layers.8', 'Outputs': [[52, 2048], [52, 2048]]}
0.0%	876 ns	1	876 ns	876 ns	876 ns	876 ns	0 ns	PushPop	:{'Module': 'LlamaForCausalLM.model.layers.13', 'Outputs': [[36, 2048], [36, 2048]]}
0.0%	876 ns	1	876 ns	876 ns	876 ns	876 ns	0 ns	PushPop	:{'Module': 'LlamaForCausalLM.model.layers.2.self_attn', 'Outputs': [[68, 2048]]}
0.0%	876 ns	1	876 ns	876 ns	876 ns	876 ns	0 ns	PushPop	:{'Module': 'LlamaForCausalLM.model.layers.4.mlp', 'Outputs': [[20, 2048]]}
0.0%	874 ns	1	874 ns	874 ns	874 ns	874 ns	0 ns	PushPop	:{'Module': 'LlamaForCausalLM.model.layers.13.mlp', 'Outputs': [[4, 2048]]}
0.0%	873 ns	1	873 ns	873 ns	873 ns	873 ns	0 ns	PushPop	:{'Module': 'LlamaForCausalLM.model.layers.10.mlp', 'Outputs': [[36, 2048]]}
0.0%	872 ns	1	872 ns	872 ns	872 ns	872 ns	0 ns	PushPop	:{'Module': 'LlamaForCausalLM.model.layers.2.mlp', 'Outputs': [[36, 2048]]}
0.0%	872 ns	1	872 ns	872 ns	872 ns	872 ns	0 ns	PushPop	:{'Module': 'LlamaForCausalLM.model.layers.5', 'Outputs': [[20, 2048], [20, 2048]]}
0.0%	872 ns	1	872 ns	872 ns	872 ns	872 ns	0 ns	PushPop	:{'Module': 'LlamaForCausalLM.model.layers.8.self_attn', 'Outputs': [[20, 2048]]}
0.0%	870 ns	1	870 ns	870 ns	870 ns	870 ns	0 ns	PushPop	:{'Module': 'LlamaForCausalLM.model.layers.10.self_attn', 'Outputs': [[99, 2048]]}
0.0%	870 ns	1	870 ns	870 ns	870 ns	870 ns	0 ns	PushPop	:{'Module': 'LlamaForCausalLM.model.layers.11', 'Outputs': [[52, 2048], [52, 2048]]}
0.0%	868 ns	1	868 ns	868 ns	868 ns	868 ns	0 ns	PushPop	:{'Module': 'LlamaForCausalLM.model.layers.6', 'Outputs': [[20, 2048], [20, 2048]]}
0.0%	867 ns	1	867 ns	867 ns	867 ns	867 ns	0 ns	PushPop	:{'Module': 'LlamaForCausalLM', 'Outputs': [[84, 2048]]}
0.0%	867 ns	1	867 ns	867 ns	867 ns	867 ns	0 ns	PushPop	:{'Module': 'LlamaForCausalLM.model.layers.1.self_attn', 'Outputs': [[4, 2048]]}
0.0%	866 ns	1	866 ns	866 ns	866 ns	866 ns	0 ns	PushPop	:{'Module': 'LlamaForCausalLM.model.layers.15', 'Outputs': [[36, 2048], [36, 2048]]}
0.0%	866 ns	1	866 ns	866 ns	866 ns	866 ns	0 ns	PushPop	:{'Module': 'LlamaForCausalLM.model.layers.4.self_attn', 'Outputs': [[36, 2048]]}
0.0%	865 ns	1	865 ns	865 ns	865 ns	865 ns	0 ns	PushPop	:{'Module': 'LlamaForCausalLM.model.layers.14', 'Outputs': [[20, 2048], [20, 2048]]}
0.0%	865 ns	1	865 ns	865 ns	865 ns	865 ns	0 ns	PushPop	:{'Module': 'LlamaForCausalLM.model.layers.14.mlp', 'Outputs': [[52, 2048]]}
0.0%	865 ns	1	865 ns	865 ns	865 ns	865 ns	0 ns	PushPop	:{'Module': 'LlamaForCausalLM.model.layers.6.mlp', 'Outputs': [[36, 2048]]}
0.0%	864 ns	1	864 ns	864 ns	864 ns	864 ns	0 ns	PushPop	:{'Module': 'LlamaForCausalLM.model.layers.6.mlp', 'Outputs': [[1873, 2048]]}
0.0%	864 ns	1	864 ns	864 ns	864 ns	864 ns	0 ns	PushPop	:{'Module': 'LlamaForCausalLM.model.layers.9.mlp', 'Outputs': [[20, 2048]]}
0.0%	862 ns	1	862 ns	862 ns	862 ns	862 ns	0 ns	PushPop	:{'Module': 'LlamaForCausalLM.model.layers.2', 'Outputs': [[36, 2048], [36, 2048]]}
0.0%	861 ns	1	861 ns	861 ns	861 ns	861 ns	0 ns	PushPop	:{'Module': 'LlamaForCausalLM.model.layers.14.self_attn', 'Outputs': [[256, 2048]]}
0.0%	861 ns	1	861 ns	861 ns	861 ns	861 ns	0 ns	PushPop	:{'Module': 'LlamaForCausalLM.model.layers.2.mlp', 'Outputs': [[20, 2048]]}
0.0%	860 ns	1	860 ns	860 ns	860 ns	860 ns	0 ns	PushPop	:{'Module': 'LlamaForCausalLM.model.layers.13.mlp', 'Outputs': [[20, 2048]]}
0.0%	859 ns	1	859 ns	859 ns	859 ns	859 ns	0 ns	PushPop	:{'Module': 'LlamaForCausalLM.model.layers.15.mlp', 'Outputs': [[256, 2048]]}
0.0%	859 ns	1	859 ns	859 ns	859 ns	859 ns	0 ns	PushPop	:{'Module': 'LlamaForCausalLM.model.layers.5.self_attn', 'Outputs': [[4, 2048]]}
0.0%	858 ns	1	858 ns	858 ns	858 ns	858 ns	0 ns	PushPop	:{'Module': 'LlamaForCausalLM.model.layers.11.self_attn', 'Outputs': [[20, 2048]]}
0.0%	858 ns	1	858 ns	858 ns	858 ns	858 ns	0 ns	PushPop	:{'Module': 'LlamaForCausalLM.model.layers.5.self_attn', 'Outputs': [[36, 2048]]}
0.0%	857 ns	1	857 ns	857 ns	857 ns	857 ns	0 ns	PushPop	:{'Module': 'LlamaForCausalLM.model.layers.7.mlp', 'Outputs': [[1873, 2048]]}
0.0%	856 ns	1	856 ns	856 ns	856 ns	856 ns	0 ns	PushPop	:{'Module': 'LlamaForCausalLM.model.layers.1.self_attn', 'Outputs': [[36, 2048]]}
0.0%	855 ns	1	855 ns	855 ns	855 ns	855 ns	0 ns	PushPop	:{'Module': 'LlamaForCausalLM.model.layers.6.self_attn', 'Outputs': [[20, 2048]]}
0.0%	855 ns	1	855 ns	855 ns	855 ns	855 ns	0 ns	PushPop	:{'Module': 'LlamaForCausalLM.model.layers.8.mlp', 'Outputs': [[84, 2048]]}
0.0%	853 ns	1	853 ns	853 ns	853 ns	853 ns	0 ns	PushPop	:{'Module': 'LlamaForCausalLM.model.layers.15.mlp', 'Outputs': [[52, 2048]]}
0.0%	853 ns	1	853 ns	853 ns	853 ns	853 ns	0 ns	PushPop	:{'Module': 'LlamaForCausalLM.model.layers.9.mlp', 'Outputs': [[36, 2048]]}
0.0%	852 ns	1	852 ns	852 ns	852 ns	852 ns	0 ns	PushPop	:{'Module': 'LlamaForCausalLM.model.layers.9.mlp', 'Outputs': [[84, 2048]]}
0.0%	851 ns	1	851 ns	851 ns	851 ns	851 ns	0 ns	PushPop	:{'Module': 'LlamaForCausalLM.model.layers.13.self_attn', 'Outputs': [[52, 2048]]}
0.0%	851 ns	1	851 ns	851 ns	851 ns	851 ns	0 ns	PushPop	:{'Module': 'LlamaForCausalLM.model.layers.15.mlp', 'Outputs': [[36, 2048]]}
0.0%	850 ns	1	850 ns	850 ns	850 ns	850 ns	0 ns	PushPop	:{'Module': 'LlamaForCausalLM', 'Outputs': [[52, 2048]]}
0.0%	850 ns	1	850 ns	850 ns	850 ns	850 ns	0 ns	PushPop	:{'Module': 'LlamaForCausalLM.model.layers.10.self_attn', 'Outputs': [[4, 2048]]}
0.0%	850 ns	1	850 ns	850 ns	850 ns	850 ns	0 ns	PushPop	:{'Module': 'LlamaForCausalLM.model.layers.13.mlp', 'Outputs': [[68, 2048]]}
0.0%	850 ns	1	850 ns	850 ns	850 ns	850 ns	0 ns	PushPop	:{'Module': 'LlamaForCausalLM.model.layers.4', 'Outputs': [[20, 2048], [20, 2048]]}
0.0%	850 ns	1	850 ns	850 ns	850 ns	850 ns	0 ns	PushPop	:{'Module': 'LlamaForCausalLM.model.layers.9.self_attn', 'Outputs': [[20, 2048]]}
0.0%	848 ns	1	848 ns	848 ns	848 ns	848 ns	0 ns	PushPop	:{'Module': 'LlamaForCausalLM.model.layers.15.mlp', 'Outputs': [[4, 2048]]}
0.0%	847 ns	1	847 ns	847 ns	847 ns	847 ns	0 ns	PushPop	:{'Module': 'LlamaForCausalLM.model.layers.5.mlp', 'Outputs': [[52, 2048]]}
0.0%	845 ns	1	845 ns	845 ns	845 ns	845 ns	0 ns	PushPop	:{'Module': 'LlamaForCausalLM.model.layers.4.mlp', 'Outputs': [[36, 2048]]}
0.0%	844 ns	1	844 ns	844 ns	844 ns	844 ns	0 ns	PushPop	:{'Module': 'LlamaForCausalLM.model.layers.14.mlp', 'Outputs': [[36, 2048]]}
0.0%	843 ns	1	843 ns	843 ns	843 ns	843 ns	0 ns	PushPop	:{'Module': 'LlamaForCausalLM.model.layers.14.mlp', 'Outputs': [[256, 2048]]}
0.0%	842 ns	1	842 ns	842 ns	842 ns	842 ns	0 ns	PushPop	:{'Module': 'LlamaForCausalLM.model.layers.12', 'Outputs': [[1873, 2048], [1873, 2048]]}
0.0%	842 ns	1	842 ns	842 ns	842 ns	842 ns	0 ns	PushPop	:{'Module': 'LlamaForCausalLM.model.layers.15.mlp', 'Outputs': [[1873, 2048]]}
0.0%	841 ns	1	841 ns	841 ns	841 ns	841 ns	0 ns	PushPop	:{'Module': 'LlamaForCausalLM.model.layers.15.self_attn', 'Outputs': [[52, 2048]]}
0.0%	840 ns	1	840 ns	840 ns	840 ns	840 ns	0 ns	PushPop	:{'Module': 'LlamaForCausalLM.model.layers.14.mlp', 'Outputs': [[68, 2048]]}
0.0%	839 ns	1	839 ns	839 ns	839 ns	839 ns	0 ns	PushPop	:{'Module': 'LlamaForCausalLM.model.layers.7.mlp', 'Outputs': [[4, 2048]]}
0.0%	838 ns	1	838 ns	838 ns	838 ns	838 ns	0 ns	PushPop	:{'Module': 'LlamaForCausalLM.model.layers.10.mlp', 'Outputs': [[84, 2048]]}
0.0%	838 ns	1	838 ns	838 ns	838 ns	838 ns	0 ns	PushPop	:{'Module': 'LlamaForCausalLM.model.layers.5.self_attn', 'Outputs': [[84, 2048]]}
0.0%	837 ns	1	837 ns	837 ns	837 ns	837 ns	0 ns	PushPop	:{'Module': 'LlamaForCausalLM.model.layers.8.mlp', 'Outputs': [[36, 2048]]}
0.0%	836 ns	1	836 ns	836 ns	836 ns	836 ns	0 ns	PushPop	:{'Module': 'LlamaForCausalLM.model.layers.12.mlp', 'Outputs': [[4, 2048]]}
0.0%	836 ns	1	836 ns	836 ns	836 ns	836 ns	0 ns	PushPop	:{'Module': 'LlamaForCausalLM.model.layers.12.self_attn', 'Outputs': [[52, 2048]]}
0.0%	836 ns	1	836 ns	836 ns	836 ns	836 ns	0 ns	PushPop	:{'Module': 'LlamaForCausalLM.model.layers.7.self_attn', 'Outputs': [[20, 2048]]}
0.0%	835 ns	1	835 ns	835 ns	835 ns	835 ns	0 ns	PushPop	:{'Module': 'LlamaForCausalLM.model.layers.1.mlp', 'Outputs': [[84, 2048]]}
0.0%	835 ns	1	835 ns	835 ns	835 ns	835 ns	0 ns	PushPop	:{'Module': 'LlamaForCausalLM.model.layers.12.mlp', 'Outputs': [[99, 2048]]}
0.0%	835 ns	1	835 ns	835 ns	835 ns	835 ns	0 ns	PushPop	:{'Module': 'LlamaForCausalLM.model.layers.2.self_attn', 'Outputs': [[36, 2048]]}
0.0%	834 ns	1	834 ns	834 ns	834 ns	834 ns	0 ns	PushPop	:{'Module': 'LlamaForCausalLM.model.layers.10.mlp', 'Outputs': [[99, 2048]]}
0.0%	833 ns	1	833 ns	833 ns	833 ns	833 ns	0 ns	PushPop	:{'Module': 'LlamaForCausalLM.model.layers.10.mlp', 'Outputs': [[68, 2048]]}
0.0%	832 ns	1	832 ns	832 ns	832 ns	832 ns	0 ns	PushPop	:{'Module': 'LlamaForCausalLM.model.layers.12.mlp', 'Outputs': [[36, 2048]]}
0.0%	831 ns	1	831 ns	831 ns	831 ns	831 ns	0 ns	PushPop	:{'Module': 'LlamaForCausalLM.model.layers.3.mlp', 'Outputs': [[4, 2048]]}
0.0%	831 ns	1	831 ns	831 ns	831 ns	831 ns	0 ns	PushPop	:{'Module': 'LlamaForCausalLM.model.layers.3.mlp', 'Outputs': [[52, 2048]]}
0.0%	829 ns	1	829 ns	829 ns	829 ns	829 ns	0 ns	PushPop	:{'Module': 'LlamaForCausalLM.model.layers.14.mlp', 'Outputs': [[20, 2048]]}
0.0%	827 ns	1	827 ns	827 ns	827 ns	827 ns	0 ns	PushPop	:{'Module': 'LlamaForCausalLM.model.layers.11.mlp', 'Outputs': [[52, 2048]]}
0.0%	825 ns	1	825 ns	825 ns	825 ns	825 ns	0 ns	PushPop	:{'Module': 'LlamaForCausalLM.model.layers.11.mlp', 'Outputs': [[256, 2048]]}
0.0%	824 ns	1	824 ns	824 ns	824 ns	824 ns	0 ns	PushPop	:{'Module': 'LlamaForCausalLM.model.layers.12.mlp', 'Outputs': [[256, 2048]]}
0.0%	822 ns	1	822 ns	822 ns	822 ns	822 ns	0 ns	PushPop	:{'Module': 'LlamaForCausalLM.model.layers.12.self_attn', 'Outputs': [[256, 2048]]}
0.0%	821 ns	1	821 ns	821 ns	821 ns	821 ns	0 ns	PushPop	:{'Module': 'LlamaForCausalLM.model.layers.12.self_attn', 'Outputs': [[20, 2048]]}
0.0%	818 ns	1	818 ns	818 ns	818 ns	818 ns	0 ns	PushPop	:{'Module': 'LlamaForCausalLM.model.layers.11.mlp', 'Outputs': [[20, 2048]]}
0.0%	816 ns	1	816 ns	816 ns	816 ns	816 ns	0 ns	PushPop	:{'Module': 'LlamaForCausalLM.model.layers.15.self_attn', 'Outputs': [[20, 2048]]}
0.0%	815 ns	1	815 ns	815 ns	815 ns	815 ns	0 ns	PushPop	:{'Module': 'LlamaForCausalLM.model.layers.5.mlp', 'Outputs': [[20, 2048]]}
0.0%	815 ns	1	815 ns	815 ns	815 ns	815 ns	0 ns	PushPop	:{'Module': 'LlamaForCausalLM.model.layers.6.mlp', 'Outputs': [[20, 2048]]}
0.0%	814 ns	1	814 ns	814 ns	814 ns	814 ns	0 ns	PushPop	:{'Module': 'LlamaForCausalLM.model.layers.8.mlp', 'Outputs': [[20, 2048]]}
0.0%	811 ns	1	811 ns	811 ns	811 ns	811 ns	0 ns	PushPop	:{'Module': 'LlamaForCausalLM.model.layers.15.self_attn', 'Outputs': [[256, 2048]]}
0.0%	809 ns	1	809 ns	809 ns	809 ns	809 ns	0 ns	PushPop	:{'Module': 'LlamaForCausalLM.model.layers.11.mlp', 'Outputs': [[36, 2048]]}
0.0%	809 ns	1	809 ns	809 ns	809 ns	809 ns	0 ns	PushPop	:{'Module': 'LlamaForCausalLM.model.layers.6.mlp', 'Outputs': [[4, 2048]]}
0.0%	804 ns	1	804 ns	804 ns	804 ns	804 ns	0 ns	PushPop	:{'Module': 'LlamaForCausalLM.model.layers.14.self_attn', 'Outputs': [[4, 2048]]}
0.0%	802 ns	1	802 ns	802 ns	802 ns	802 ns	0 ns	PushPop	:{'Module': 'LlamaForCausalLM.model.layers.12.mlp', 'Outputs': [[1873, 2048]]}
0.0%	801 ns	1	801 ns	801 ns	801 ns	801 ns	0 ns	PushPop	:{'Module': 'LlamaForCausalLM.model.layers.4.mlp', 'Outputs': [[4, 2048]]}
0.0%	799 ns	1	799 ns	799 ns	799 ns	799 ns	0 ns	PushPop	:{'Module': 'LlamaForCausalLM.model.layers.12.mlp', 'Outputs': [[84, 2048]]}
0.0%	795 ns	1	795 ns	795 ns	795 ns	795 ns	0 ns	PushPop	:{'Module': 'LlamaForCausalLM.model.layers.15.mlp', 'Outputs': [[20, 2048]]}
0.0%	791 ns	1	791 ns	791 ns	791 ns	791 ns	0 ns	PushPop	:{'Module': 'LlamaForCausalLM.model.layers.13.mlp', 'Outputs': [[36, 2048]]}
0.0%	791 ns	1	791 ns	791 ns	791 ns	791 ns	0 ns	PushPop	:{'Module': 'LlamaForCausalLM.model.layers.7.mlp', 'Outputs': [[52, 2048]]}
0.0%	787 ns	1	787 ns	787 ns	787 ns	787 ns	0 ns	PushPop	:{'Module': 'LlamaForCausalLM.model.layers.12.mlp', 'Outputs': [[20, 2048]]}
0.0%	786 ns	1	786 ns	786 ns	786 ns	786 ns	0 ns	PushPop	:{'Module': 'LlamaForCausalLM.model.layers.1.mlp', 'Outputs': [[4, 2048]]}
0.0%	782 ns	1	782 ns	782 ns	782 ns	782 ns	0 ns	PushPop	:{'Module': 'LlamaForCausalLM.model.layers.11', 'Outputs': [[20, 2048], [20, 2048]]}
0.0%	780 ns	1	780 ns	780 ns	780 ns	780 ns	0 ns	PushPop	:{'Module': 'LlamaForCausalLM.model.layers.4.mlp', 'Outputs': [[68, 2048]]}
0.0%	779 ns	1	779 ns	779 ns	779 ns	779 ns	0 ns	PushPop	:{'Module': 'LlamaForCausalLM.model.layers.1.mlp', 'Outputs': [[36, 2048]]}
0.0%	779 ns	1	779 ns	779 ns	779 ns	779 ns	0 ns	PushPop	:{'Module': 'LlamaForCausalLM.model.layers.5.mlp', 'Outputs': [[84, 2048]]}
0.0%	775 ns	1	775 ns	775 ns	775 ns	775 ns	0 ns	PushPop	:{'Module': 'LlamaForCausalLM.model.layers.14.mlp', 'Outputs': [[4, 2048]]}
0.0%	761 ns	1	761 ns	761 ns	761 ns	761 ns	0 ns	PushPop	:{'Module': 'LlamaForCausalLM.model.layers.15.mlp', 'Outputs': [[84, 2048]]}